order_number,product_key,customer_key,order_date,shipping_date,due_date,sales_amount,quantity,price
SO54496,282,5400,2013-03-16,2013-03-23,2013-03-28,25,1,25
SO54496,289,5400,2013-03-16,2013-03-23,2013-03-28,5,1,5
SO54496,259,5400,2013-03-16,2013-03-23,2013-03-28,2,1,2
SO54497,174,9281,2013-03-16,2013-03-23,2013-03-28,22,1,22
SO54497,280,9281,2013-03-16,2013-03-23,2013-03-28,9,1,9
SO54498,174,4825,2013-03-16,2013-03-23,2013-03-28,22,1,22
SO54498,277,4825,2013-03-16,2013-03-23,2013-03-28,54,1,54
SO54499,289,4286,2013-03-16,2013-03-23,2013-03-28,5,1,5
SO54499,246,4286,2013-03-16,2013-03-23,2013-03-28,35,1,35
SO54500,289,1472,2013-03-16,2013-03-23,2013-03-28,5,1,5
SO54500,284,1472,2013-03-16,2013-03-23,2013-03-28,35,1,35
SO54500,244,1472,2013-03-16,2013-03-23,2013-03-28,35,1,35
SO54500,166,1472,2013-03-16,2013-03-23,2013-03-28,9,1,9
SO54501,290,2777,2013-03-16,2013-03-23,2013-03-28,4,1,4
SO54501,287,2777,2013-03-16,2013-03-23,2013-03-28,33,1,33
SO54502,286,5302,2013-03-16,2013-03-23,2013-03-28,25,1,25
SO54502,290,5302,2013-03-16,2013-03-23,2013-03-28,4,1,4
SO54502,166,5302,2013-03-16,2013-03-23,2013-03-28,9,1,9
SO54502,245,5302,2013-03-16,2013-03-23,2013-03-28,35,1,35
SO54503,290,582,2013-03-16,2013-03-23,2013-03-28,4,1,4
SO54503,259,582,2013-03-16,2013-03-23,2013-03-28,2,1,2
SO54504,290,9149,2013-03-16,2013-03-23,2013-03-28,4,1,4
SO54504,259,9149,2013-03-16,2013-03-23,2013-03-28,2,1,2
SO54505,283,3822,2013-03-16,2013-03-23,2013-03-28,30,1,30
SO54506,290,14527,2013-03-16,2013-03-23,2013-03-28,4,1,4
SO54506,285,14527,2013-03-16,2013-03-23,2013-03-28,21,1,21
SO54506,246,14527,2013-03-16,2013-03-23,2013-03-28,35,1,35
SO54507,285,16815,2013-03-16,2013-03-23,2013-03-28,21,1,21
SO54507,259,16815,2013-03-16,2013-03-23,2013-03-28,2,1,2
SO54507,281,16815,2013-03-16,2013-03-23,2013-03-28,159,1,159
SO54508,284,13,2013-03-16,2013-03-23,2013-03-28,35,1,35
SO54508,289,13,2013-03-16,2013-03-23,2013-03-28,5,1,5
SO54508,244,13,2013-03-16,2013-03-23,2013-03-28,35,1,35
SO54509,284,732,2013-03-16,2013-03-23,2013-03-28,35,1,35
SO54509,289,732,2013-03-16,2013-03-23,2013-03-28,5,1,5
SO54509,174,732,2013-03-16,2013-03-23,2013-03-28,22,1,22
SO54509,234,732,2013-03-16,2013-03-23,2013-03-28,24,1,24
SO54510,284,3354,2013-03-16,2013-03-23,2013-03-28,35,1,35
SO54510,289,3354,2013-03-16,2013-03-23,2013-03-28,5,1,5
SO54510,246,3354,2013-03-16,2013-03-23,2013-03-28,35,1,35
SO54511,105,348,2013-03-16,2013-03-23,2013-03-28,9,1,9
SO54511,295,348,2013-03-16,2013-03-23,2013-03-28,5,1,5
SO54512,136,5897,2013-03-16,2013-03-23,2013-03-28,1701,1,1701
SO54512,295,5897,2013-03-16,2013-03-23,2013-03-28,5,1,5
SO54512,105,5897,2013-03-16,2013-03-23,2013-03-28,9,1,9
SO54513,136,3084,2013-03-16,2013-03-23,2013-03-28,1701,1,1701
SO54513,251,3084,2013-03-16,2013-03-23,2013-03-28,50,1,50
SO54514,117,3104,2013-03-16,2013-03-23,2013-03-28,769,1,769
SO54514,104,3104,2013-03-16,2013-03-23,2013-03-28,10,1,10
SO54514,295,3104,2013-03-16,2013-03-23,2013-03-28,5,1,5
SO54515,126,9425,2013-03-16,2013-03-23,2013-03-28,540,1,540
SO54515,295,9425,2013-03-16,2013-03-23,2013-03-28,5,1,5
SO54515,105,9425,2013-03-16,2013-03-23,2013-03-28,9,1,9
SO54516,127,9817,2013-03-16,2013-03-23,2013-03-28,540,1,540
SO54516,285,9817,2013-03-16,2013-03-23,2013-03-28,21,1,21
SO54516,290,9817,2013-03-16,2013-03-23,2013-03-28,4,1,4
SO54516,245,9817,2013-03-16,2013-03-23,2013-03-28,35,1,35
SO54516,250,9817,2013-03-16,2013-03-23,2013-03-28,50,1,50
SO54517,166,17829,2013-03-16,2013-03-23,2013-03-28,9,1,9
SO54517,150,17829,2013-03-16,2013-03-23,2013-03-28,742,1,742
SO54518,144,15330,2013-03-16,2013-03-23,2013-03-28,742,1,742
SO54518,105,15330,2013-03-16,2013-03-23,2013-03-28,9,1,9
SO54518,295,15330,2013-03-16,2013-03-23,2013-03-28,5,1,5
SO54518,247,15330,2013-03-16,2013-03-23,2013-03-28,55,1,55
SO54519,121,98,2013-03-16,2013-03-23,2013-03-28,2295,1,2295
SO54519,104,98,2013-03-16,2013-03-23,2013-03-28,10,1,10
SO54520,155,14367,2013-03-16,2013-03-23,2013-03-28,1215,1,1215
SO54520,288,14367,2013-03-16,2013-03-23,2013-03-28,29,1,29
SO54521,126,10655,2013-03-16,2013-03-23,2013-03-28,540,1,540
SO54521,105,10655,2013-03-16,2013-03-23,2013-03-28,9,1,9
SO54521,295,10655,2013-03-16,2013-03-23,2013-03-28,5,1,5
SO54521,250,10655,2013-03-16,2013-03-23,2013-03-28,50,1,50
SO54522,128,18401,2013-03-16,2013-03-23,2013-03-28,540,1,540
SO54522,295,18401,2013-03-16,2013-03-23,2013-03-28,5,1,5
SO54522,105,18401,2013-03-16,2013-03-23,2013-03-28,9,1,9
SO54522,294,18401,2013-03-16,2013-03-23,2013-03-28,64,1,64
SO54523,134,16144,2013-03-16,2013-03-23,2013-03-28,1120,1,1120
SO54523,105,16144,2013-03-16,2013-03-23,2013-03-28,9,1,9
SO54523,295,16144,2013-03-16,2013-03-23,2013-03-28,5,1,5
SO54523,246,16144,2013-03-16,2013-03-23,2013-03-28,35,1,35
SO54524,165,1631,2013-03-16,2013-03-23,2013-03-28,2384,1,2384
SO54524,246,1631,2013-03-16,2013-03-23,2013-03-28,35,1,35
SO54525,158,13106,2013-03-16,2013-03-23,2013-03-28,2384,1,2384
SO54525,245,13106,2013-03-16,2013-03-23,2013-03-28,35,1,35
SO54526,116,51,2013-03-16,2013-03-23,2013-03-28,769,1,769
SO54526,174,51,2013-03-16,2013-03-23,2013-03-28,22,1,22
SO54526,292,51,2013-03-16,2013-03-23,2013-03-28,64,1,64
SO54527,134,12415,2013-03-17,2013-03-24,2013-03-29,1120,1,1120
SO54527,246,12415,2013-03-17,2013-03-24,2013-03-29,35,1,35
SO54527,276,12415,2013-03-17,2013-03-24,2013-03-29,54,1,54
SO54528,123,1134,2013-03-17,2013-03-24,2013-03-29,2320,1,2320
SO54528,174,1134,2013-03-17,2013-03-24,2013-03-29,22,1,22
SO54528,104,1134,2013-03-17,2013-03-24,2013-03-29,10,1,10
SO54528,295,1134,2013-03-17,2013-03-24,2013-03-29,5,1,5
SO54528,246,1134,2013-03-17,2013-03-24,2013-03-29,35,1,35
SO54528,250,1134,2013-03-17,2013-03-24,2013-03-29,50,1,50
SO54529,282,3100,2013-03-17,2013-03-24,2013-03-29,25,1,25
SO54529,259,3100,2013-03-17,2013-03-24,2013-03-29,2,1,2
SO54530,166,2182,2013-03-17,2013-03-24,2013-03-29,9,1,9
SO54530,260,2182,2013-03-17,2013-03-24,2013-03-29,120,1,120
SO54531,272,15774,2013-03-17,2013-03-24,2013-03-29,70,1,70
SO54532,290,2642,2013-03-17,2013-03-24,2013-03-29,4,1,4
SO54532,246,2642,2013-03-17,2013-03-24,2013-03-29,35,1,35
SO54532,277,2642,2013-03-17,2013-03-24,2013-03-29,54,1,54
SO54532,233,2642,2013-03-17,2013-03-24,2013-03-29,24,1,24
SO54533,249,3060,2013-03-17,2013-03-24,2013-03-29,50,1,50
SO54533,233,3060,2013-03-17,2013-03-24,2013-03-29,24,1,24
SO54534,290,2628,2013-03-17,2013-03-24,2013-03-29,4,1,4
SO54534,278,2628,2013-03-17,2013-03-24,2013-03-29,54,1,54
SO54534,166,2628,2013-03-17,2013-03-24,2013-03-29,9,1,9
SO54535,139,12777,2013-03-17,2013-03-24,2013-03-29,2443,1,2443
SO54535,246,12777,2013-03-17,2013-03-24,2013-03-29,35,1,35
SO54536,117,17905,2013-03-17,2013-03-24,2013-03-29,769,1,769
SO54536,283,17905,2013-03-17,2013-03-24,2013-03-29,30,1,30
SO54537,290,181,2013-03-17,2013-03-24,2013-03-29,4,1,4
SO54537,244,181,2013-03-17,2013-03-24,2013-03-29,35,1,35
SO54538,291,16632,2013-03-17,2013-03-24,2013-03-29,5,1,5
SO54538,288,16632,2013-03-17,2013-03-24,2013-03-29,29,1,29
SO54539,285,16741,2013-03-17,2013-03-24,2013-03-29,21,1,21
SO54539,290,16741,2013-03-17,2013-03-24,2013-03-29,4,1,4
SO54540,285,16026,2013-03-17,2013-03-24,2013-03-29,21,1,21
SO54540,259,16026,2013-03-17,2013-03-24,2013-03-29,2,1,2
SO54541,288,15176,2013-03-17,2013-03-24,2013-03-29,29,1,29
SO54541,291,15176,2013-03-17,2013-03-24,2013-03-29,5,1,5
SO54541,247,15176,2013-03-17,2013-03-24,2013-03-29,55,1,55
SO54542,290,17683,2013-03-17,2013-03-24,2013-03-29,4,1,4
SO54542,286,17683,2013-03-17,2013-03-24,2013-03-29,25,1,25
SO54542,244,17683,2013-03-17,2013-03-24,2013-03-29,35,1,35
SO54543,287,14153,2013-03-17,2013-03-24,2013-03-29,33,1,33
SO54543,259,14153,2013-03-17,2013-03-24,2013-03-29,2,1,2
SO54544,287,13451,2013-03-17,2013-03-24,2013-03-29,33,1,33
SO54544,244,13451,2013-03-17,2013-03-24,2013-03-29,35,1,35
SO54545,235,13315,2013-03-17,2013-03-24,2013-03-29,24,1,24
SO54545,287,13315,2013-03-17,2013-03-24,2013-03-29,33,1,33
SO54546,283,12133,2013-03-17,2013-03-24,2013-03-29,30,1,30
SO54546,259,12133,2013-03-17,2013-03-24,2013-03-29,2,1,2
SO54546,168,12133,2013-03-17,2013-03-24,2013-03-29,8,1,8
SO54546,260,12133,2013-03-17,2013-03-24,2013-03-29,120,1,120
SO54547,289,12895,2013-03-17,2013-03-24,2013-03-29,5,1,5
SO54547,283,12895,2013-03-17,2013-03-24,2013-03-29,30,1,30
SO54547,244,12895,2013-03-17,2013-03-24,2013-03-29,35,1,35
SO54548,289,741,2013-03-17,2013-03-24,2013-03-29,5,1,5
SO54548,283,741,2013-03-17,2013-03-24,2013-03-29,30,1,30
SO54548,259,741,2013-03-17,2013-03-24,2013-03-29,2,1,2
SO54549,283,7555,2013-03-17,2013-03-24,2013-03-29,30,1,30
SO54549,289,7555,2013-03-17,2013-03-24,2013-03-29,5,1,5
SO54549,246,7555,2013-03-17,2013-03-24,2013-03-29,35,1,35
SO54550,283,186,2013-03-17,2013-03-24,2013-03-29,30,1,30
SO54550,289,186,2013-03-17,2013-03-24,2013-03-29,5,1,5
SO54550,246,186,2013-03-17,2013-03-24,2013-03-29,35,1,35
SO54551,104,12252,2013-03-17,2013-03-24,2013-03-29,10,1,10
SO54551,244,12252,2013-03-17,2013-03-24,2013-03-29,35,1,35
SO54552,104,2186,2013-03-17,2013-03-24,2013-03-29,10,1,10
SO54552,295,2186,2013-03-17,2013-03-24,2013-03-29,5,1,5
SO54552,247,2186,2013-03-17,2013-03-24,2013-03-29,55,1,55
SO54553,104,10699,2013-03-17,2013-03-24,2013-03-29,10,1,10
SO54553,295,10699,2013-03-17,2013-03-24,2013-03-29,5,1,5
SO54554,272,8853,2013-03-17,2013-03-24,2013-03-29,70,1,70
SO54555,272,7524,2013-03-17,2013-03-24,2013-03-29,70,1,70
SO54555,250,7524,2013-03-17,2013-03-24,2013-03-29,50,1,50
SO54555,166,7524,2013-03-17,2013-03-24,2013-03-29,9,1,9
SO54556,295,7553,2013-03-17,2013-03-24,2013-03-29,5,1,5
SO54557,295,7375,2013-03-17,2013-03-24,2013-03-29,5,1,5
SO54557,168,7375,2013-03-17,2013-03-24,2013-03-29,8,1,8
SO54558,295,6432,2013-03-17,2013-03-24,2013-03-29,5,1,5
SO54559,295,6489,2013-03-17,2013-03-24,2013-03-29,5,1,5
SO54560,289,5045,2013-03-17,2013-03-24,2013-03-29,5,1,5
SO54560,294,5045,2013-03-17,2013-03-24,2013-03-29,64,1,64
SO54561,290,5296,2013-03-17,2013-03-24,2013-03-29,4,1,4
SO54561,286,5296,2013-03-17,2013-03-24,2013-03-29,25,1,25
SO54561,244,5296,2013-03-17,2013-03-24,2013-03-29,35,1,35
SO54561,250,5296,2013-03-17,2013-03-24,2013-03-29,50,1,50
SO54561,234,5296,2013-03-17,2013-03-24,2013-03-29,24,1,24
SO54562,289,2765,2013-03-17,2013-03-24,2013-03-29,5,1,5
SO54562,284,2765,2013-03-17,2013-03-24,2013-03-29,35,1,35
SO54562,246,2765,2013-03-17,2013-03-24,2013-03-29,35,1,35
SO54563,286,3812,2013-03-17,2013-03-24,2013-03-29,25,1,25
SO54563,290,3812,2013-03-17,2013-03-24,2013-03-29,4,1,4
SO54563,168,3812,2013-03-17,2013-03-24,2013-03-29,8,1,8
SO54564,285,16002,2013-03-17,2013-03-24,2013-03-29,21,1,21
SO54564,166,16002,2013-03-17,2013-03-24,2013-03-29,9,1,9
SO54565,288,3536,2013-03-17,2013-03-24,2013-03-29,29,1,29
SO54566,291,16837,2013-03-17,2013-03-24,2013-03-29,5,1,5
SO54567,291,16927,2013-03-17,2013-03-24,2013-03-29,5,1,5
SO54568,291,17424,2013-03-17,2013-03-24,2013-03-29,5,1,5
SO54568,288,17424,2013-03-17,2013-03-24,2013-03-29,29,1,29
SO54569,291,15842,2013-03-17,2013-03-24,2013-03-29,5,1,5
SO54569,288,15842,2013-03-17,2013-03-24,2013-03-29,29,1,29
SO54569,166,15842,2013-03-17,2013-03-24,2013-03-29,9,1,9
SO54569,244,15842,2013-03-17,2013-03-24,2013-03-29,35,1,35
SO54570,288,1569,2013-03-17,2013-03-24,2013-03-29,29,1,29
SO54570,291,1569,2013-03-17,2013-03-24,2013-03-29,5,1,5
SO54570,234,1569,2013-03-17,2013-03-24,2013-03-29,24,1,24
SO54571,108,4861,2013-03-17,2013-03-24,2013-03-29,540,1,540
SO54572,117,2939,2013-03-17,2013-03-24,2013-03-29,769,1,769
SO54572,283,2939,2013-03-17,2013-03-24,2013-03-29,30,1,30
SO54572,289,2939,2013-03-17,2013-03-24,2013-03-29,5,1,5
SO54572,246,2939,2013-03-17,2013-03-24,2013-03-29,35,1,35
SO54572,250,2939,2013-03-17,2013-03-24,2013-03-29,50,1,50
SO54573,120,1190,2013-03-17,2013-03-24,2013-03-29,2295,1,2295
SO54573,174,1190,2013-03-17,2013-03-24,2013-03-29,22,1,22
SO54573,247,1190,2013-03-17,2013-03-24,2013-03-29,55,1,55
SO54574,125,1711,2013-03-17,2013-03-24,2013-03-29,2320,1,2320
SO54574,245,1711,2013-03-17,2013-03-24,2013-03-29,35,1,35
SO54575,137,7740,2013-03-17,2013-03-24,2013-03-29,1701,1,1701
SO54575,290,7740,2013-03-17,2013-03-24,2013-03-29,4,1,4
SO54575,286,7740,2013-03-17,2013-03-24,2013-03-29,25,1,25
SO54575,293,7740,2013-03-17,2013-03-24,2013-03-29,64,1,64
SO54576,127,15775,2013-03-17,2013-03-24,2013-03-29,540,1,540
SO54576,280,15775,2013-03-17,2013-03-24,2013-03-29,9,1,9
SO54577,142,7738,2013-03-17,2013-03-24,2013-03-29,2443,1,2443
SO54578,143,7748,2013-03-17,2013-03-24,2013-03-29,2443,1,2443
SO54578,105,7748,2013-03-17,2013-03-24,2013-03-29,9,1,9
SO54578,295,7748,2013-03-17,2013-03-24,2013-03-29,5,1,5
SO54578,277,7748,2013-03-17,2013-03-24,2013-03-29,54,1,54
SO54579,140,7711,2013-03-17,2013-03-24,2013-03-29,2443,1,2443
SO54579,105,7711,2013-03-17,2013-03-24,2013-03-29,9,1,9
SO54579,295,7711,2013-03-17,2013-03-24,2013-03-29,5,1,5
SO54579,278,7711,2013-03-17,2013-03-24,2013-03-29,54,1,54
SO54579,166,7711,2013-03-17,2013-03-24,2013-03-29,9,1,9
SO54580,149,17842,2013-03-17,2013-03-24,2013-03-29,742,1,742
SO54580,105,17842,2013-03-17,2013-03-24,2013-03-29,9,1,9
SO54580,295,17842,2013-03-17,2013-03-24,2013-03-29,5,1,5
SO54581,150,5755,2013-03-17,2013-03-24,2013-03-29,742,1,742
SO54581,105,5755,2013-03-17,2013-03-24,2013-03-29,9,1,9
SO54581,295,5755,2013-03-17,2013-03-24,2013-03-29,5,1,5
SO54582,125,907,2013-03-17,2013-03-24,2013-03-29,2320,1,2320
SO54582,174,907,2013-03-17,2013-03-24,2013-03-29,22,1,22
SO54582,104,907,2013-03-17,2013-03-24,2013-03-29,10,1,10
SO54582,295,907,2013-03-17,2013-03-24,2013-03-29,5,1,5
SO54582,245,907,2013-03-17,2013-03-24,2013-03-29,35,1,35
SO54583,159,13735,2013-03-17,2013-03-24,2013-03-29,2384,1,2384
SO54583,295,13735,2013-03-17,2013-03-24,2013-03-29,5,1,5
SO54583,105,13735,2013-03-17,2013-03-24,2013-03-29,9,1,9
SO54583,244,13735,2013-03-17,2013-03-24,2013-03-29,35,1,35
SO54583,248,13735,2013-03-17,2013-03-24,2013-03-29,50,1,50
SO54583,166,13735,2013-03-17,2013-03-24,2013-03-29,9,1,9
SO54584,128,10904,2013-03-17,2013-03-24,2013-03-29,540,1,540
SO54584,166,10904,2013-03-17,2013-03-24,2013-03-29,9,1,9
SO54585,139,7496,2013-03-18,2013-03-25,2013-03-30,2443,1,2443
SO54586,143,7497,2013-03-18,2013-03-25,2013-03-30,2443,1,2443
SO54586,290,7497,2013-03-18,2013-03-25,2013-03-30,4,1,4
SO54586,294,7497,2013-03-18,2013-03-25,2013-03-30,64,1,64
SO54586,287,7497,2013-03-18,2013-03-25,2013-03-30,33,1,33
SO54587,133,5516,2013-03-18,2013-03-25,2013-03-30,1120,1,1120
SO54587,246,5516,2013-03-18,2013-03-25,2013-03-30,35,1,35
SO54588,132,13890,2013-03-18,2013-03-25,2013-03-30,1120,1,1120
SO54588,286,13890,2013-03-18,2013-03-25,2013-03-30,25,1,25
SO54588,290,13890,2013-03-18,2013-03-25,2013-03-30,4,1,4
SO54588,260,13890,2013-03-18,2013-03-25,2013-03-30,120,1,120
SO54589,120,576,2013-03-18,2013-03-25,2013-03-30,2295,1,2295
SO54590,123,565,2013-03-18,2013-03-25,2013-03-30,2320,1,2320
SO54591,289,11007,2013-03-18,2013-03-25,2013-03-30,5,1,5
SO54591,284,11007,2013-03-18,2013-03-25,2013-03-30,35,1,35
SO54591,259,11007,2013-03-18,2013-03-25,2013-03-30,2,1,2
SO54592,289,10407,2013-03-18,2013-03-25,2013-03-30,5,1,5
SO54592,284,10407,2013-03-18,2013-03-25,2013-03-30,35,1,35
SO54592,244,10407,2013-03-18,2013-03-25,2013-03-30,35,1,35
SO54593,104,72,2013-03-18,2013-03-25,2013-03-30,10,1,10
SO54593,295,72,2013-03-18,2013-03-25,2013-03-30,5,1,5
SO54594,168,115,2013-03-18,2013-03-25,2013-03-30,8,1,8
SO54595,290,15785,2013-03-18,2013-03-25,2013-03-30,4,1,4
SO54595,244,15785,2013-03-18,2013-03-25,2013-03-30,35,1,35
SO54595,248,15785,2013-03-18,2013-03-25,2013-03-30,50,1,50
SO54596,259,1037,2013-03-18,2013-03-25,2013-03-30,2,1,2
SO54597,281,3313,2013-03-18,2013-03-25,2013-03-30,159,1,159
SO54598,136,10104,2013-03-18,2013-03-25,2013-03-30,1701,1,1701
SO54598,295,10104,2013-03-18,2013-03-25,2013-03-30,5,1,5
SO54598,105,10104,2013-03-18,2013-03-25,2013-03-30,9,1,9
SO54598,166,10104,2013-03-18,2013-03-25,2013-03-30,9,1,9
SO54599,135,6636,2013-03-18,2013-03-25,2013-03-30,1701,1,1701
SO54599,166,6636,2013-03-18,2013-03-25,2013-03-30,9,1,9
SO54600,107,3957,2013-03-18,2013-03-25,2013-03-30,540,1,540
SO54600,282,3957,2013-03-18,2013-03-25,2013-03-30,25,1,25
SO54600,259,3957,2013-03-18,2013-03-25,2013-03-30,2,1,2
SO54601,142,16938,2013-03-18,2013-03-25,2013-03-30,2443,1,2443
SO54601,287,16938,2013-03-18,2013-03-25,2013-03-30,33,1,33
SO54601,290,16938,2013-03-18,2013-03-25,2013-03-30,4,1,4
SO54601,259,16938,2013-03-18,2013-03-25,2013-03-30,2,1,2
SO54601,281,16938,2013-03-18,2013-03-25,2013-03-30,159,1,159
SO54602,141,1324,2013-03-18,2013-03-25,2013-03-30,2443,1,2443
SO54602,105,1324,2013-03-18,2013-03-25,2013-03-30,9,1,9
SO54602,295,1324,2013-03-18,2013-03-25,2013-03-30,5,1,5
SO54602,245,1324,2013-03-18,2013-03-25,2013-03-30,35,1,35
SO54602,166,1324,2013-03-18,2013-03-25,2013-03-30,9,1,9
SO54603,125,604,2013-03-18,2013-03-25,2013-03-30,2320,1,2320
SO54604,124,2561,2013-03-18,2013-03-25,2013-03-30,2320,1,2320
SO54604,104,2561,2013-03-18,2013-03-25,2013-03-30,10,1,10
SO54604,295,2561,2013-03-18,2013-03-25,2013-03-30,5,1,5
SO54605,290,200,2013-03-18,2013-03-25,2013-03-30,4,1,4
SO54605,259,200,2013-03-18,2013-03-25,2013-03-30,2,1,2
SO54606,166,17144,2013-03-18,2013-03-25,2013-03-30,9,1,9
SO54606,291,17144,2013-03-18,2013-03-25,2013-03-30,5,1,5
SO54607,249,1065,2013-03-18,2013-03-25,2013-03-30,50,1,50
SO54607,235,1065,2013-03-18,2013-03-25,2013-03-30,24,1,24
SO54608,286,17982,2013-03-18,2013-03-25,2013-03-30,25,1,25
SO54608,259,17982,2013-03-18,2013-03-25,2013-03-30,2,1,2
SO54609,285,8224,2013-03-18,2013-03-25,2013-03-30,21,1,21
SO54610,290,503,2013-03-18,2013-03-25,2013-03-30,4,1,4
SO54610,286,503,2013-03-18,2013-03-25,2013-03-30,25,1,25
SO54610,244,503,2013-03-18,2013-03-25,2013-03-30,35,1,35
SO54610,277,503,2013-03-18,2013-03-25,2013-03-30,54,1,54
SO54611,283,8837,2013-03-18,2013-03-25,2013-03-30,30,1,30
SO54611,279,8837,2013-03-18,2013-03-25,2013-03-30,9,1,9
SO54612,289,825,2013-03-18,2013-03-25,2013-03-30,5,1,5
SO54612,283,825,2013-03-18,2013-03-25,2013-03-30,30,1,30
SO54612,244,825,2013-03-18,2013-03-25,2013-03-30,35,1,35
SO54613,104,11010,2013-03-18,2013-03-25,2013-03-30,10,1,10
SO54614,289,8016,2013-03-18,2013-03-25,2013-03-30,5,1,5
SO54614,283,8016,2013-03-18,2013-03-25,2013-03-30,30,1,30
SO54614,245,8016,2013-03-18,2013-03-25,2013-03-30,35,1,35
SO54614,235,8016,2013-03-18,2013-03-25,2013-03-30,24,1,24
SO54615,289,11227,2013-03-18,2013-03-25,2013-03-30,5,1,5
SO54615,283,11227,2013-03-18,2013-03-25,2013-03-30,30,1,30
SO54616,283,12052,2013-03-18,2013-03-25,2013-03-30,30,1,30
SO54616,289,12052,2013-03-18,2013-03-25,2013-03-30,5,1,5
SO54617,295,3503,2013-03-18,2013-03-25,2013-03-30,5,1,5
SO54617,104,3503,2013-03-18,2013-03-25,2013-03-30,10,1,10
SO54618,104,3726,2013-03-18,2013-03-25,2013-03-30,10,1,10
SO54618,295,3726,2013-03-18,2013-03-25,2013-03-30,5,1,5
SO54618,247,3726,2013-03-18,2013-03-25,2013-03-30,55,1,55
SO54619,274,9309,2013-03-18,2013-03-25,2013-03-30,70,1,70
SO54620,274,9122,2013-03-18,2013-03-25,2013-03-30,70,1,70
SO54621,273,7522,2013-03-18,2013-03-25,2013-03-30,70,1,70
SO54621,250,7522,2013-03-18,2013-03-25,2013-03-30,50,1,50
SO54622,273,7602,2013-03-18,2013-03-25,2013-03-30,70,1,70
SO54623,295,12799,2013-03-18,2013-03-25,2013-03-30,5,1,5
SO54623,247,12799,2013-03-18,2013-03-25,2013-03-30,55,1,55
SO54623,168,12799,2013-03-18,2013-03-25,2013-03-30,8,1,8
SO54624,295,5966,2013-03-18,2013-03-25,2013-03-30,5,1,5
SO54624,245,5966,2013-03-18,2013-03-25,2013-03-30,35,1,35
SO54625,289,4407,2013-03-18,2013-03-25,2013-03-30,5,1,5
SO54625,259,4407,2013-03-18,2013-03-25,2013-03-30,2,1,2
SO54626,289,16301,2013-03-18,2013-03-25,2013-03-30,5,1,5
SO54626,259,16301,2013-03-18,2013-03-25,2013-03-30,2,1,2
SO54627,174,7920,2013-03-18,2013-03-25,2013-03-30,22,1,22
SO54627,244,7920,2013-03-18,2013-03-25,2013-03-30,35,1,35
SO54627,248,7920,2013-03-18,2013-03-25,2013-03-30,50,1,50
SO54628,289,5060,2013-03-18,2013-03-25,2013-03-30,5,1,5
SO54628,174,5060,2013-03-18,2013-03-25,2013-03-30,22,1,22
SO54628,260,5060,2013-03-18,2013-03-25,2013-03-30,120,1,120
SO54629,174,9087,2013-03-18,2013-03-25,2013-03-30,22,1,22
SO54629,244,9087,2013-03-18,2013-03-25,2013-03-30,35,1,35
SO54630,290,6632,2013-03-18,2013-03-25,2013-03-30,4,1,4
SO54630,244,6632,2013-03-18,2013-03-25,2013-03-30,35,1,35
SO54630,249,6632,2013-03-18,2013-03-25,2013-03-30,50,1,50
SO54630,166,6632,2013-03-18,2013-03-25,2013-03-30,9,1,9
SO54631,295,1491,2013-03-18,2013-03-25,2013-03-30,5,1,5
SO54631,276,1491,2013-03-18,2013-03-25,2013-03-30,54,1,54
SO54632,290,15897,2013-03-18,2013-03-25,2013-03-30,4,1,4
SO54632,279,15897,2013-03-18,2013-03-25,2013-03-30,9,1,9
SO54633,288,3547,2013-03-18,2013-03-25,2013-03-30,29,1,29
SO54634,291,5191,2013-03-18,2013-03-25,2013-03-30,5,1,5
SO54634,259,5191,2013-03-18,2013-03-25,2013-03-30,2,1,2
SO54635,291,1829,2013-03-18,2013-03-25,2013-03-30,5,1,5
SO54635,249,1829,2013-03-18,2013-03-25,2013-03-30,50,1,50
SO54636,289,846,2013-03-18,2013-03-25,2013-03-30,5,1,5
SO54636,284,846,2013-03-18,2013-03-25,2013-03-30,35,1,35
SO54636,259,846,2013-03-18,2013-03-25,2013-03-30,2,1,2
SO54637,174,1532,2013-03-18,2013-03-25,2013-03-30,22,1,22
SO54638,174,2071,2013-03-18,2013-03-25,2013-03-30,22,1,22
SO54638,244,2071,2013-03-18,2013-03-25,2013-03-30,35,1,35
SO54639,138,9665,2013-03-18,2013-03-25,2013-03-30,1701,1,1701
SO54639,286,9665,2013-03-18,2013-03-25,2013-03-30,25,1,25
SO54639,290,9665,2013-03-18,2013-03-25,2013-03-30,4,1,4
SO54639,245,9665,2013-03-18,2013-03-25,2013-03-30,35,1,35
SO54640,135,1766,2013-03-18,2013-03-25,2013-03-30,1701,1,1701
SO54640,250,1766,2013-03-18,2013-03-25,2013-03-30,50,1,50
SO54641,106,2067,2013-03-18,2013-03-25,2013-03-30,540,1,540
SO54641,295,2067,2013-03-18,2013-03-25,2013-03-30,5,1,5
SO54641,104,2067,2013-03-18,2013-03-25,2013-03-30,10,1,10
SO54641,245,2067,2013-03-18,2013-03-25,2013-03-30,35,1,35
SO54642,114,8022,2013-03-18,2013-03-25,2013-03-30,565,1,565
SO54642,104,8022,2013-03-18,2013-03-25,2013-03-30,10,1,10
SO54642,295,8022,2013-03-18,2013-03-25,2013-03-30,5,1,5
SO54642,245,8022,2013-03-18,2013-03-25,2013-03-30,35,1,35
SO54643,117,2891,2013-03-18,2013-03-25,2013-03-30,769,1,769
SO54643,174,2891,2013-03-18,2013-03-25,2013-03-30,22,1,22
SO54643,280,2891,2013-03-18,2013-03-25,2013-03-30,9,1,9
SO54644,120,1170,2013-03-18,2013-03-25,2013-03-30,2295,1,2295
SO54644,284,1170,2013-03-18,2013-03-25,2013-03-30,35,1,35
SO54644,289,1170,2013-03-18,2013-03-25,2013-03-30,5,1,5
SO54644,244,1170,2013-03-18,2013-03-25,2013-03-30,35,1,35
SO54645,122,1173,2013-03-18,2013-03-25,2013-03-30,2295,1,2295
SO54645,174,1173,2013-03-18,2013-03-25,2013-03-30,22,1,22
SO54645,244,1173,2013-03-18,2013-03-25,2013-03-30,35,1,35
SO54646,122,1185,2013-03-18,2013-03-25,2013-03-30,2295,1,2295
SO54646,259,1185,2013-03-18,2013-03-25,2013-03-30,2,1,2
SO54647,122,1113,2013-03-18,2013-03-25,2013-03-30,2295,1,2295
SO54647,174,1113,2013-03-18,2013-03-25,2013-03-30,22,1,22
SO54647,246,1113,2013-03-18,2013-03-25,2013-03-30,35,1,35
SO54648,124,889,2013-03-18,2013-03-25,2013-03-30,2320,1,2320
SO54648,174,889,2013-03-18,2013-03-25,2013-03-30,22,1,22
SO54648,246,889,2013-03-18,2013-03-25,2013-03-30,35,1,35
SO54649,141,7694,2013-03-18,2013-03-25,2013-03-30,2443,1,2443
SO54650,159,17936,2013-03-18,2013-03-25,2013-03-30,2384,1,2384
SO54650,245,17936,2013-03-18,2013-03-25,2013-03-30,35,1,35
SO54651,154,14205,2013-03-18,2013-03-25,2013-03-30,1215,1,1215
SO54651,244,14205,2013-03-18,2013-03-25,2013-03-30,35,1,35
SO54652,126,11043,2013-03-18,2013-03-25,2013-03-30,540,1,540
SO54653,133,8550,2013-03-18,2013-03-25,2013-03-30,1120,1,1120
SO54653,278,8550,2013-03-18,2013-03-25,2013-03-30,54,1,54
SO54653,166,8550,2013-03-18,2013-03-25,2013-03-30,9,1,9
SO54654,134,3736,2013-03-18,2013-03-25,2013-03-30,1120,1,1120
SO54654,244,3736,2013-03-18,2013-03-25,2013-03-30,35,1,35
SO54655,133,2149,2013-03-18,2013-03-25,2013-03-30,1120,1,1120
SO54655,105,2149,2013-03-18,2013-03-25,2013-03-30,9,1,9
SO54655,168,2149,2013-03-18,2013-03-25,2013-03-30,8,1,8
SO54656,165,4115,2013-03-18,2013-03-25,2013-03-30,2384,1,2384
SO54656,291,4115,2013-03-18,2013-03-25,2013-03-30,5,1,5
SO54656,288,4115,2013-03-18,2013-03-25,2013-03-30,29,1,29
SO54656,259,4115,2013-03-18,2013-03-25,2013-03-30,2,1,2
SO54657,140,7488,2013-03-19,2013-03-26,2013-03-31,2443,1,2443
SO54658,143,7494,2013-03-19,2013-03-26,2013-03-31,2443,1,2443
SO54658,168,7494,2013-03-19,2013-03-26,2013-03-31,8,1,8
SO54659,123,1806,2013-03-19,2013-03-26,2013-03-31,2320,1,2320
SO54659,284,1806,2013-03-19,2013-03-26,2013-03-31,35,1,35
SO54660,123,1317,2013-03-19,2013-03-26,2013-03-31,2320,1,2320
SO54660,104,1317,2013-03-19,2013-03-26,2013-03-31,10,1,10
SO54660,295,1317,2013-03-19,2013-03-26,2013-03-31,5,1,5
SO54660,166,1317,2013-03-19,2013-03-26,2013-03-31,9,1,9
SO54661,105,177,2013-03-19,2013-03-26,2013-03-31,9,1,9
SO54661,295,177,2013-03-19,2013-03-26,2013-03-31,5,1,5
SO54662,168,301,2013-03-19,2013-03-26,2013-03-31,8,1,8
SO54663,235,17591,2013-03-19,2013-03-26,2013-03-31,24,1,24
SO54663,245,17591,2013-03-19,2013-03-26,2013-03-31,35,1,35
SO54664,289,2047,2013-03-19,2013-03-26,2013-03-31,5,1,5
SO54664,282,2047,2013-03-19,2013-03-26,2013-03-31,25,1,25
SO54665,174,5489,2013-03-19,2013-03-26,2013-03-31,22,1,22
SO54665,244,5489,2013-03-19,2013-03-26,2013-03-31,35,1,35
SO54665,276,5489,2013-03-19,2013-03-26,2013-03-31,54,1,54
SO54665,166,5489,2013-03-19,2013-03-26,2013-03-31,9,1,9
SO54666,174,7705,2013-03-19,2013-03-26,2013-03-31,22,1,22
SO54666,166,7705,2013-03-19,2013-03-26,2013-03-31,9,1,9
SO54667,166,6079,2013-03-19,2013-03-26,2013-03-31,9,1,9
SO54667,277,6079,2013-03-19,2013-03-26,2013-03-31,54,1,54
SO54668,244,4140,2013-03-19,2013-03-26,2013-03-31,35,1,35
SO54669,287,7288,2013-03-19,2013-03-26,2013-03-31,33,1,33
SO54669,259,7288,2013-03-19,2013-03-26,2013-03-31,2,1,2
SO54670,108,3953,2013-03-19,2013-03-26,2013-03-31,540,1,540
SO54670,244,3953,2013-03-19,2013-03-26,2013-03-31,35,1,35
SO54671,140,5409,2013-03-19,2013-03-26,2013-03-31,2443,1,2443
SO54671,105,5409,2013-03-19,2013-03-26,2013-03-31,9,1,9
SO54671,295,5409,2013-03-19,2013-03-26,2013-03-31,5,1,5
SO54671,277,5409,2013-03-19,2013-03-26,2013-03-31,54,1,54
SO54672,140,9053,2013-03-19,2013-03-26,2013-03-31,2443,1,2443
SO54672,287,9053,2013-03-19,2013-03-26,2013-03-31,33,1,33
SO54672,290,9053,2013-03-19,2013-03-26,2013-03-31,4,1,4
SO54672,245,9053,2013-03-19,2013-03-26,2013-03-31,35,1,35
SO54673,121,610,2013-03-19,2013-03-26,2013-03-31,2295,1,2295
SO54673,284,610,2013-03-19,2013-03-26,2013-03-31,35,1,35
SO54673,289,610,2013-03-19,2013-03-26,2013-03-31,5,1,5
SO54673,246,610,2013-03-19,2013-03-26,2013-03-31,35,1,35
SO54674,276,212,2013-03-19,2013-03-26,2013-03-31,54,1,54
SO54675,248,521,2013-03-19,2013-03-26,2013-03-31,50,1,50
SO54675,233,521,2013-03-19,2013-03-26,2013-03-31,24,1,24
SO54676,291,18003,2013-03-19,2013-03-26,2013-03-31,5,1,5
SO54676,247,18003,2013-03-19,2013-03-26,2013-03-31,55,1,55
SO54676,168,18003,2013-03-19,2013-03-26,2013-03-31,8,1,8
SO54677,282,15054,2013-03-19,2013-03-26,2013-03-31,25,1,25
SO54677,259,15054,2013-03-19,2013-03-26,2013-03-31,2,1,2
SO54678,288,1929,2013-03-19,2013-03-26,2013-03-31,29,1,29
SO54678,291,1929,2013-03-19,2013-03-26,2013-03-31,5,1,5
SO54679,282,14254,2013-03-19,2013-03-26,2013-03-31,25,1,25
SO54679,289,14254,2013-03-19,2013-03-26,2013-03-31,5,1,5
SO54679,280,14254,2013-03-19,2013-03-26,2013-03-31,9,1,9
SO54679,244,14254,2013-03-19,2013-03-26,2013-03-31,35,1,35
SO54680,290,12796,2013-03-19,2013-03-26,2013-03-31,4,1,4
SO54680,287,12796,2013-03-19,2013-03-26,2013-03-31,33,1,33
SO54680,244,12796,2013-03-19,2013-03-26,2013-03-31,35,1,35
SO54681,283,12723,2013-03-19,2013-03-26,2013-03-31,30,1,30
SO54681,259,12723,2013-03-19,2013-03-26,2013-03-31,2,1,2
SO54682,166,7392,2013-03-19,2013-03-26,2013-03-31,9,1,9
SO54682,273,7392,2013-03-19,2013-03-26,2013-03-31,70,1,70
SO54683,295,14266,2013-03-19,2013-03-26,2013-03-31,5,1,5
SO54683,251,14266,2013-03-19,2013-03-26,2013-03-31,50,1,50
SO54684,295,6170,2013-03-19,2013-03-26,2013-03-31,5,1,5
SO54685,174,2990,2013-03-19,2013-03-26,2013-03-31,22,1,22
SO54685,234,2990,2013-03-19,2013-03-26,2013-03-31,24,1,24
SO54686,287,3206,2013-03-19,2013-03-26,2013-03-31,33,1,33
SO54687,287,1869,2013-03-19,2013-03-26,2013-03-31,33,1,33
SO54688,289,6843,2013-03-19,2013-03-26,2013-03-31,5,1,5
SO54688,283,6843,2013-03-19,2013-03-26,2013-03-31,30,1,30
SO54688,259,6843,2013-03-19,2013-03-26,2013-03-31,2,1,2
SO54689,285,17897,2013-03-19,2013-03-26,2013-03-31,21,1,21
SO54690,290,16842,2013-03-19,2013-03-26,2013-03-31,4,1,4
SO54690,285,16842,2013-03-19,2013-03-26,2013-03-31,21,1,21
SO54690,244,16842,2013-03-19,2013-03-26,2013-03-31,35,1,35
SO54691,295,11570,2013-03-19,2013-03-26,2013-03-31,5,1,5
SO54691,246,11570,2013-03-19,2013-03-26,2013-03-31,35,1,35
SO54691,166,11570,2013-03-19,2013-03-26,2013-03-31,9,1,9
SO54692,288,12919,2013-03-19,2013-03-26,2013-03-31,29,1,29
SO54692,291,12919,2013-03-19,2013-03-26,2013-03-31,5,1,5
SO54692,244,12919,2013-03-19,2013-03-26,2013-03-31,35,1,35
SO54693,291,6102,2013-03-19,2013-03-26,2013-03-31,5,1,5
SO54693,247,6102,2013-03-19,2013-03-26,2013-03-31,55,1,55
SO54693,245,6102,2013-03-19,2013-03-26,2013-03-31,35,1,35
SO54694,289,141,2013-03-19,2013-03-26,2013-03-31,5,1,5
SO54694,284,141,2013-03-19,2013-03-26,2013-03-31,35,1,35
SO54695,284,4479,2013-03-19,2013-03-26,2013-03-31,35,1,35
SO54695,289,4479,2013-03-19,2013-03-26,2013-03-31,5,1,5
SO54695,246,4479,2013-03-19,2013-03-26,2013-03-31,35,1,35
SO54695,275,4479,2013-03-19,2013-03-26,2013-03-31,54,1,54
SO54696,284,1138,2013-03-19,2013-03-26,2013-03-31,35,1,35
SO54696,289,1138,2013-03-19,2013-03-26,2013-03-31,5,1,5
SO54696,259,1138,2013-03-19,2013-03-26,2013-03-31,2,1,2
SO54697,174,1908,2013-03-19,2013-03-26,2013-03-31,22,1,22
SO54697,260,1908,2013-03-19,2013-03-26,2013-03-31,120,1,120
SO54698,251,1467,2013-03-19,2013-03-26,2013-03-31,50,1,50
SO54698,166,1467,2013-03-19,2013-03-26,2013-03-31,9,1,9
SO54699,244,431,2013-03-19,2013-03-26,2013-03-31,35,1,35
SO54699,248,431,2013-03-19,2013-03-26,2013-03-31,50,1,50
SO54700,135,5896,2013-03-19,2013-03-26,2013-03-31,1701,1,1701
SO54700,245,5896,2013-03-19,2013-03-26,2013-03-31,35,1,35
SO54700,233,5896,2013-03-19,2013-03-26,2013-03-31,24,1,24
SO54701,140,5364,2013-03-19,2013-03-26,2013-03-31,2443,1,2443
SO54701,105,5364,2013-03-19,2013-03-26,2013-03-31,9,1,9
SO54701,295,5364,2013-03-19,2013-03-26,2013-03-31,5,1,5
SO54701,234,5364,2013-03-19,2013-03-26,2013-03-31,24,1,24
SO54702,116,3108,2013-03-19,2013-03-26,2013-03-31,769,1,769
SO54702,104,3108,2013-03-19,2013-03-26,2013-03-31,10,1,10
SO54702,295,3108,2013-03-19,2013-03-26,2013-03-31,5,1,5
SO54702,245,3108,2013-03-19,2013-03-26,2013-03-31,35,1,35
SO54703,122,1144,2013-03-19,2013-03-26,2013-03-31,2295,1,2295
SO54703,260,1144,2013-03-19,2013-03-26,2013-03-31,120,1,120
SO54704,138,7723,2013-03-19,2013-03-26,2013-03-31,1701,1,1701
SO54704,275,7723,2013-03-19,2013-03-26,2013-03-31,54,1,54
SO54705,165,8,2013-03-19,2013-03-26,2013-03-31,2384,1,2384
SO54705,246,8,2013-03-19,2013-03-26,2013-03-31,35,1,35
SO54706,159,12,2013-03-19,2013-03-26,2013-03-31,2384,1,2384
SO54706,276,12,2013-03-19,2013-03-26,2013-03-31,54,1,54
SO54707,155,12268,2013-03-19,2013-03-26,2013-03-31,1215,1,1215
SO54707,105,12268,2013-03-19,2013-03-26,2013-03-31,9,1,9
SO54707,295,12268,2013-03-19,2013-03-26,2013-03-31,5,1,5
SO54707,247,12268,2013-03-19,2013-03-26,2013-03-31,55,1,55
SO54708,166,14340,2013-03-19,2013-03-26,2013-03-31,9,1,9
SO54708,157,14340,2013-03-19,2013-03-26,2013-03-31,1215,1,1215
SO54709,166,18257,2013-03-19,2013-03-26,2013-03-31,9,1,9
SO54709,164,18257,2013-03-19,2013-03-26,2013-03-31,2384,1,2384
SO54710,132,8548,2013-03-19,2013-03-26,2013-03-31,1120,1,1120
SO54710,245,8548,2013-03-19,2013-03-26,2013-03-31,35,1,35
SO54710,235,8548,2013-03-19,2013-03-26,2013-03-31,24,1,24
SO54711,133,7572,2013-03-19,2013-03-26,2013-03-31,1120,1,1120
SO54712,129,11479,2013-03-19,2013-03-26,2013-03-31,540,1,540
SO54712,105,11479,2013-03-19,2013-03-26,2013-03-31,9,1,9
SO54712,295,11479,2013-03-19,2013-03-26,2013-03-31,5,1,5
SO54713,127,14740,2013-03-19,2013-03-26,2013-03-31,540,1,540
SO54714,163,4101,2013-03-19,2013-03-26,2013-03-31,2384,1,2384
SO54714,246,4101,2013-03-19,2013-03-26,2013-03-31,35,1,35
SO54715,165,13111,2013-03-19,2013-03-26,2013-03-31,2384,1,2384
SO54715,166,13111,2013-03-19,2013-03-26,2013-03-31,9,1,9
SO54716,134,13905,2013-03-20,2013-03-27,2013-04-01,1120,1,1120
SO54716,290,13905,2013-03-20,2013-03-27,2013-04-01,4,1,4
SO54716,286,13905,2013-03-20,2013-03-27,2013-04-01,25,1,25
SO54716,248,13905,2013-03-20,2013-03-27,2013-04-01,50,1,50
SO54717,282,2628,2013-03-20,2013-03-27,2013-04-01,25,1,25
SO54717,259,2628,2013-03-20,2013-03-27,2013-04-01,2,1,2
SO54718,283,4022,2013-03-20,2013-03-27,2013-04-01,30,1,30
SO54719,295,13590,2013-03-20,2013-03-27,2013-04-01,5,1,5
SO54719,247,13590,2013-03-20,2013-03-27,2013-04-01,55,1,55
SO54719,166,13590,2013-03-20,2013-03-27,2013-04-01,9,1,9
SO54720,295,11946,2013-03-20,2013-03-27,2013-04-01,5,1,5
SO54720,168,11946,2013-03-20,2013-03-27,2013-04-01,8,1,8
SO54721,244,6307,2013-03-20,2013-03-27,2013-04-01,35,1,35
SO54722,166,7191,2013-03-20,2013-03-27,2013-04-01,9,1,9
SO54723,166,4265,2013-03-20,2013-03-27,2013-04-01,9,1,9
SO54724,121,572,2013-03-20,2013-03-27,2013-04-01,2295,1,2295
SO54724,174,572,2013-03-20,2013-03-27,2013-04-01,22,1,22
SO54724,259,572,2013-03-20,2013-03-27,2013-04-01,2,1,2
SO54725,290,16376,2013-03-20,2013-03-27,2013-04-01,4,1,4
SO54725,259,16376,2013-03-20,2013-03-27,2013-04-01,2,1,2
SO54726,285,16510,2013-03-20,2013-03-27,2013-04-01,21,1,21
SO54726,290,16510,2013-03-20,2013-03-27,2013-04-01,4,1,4
SO54726,246,16510,2013-03-20,2013-03-27,2013-04-01,35,1,35
SO54727,289,15473,2013-03-20,2013-03-27,2013-04-01,5,1,5
SO54727,282,15473,2013-03-20,2013-03-27,2013-04-01,25,1,25
SO54727,246,15473,2013-03-20,2013-03-27,2013-04-01,35,1,35
SO54727,250,15473,2013-03-20,2013-03-27,2013-04-01,50,1,50
SO54728,291,16056,2013-03-20,2013-03-27,2013-04-01,5,1,5
SO54728,288,16056,2013-03-20,2013-03-27,2013-04-01,29,1,29
SO54729,289,870,2013-03-20,2013-03-27,2013-04-01,5,1,5
SO54729,283,870,2013-03-20,2013-03-27,2013-04-01,30,1,30
SO54729,259,870,2013-03-20,2013-03-27,2013-04-01,2,1,2
SO54730,283,12406,2013-03-20,2013-03-27,2013-04-01,30,1,30
SO54730,289,12406,2013-03-20,2013-03-27,2013-04-01,5,1,5
SO54730,245,12406,2013-03-20,2013-03-27,2013-04-01,35,1,35
SO54731,283,5006,2013-03-20,2013-03-27,2013-04-01,30,1,30
SO54731,259,5006,2013-03-20,2013-03-27,2013-04-01,2,1,2
SO54732,289,4944,2013-03-20,2013-03-27,2013-04-01,5,1,5
SO54732,283,4944,2013-03-20,2013-03-27,2013-04-01,30,1,30
SO54732,260,4944,2013-03-20,2013-03-27,2013-04-01,120,1,120
SO54733,104,6027,2013-03-20,2013-03-27,2013-04-01,10,1,10
SO54733,295,6027,2013-03-20,2013-03-27,2013-04-01,5,1,5
SO54733,249,6027,2013-03-20,2013-03-27,2013-04-01,50,1,50
SO54733,234,6027,2013-03-20,2013-03-27,2013-04-01,24,1,24
SO54734,272,10241,2013-03-20,2013-03-27,2013-04-01,70,1,70
SO54734,251,10241,2013-03-20,2013-03-27,2013-04-01,50,1,50
SO54735,295,3724,2013-03-20,2013-03-27,2013-04-01,5,1,5
SO54735,104,3724,2013-03-20,2013-03-27,2013-04-01,10,1,10
SO54736,104,11024,2013-03-20,2013-03-27,2013-04-01,10,1,10
SO54736,295,11024,2013-03-20,2013-03-27,2013-04-01,5,1,5
SO54736,247,11024,2013-03-20,2013-03-27,2013-04-01,55,1,55
SO54736,279,11024,2013-03-20,2013-03-27,2013-04-01,9,1,9
SO54737,295,6261,2013-03-20,2013-03-27,2013-04-01,5,1,5
SO54737,246,6261,2013-03-20,2013-03-27,2013-04-01,35,1,35
SO54738,289,6486,2013-03-20,2013-03-27,2013-04-01,5,1,5
SO54738,174,6486,2013-03-20,2013-03-27,2013-04-01,22,1,22
SO54738,248,6486,2013-03-20,2013-03-27,2013-04-01,50,1,50
SO54739,289,16197,2013-03-20,2013-03-27,2013-04-01,5,1,5
SO54739,292,16197,2013-03-20,2013-03-27,2013-04-01,64,1,64
SO54740,289,4282,2013-03-20,2013-03-27,2013-04-01,5,1,5
SO54740,244,4282,2013-03-20,2013-03-27,2013-04-01,35,1,35
SO54741,289,5356,2013-03-20,2013-03-27,2013-04-01,5,1,5
SO54741,246,5356,2013-03-20,2013-03-27,2013-04-01,35,1,35
SO54741,251,5356,2013-03-20,2013-03-27,2013-04-01,50,1,50
SO54742,174,3352,2013-03-20,2013-03-27,2013-04-01,22,1,22
SO54742,245,3352,2013-03-20,2013-03-27,2013-04-01,35,1,35
SO54743,274,3554,2013-03-20,2013-03-27,2013-04-01,70,1,70
SO54743,280,3554,2013-03-20,2013-03-27,2013-04-01,9,1,9
SO54744,289,5438,2013-03-20,2013-03-27,2013-04-01,5,1,5
SO54744,244,5438,2013-03-20,2013-03-27,2013-04-01,35,1,35
SO54745,174,2833,2013-03-20,2013-03-27,2013-04-01,22,1,22
SO54745,259,2833,2013-03-20,2013-03-27,2013-04-01,2,1,2
SO54746,282,6786,2013-03-20,2013-03-27,2013-04-01,25,1,25
SO54746,259,6786,2013-03-20,2013-03-27,2013-04-01,2,1,2
SO54747,273,17445,2013-03-20,2013-03-27,2013-04-01,70,1,70
SO54747,275,17445,2013-03-20,2013-03-27,2013-04-01,54,1,54
SO54748,287,3531,2013-03-20,2013-03-27,2013-04-01,33,1,33
SO54748,290,3531,2013-03-20,2013-03-27,2013-04-01,4,1,4
SO54749,290,14687,2013-03-20,2013-03-27,2013-04-01,4,1,4
SO54749,259,14687,2013-03-20,2013-03-27,2013-04-01,2,1,2
SO54750,282,4453,2013-03-20,2013-03-27,2013-04-01,25,1,25
SO54751,295,1490,2013-03-20,2013-03-27,2013-04-01,5,1,5
SO54751,244,1490,2013-03-20,2013-03-27,2013-04-01,35,1,35
SO54752,285,11528,2013-03-20,2013-03-27,2013-04-01,21,1,21
SO54752,277,11528,2013-03-20,2013-03-27,2013-04-01,54,1,54
SO54753,290,13568,2013-03-20,2013-03-27,2013-04-01,4,1,4
SO54753,259,13568,2013-03-20,2013-03-27,2013-04-01,2,1,2
SO54754,284,305,2013-03-20,2013-03-27,2013-04-01,35,1,35
SO54754,174,305,2013-03-20,2013-03-27,2013-04-01,22,1,22
SO54754,247,305,2013-03-20,2013-03-27,2013-04-01,55,1,55
SO54754,168,305,2013-03-20,2013-03-27,2013-04-01,8,1,8
SO54755,174,2267,2013-03-20,2013-03-27,2013-04-01,22,1,22
SO54755,168,2267,2013-03-20,2013-03-27,2013-04-01,8,1,8
SO54756,119,2928,2013-03-20,2013-03-27,2013-04-01,769,1,769
SO54756,272,2928,2013-03-20,2013-03-27,2013-04-01,70,1,70
SO54757,120,1018,2013-03-20,2013-03-27,2013-04-01,2295,1,2295
SO54757,104,1018,2013-03-20,2013-03-27,2013-04-01,10,1,10
SO54757,244,1018,2013-03-20,2013-03-27,2013-04-01,35,1,35
SO54758,154,15931,2013-03-20,2013-03-27,2013-04-01,1215,1,1215
SO54758,295,15931,2013-03-20,2013-03-27,2013-04-01,5,1,5
SO54758,105,15931,2013-03-20,2013-03-27,2013-04-01,9,1,9
SO54758,246,15931,2013-03-20,2013-03-27,2013-04-01,35,1,35
SO54759,118,5702,2013-03-20,2013-03-27,2013-04-01,769,1,769
SO54759,280,5702,2013-03-20,2013-03-27,2013-04-01,9,1,9
SO54759,273,5702,2013-03-20,2013-03-27,2013-04-01,70,1,70
SO54760,142,5742,2013-03-20,2013-03-27,2013-04-01,2443,1,2443
SO54760,244,5742,2013-03-20,2013-03-27,2013-04-01,35,1,35
SO54761,142,7732,2013-03-20,2013-03-27,2013-04-01,2443,1,2443
SO54761,168,7732,2013-03-20,2013-03-27,2013-04-01,8,1,8
SO54761,235,7732,2013-03-20,2013-03-27,2013-04-01,24,1,24
SO54762,141,7719,2013-03-20,2013-03-27,2013-04-01,2443,1,2443
SO54762,105,7719,2013-03-20,2013-03-27,2013-04-01,9,1,9
SO54762,295,7719,2013-03-20,2013-03-27,2013-04-01,5,1,5
SO54763,128,11544,2013-03-20,2013-03-27,2013-04-01,540,1,540
SO54763,295,11544,2013-03-20,2013-03-27,2013-04-01,5,1,5
SO54763,166,11544,2013-03-20,2013-03-27,2013-04-01,9,1,9
SO54763,105,11544,2013-03-20,2013-03-27,2013-04-01,9,1,9
SO54764,129,13961,2013-03-20,2013-03-27,2013-04-01,540,1,540
SO54764,290,13961,2013-03-20,2013-03-27,2013-04-01,4,1,4
SO54764,285,13961,2013-03-20,2013-03-27,2013-04-01,21,1,21
SO54765,130,8726,2013-03-20,2013-03-27,2013-04-01,1120,1,1120
SO54765,234,8726,2013-03-20,2013-03-27,2013-04-01,24,1,24
SO54765,246,8726,2013-03-20,2013-03-27,2013-04-01,35,1,35
SO54766,133,8538,2013-03-20,2013-03-27,2013-04-01,1120,1,1120
SO54766,246,8538,2013-03-20,2013-03-27,2013-04-01,35,1,35
SO54767,129,10065,2013-03-20,2013-03-27,2013-04-01,540,1,540
SO54767,105,10065,2013-03-20,2013-03-27,2013-04-01,9,1,9
SO54767,295,10065,2013-03-20,2013-03-27,2013-04-01,5,1,5
SO54768,127,14728,2013-03-20,2013-03-27,2013-04-01,540,1,540
SO54769,145,2969,2013-03-20,2013-03-27,2013-04-01,742,1,742
SO54769,105,2969,2013-03-20,2013-03-27,2013-04-01,9,1,9
SO54769,295,2969,2013-03-20,2013-03-27,2013-04-01,5,1,5
SO54769,245,2969,2013-03-20,2013-03-27,2013-04-01,35,1,35
SO54770,121,1755,2013-03-21,2013-03-28,2013-04-02,2295,1,2295
SO54770,174,1755,2013-03-21,2013-03-28,2013-04-02,22,1,22
SO54771,286,3124,2013-03-21,2013-03-28,2013-04-02,25,1,25
SO54771,290,3124,2013-03-21,2013-03-28,2013-04-02,4,1,4
SO54772,287,5614,2013-03-21,2013-03-28,2013-04-02,33,1,33
SO54772,259,5614,2013-03-21,2013-03-28,2013-04-02,2,1,2
SO54773,234,4149,2013-03-21,2013-03-28,2013-04-02,24,1,24
SO54773,245,4149,2013-03-21,2013-03-28,2013-04-02,35,1,35
SO54774,135,12764,2013-03-21,2013-03-28,2013-04-02,1701,1,1701
SO54774,244,12764,2013-03-21,2013-03-28,2013-04-02,35,1,35
SO54775,276,719,2013-03-21,2013-03-28,2013-04-02,54,1,54
SO54775,166,719,2013-03-21,2013-03-28,2013-04-02,9,1,9
SO54776,286,17807,2013-03-21,2013-03-28,2013-04-02,25,1,25
SO54776,290,17807,2013-03-21,2013-03-28,2013-04-02,4,1,4
SO54776,244,17807,2013-03-21,2013-03-28,2013-04-02,35,1,35
SO54777,288,15265,2013-03-21,2013-03-28,2013-04-02,29,1,29
SO54777,259,15265,2013-03-21,2013-03-28,2013-04-02,2,1,2
SO54778,282,15518,2013-03-21,2013-03-28,2013-04-02,25,1,25
SO54779,285,16754,2013-03-21,2013-03-28,2013-04-02,21,1,21
SO54779,290,16754,2013-03-21,2013-03-28,2013-04-02,4,1,4
SO54780,290,13425,2013-03-21,2013-03-28,2013-04-02,4,1,4
SO54780,287,13425,2013-03-21,2013-03-28,2013-04-02,33,1,33
SO54780,281,13425,2013-03-21,2013-03-28,2013-04-02,159,1,159
SO54780,276,13425,2013-03-21,2013-03-28,2013-04-02,54,1,54
SO54781,283,12154,2013-03-21,2013-03-28,2013-04-02,30,1,30
SO54781,289,12154,2013-03-21,2013-03-28,2013-04-02,5,1,5
SO54782,283,11884,2013-03-21,2013-03-28,2013-04-02,30,1,30
SO54783,283,6484,2013-03-21,2013-03-28,2013-04-02,30,1,30
SO54783,259,6484,2013-03-21,2013-03-28,2013-04-02,2,1,2
SO54784,283,12697,2013-03-21,2013-03-28,2013-04-02,30,1,30
SO54784,289,12697,2013-03-21,2013-03-28,2013-04-02,5,1,5
SO54784,174,12697,2013-03-21,2013-03-28,2013-04-02,22,1,22
SO54784,295,12697,2013-03-21,2013-03-28,2013-04-02,5,1,5
SO54784,104,12697,2013-03-21,2013-03-28,2013-04-02,10,1,10
SO54784,259,12697,2013-03-21,2013-03-28,2013-04-02,2,1,2
SO54784,281,12697,2013-03-21,2013-03-28,2013-04-02,159,1,159
SO54785,295,13996,2013-03-21,2013-03-28,2013-04-02,5,1,5
SO54786,295,5992,2013-03-21,2013-03-28,2013-04-02,5,1,5
SO54786,246,5992,2013-03-21,2013-03-28,2013-04-02,35,1,35
SO54787,289,16608,2013-03-21,2013-03-28,2013-04-02,5,1,5
SO54787,259,16608,2013-03-21,2013-03-28,2013-04-02,2,1,2
SO54788,289,5751,2013-03-21,2013-03-28,2013-04-02,5,1,5
SO54788,259,5751,2013-03-21,2013-03-28,2013-04-02,2,1,2
SO54789,289,12504,2013-03-21,2013-03-28,2013-04-02,5,1,5
SO54789,259,12504,2013-03-21,2013-03-28,2013-04-02,2,1,2
SO54790,289,4760,2013-03-21,2013-03-28,2013-04-02,5,1,5
SO54790,246,4760,2013-03-21,2013-03-28,2013-04-02,35,1,35
SO54790,248,4760,2013-03-21,2013-03-28,2013-04-02,50,1,50
SO54791,174,3444,2013-03-21,2013-03-28,2013-04-02,22,1,22
SO54792,273,2551,2013-03-21,2013-03-28,2013-04-02,70,1,70
SO54793,282,6784,2013-03-21,2013-03-28,2013-04-02,25,1,25
SO54794,104,2611,2013-03-21,2013-03-28,2013-04-02,10,1,10
SO54794,246,2611,2013-03-21,2013-03-28,2013-04-02,35,1,35
SO54795,290,9179,2013-03-21,2013-03-28,2013-04-02,4,1,4
SO54796,295,8183,2013-03-21,2013-03-28,2013-04-02,5,1,5
SO54796,244,8183,2013-03-21,2013-03-28,2013-04-02,35,1,35
SO54797,289,1432,2013-03-21,2013-03-28,2013-04-02,5,1,5
SO54797,284,1432,2013-03-21,2013-03-28,2013-04-02,35,1,35
SO54797,247,1432,2013-03-21,2013-03-28,2013-04-02,55,1,55
SO54798,174,7315,2013-03-21,2013-03-28,2013-04-02,22,1,22
SO54798,245,7315,2013-03-21,2013-03-28,2013-04-02,35,1,35
SO54799,174,6469,2013-03-21,2013-03-28,2013-04-02,22,1,22
SO54799,295,6469,2013-03-21,2013-03-28,2013-04-02,5,1,5
SO54799,104,6469,2013-03-21,2013-03-28,2013-04-02,10,1,10
SO54799,244,6469,2013-03-21,2013-03-28,2013-04-02,35,1,35
SO54800,140,9324,2013-03-21,2013-03-28,2013-04-02,2443,1,2443
SO54800,295,9324,2013-03-21,2013-03-28,2013-04-02,5,1,5
SO54800,105,9324,2013-03-21,2013-03-28,2013-04-02,9,1,9
SO54800,246,9324,2013-03-21,2013-03-28,2013-04-02,35,1,35
SO54801,121,541,2013-03-21,2013-03-28,2013-04-02,2295,1,2295
SO54801,174,541,2013-03-21,2013-03-28,2013-04-02,22,1,22
SO54801,247,541,2013-03-21,2013-03-28,2013-04-02,55,1,55
SO54801,168,541,2013-03-21,2013-03-28,2013-04-02,8,1,8
SO54802,120,537,2013-03-21,2013-03-28,2013-04-02,2295,1,2295
SO54802,289,537,2013-03-21,2013-03-28,2013-04-02,5,1,5
SO54802,284,537,2013-03-21,2013-03-28,2013-04-02,35,1,35
SO54802,259,537,2013-03-21,2013-03-28,2013-04-02,2,1,2
SO54803,124,1104,2013-03-21,2013-03-28,2013-04-02,2320,1,2320
SO54803,284,1104,2013-03-21,2013-03-28,2013-04-02,35,1,35
SO54803,289,1104,2013-03-21,2013-03-28,2013-04-02,5,1,5
SO54803,246,1104,2013-03-21,2013-03-28,2013-04-02,35,1,35
SO54803,234,1104,2013-03-21,2013-03-28,2013-04-02,24,1,24
SO54804,141,7692,2013-03-21,2013-03-28,2013-04-02,2443,1,2443
SO54804,295,7692,2013-03-21,2013-03-28,2013-04-02,5,1,5
SO54804,105,7692,2013-03-21,2013-03-28,2013-04-02,9,1,9
SO54804,245,7692,2013-03-21,2013-03-28,2013-04-02,35,1,35
SO54805,127,9424,2013-03-21,2013-03-28,2013-04-02,540,1,540
SO54805,244,9424,2013-03-21,2013-03-28,2013-04-02,35,1,35
SO54805,233,9424,2013-03-21,2013-03-28,2013-04-02,24,1,24
SO54806,129,15769,2013-03-21,2013-03-28,2013-04-02,540,1,540
SO54806,295,15769,2013-03-21,2013-03-28,2013-04-02,5,1,5
SO54806,105,15769,2013-03-21,2013-03-28,2013-04-02,9,1,9
SO54806,244,15769,2013-03-21,2013-03-28,2013-04-02,35,1,35
SO54807,140,7737,2013-03-21,2013-03-28,2013-04-02,2443,1,2443
SO54807,295,7737,2013-03-21,2013-03-28,2013-04-02,5,1,5
SO54807,105,7737,2013-03-21,2013-03-28,2013-04-02,9,1,9
SO54808,143,5746,2013-03-21,2013-03-28,2013-04-02,2443,1,2443
SO54809,123,466,2013-03-21,2013-03-28,2013-04-02,2320,1,2320
SO54810,120,760,2013-03-21,2013-03-28,2013-04-02,2295,1,2295
SO54811,155,14199,2013-03-21,2013-03-28,2013-04-02,1215,1,1215
SO54811,244,14199,2013-03-21,2013-03-28,2013-04-02,35,1,35
SO54812,162,13681,2013-03-21,2013-03-28,2013-04-02,2384,1,2384
SO54812,291,13681,2013-03-21,2013-03-28,2013-04-02,5,1,5
SO54812,288,13681,2013-03-21,2013-03-28,2013-04-02,29,1,29
SO54813,127,10941,2013-03-21,2013-03-28,2013-04-02,540,1,540
SO54813,285,10941,2013-03-21,2013-03-28,2013-04-02,21,1,21
SO54813,259,10941,2013-03-21,2013-03-28,2013-04-02,2,1,2
SO54813,168,10941,2013-03-21,2013-03-28,2013-04-02,8,1,8
SO54814,126,14049,2013-03-21,2013-03-28,2013-04-02,540,1,540
SO54814,294,14049,2013-03-21,2013-03-28,2013-04-02,64,1,64
SO54815,131,8679,2013-03-21,2013-03-28,2013-04-02,1120,1,1120
SO54816,134,8497,2013-03-21,2013-03-28,2013-04-02,1120,1,1120
SO54816,246,8497,2013-03-21,2013-03-28,2013-04-02,35,1,35
SO54817,129,11487,2013-03-21,2013-03-28,2013-04-02,540,1,540
SO54817,105,11487,2013-03-21,2013-03-28,2013-04-02,9,1,9
SO54817,295,11487,2013-03-21,2013-03-28,2013-04-02,5,1,5
SO54817,246,11487,2013-03-21,2013-03-28,2013-04-02,35,1,35
SO54818,126,14656,2013-03-21,2013-03-28,2013-04-02,540,1,540
SO54818,285,14656,2013-03-21,2013-03-28,2013-04-02,21,1,21
SO54818,259,14656,2013-03-21,2013-03-28,2013-04-02,2,1,2
SO54818,168,14656,2013-03-21,2013-03-28,2013-04-02,8,1,8
SO54819,164,1329,2013-03-21,2013-03-28,2013-04-02,2384,1,2384
SO54819,295,1329,2013-03-21,2013-03-28,2013-04-02,5,1,5
SO54819,105,1329,2013-03-21,2013-03-28,2013-04-02,9,1,9
SO54820,161,3774,2013-03-21,2013-03-28,2013-04-02,2384,1,2384
SO54820,245,3774,2013-03-21,2013-03-28,2013-04-02,35,1,35
SO54821,134,5518,2013-03-22,2013-03-29,2013-04-03,1120,1,1120
SO54822,125,1129,2013-03-22,2013-03-29,2013-04-03,2320,1,2320
SO54822,260,1129,2013-03-22,2013-03-29,2013-04-03,120,1,120
SO54823,282,1373,2013-03-22,2013-03-29,2013-04-03,25,1,25
SO54823,289,1373,2013-03-22,2013-03-29,2013-04-03,5,1,5
SO54823,245,1373,2013-03-22,2013-03-29,2013-04-03,35,1,35
SO54823,233,1373,2013-03-22,2013-03-29,2013-04-03,24,1,24
SO54824,246,4155,2013-03-22,2013-03-29,2013-04-03,35,1,35
SO54824,248,4155,2013-03-22,2013-03-29,2013-04-03,50,1,50
SO54825,166,4035,2013-03-22,2013-03-29,2013-04-03,9,1,9
SO54826,166,6324,2013-03-22,2013-03-29,2013-04-03,9,1,9
SO54827,123,1336,2013-03-22,2013-03-29,2013-04-03,2320,1,2320
SO54827,104,1336,2013-03-22,2013-03-29,2013-04-03,10,1,10
SO54827,295,1336,2013-03-22,2013-03-29,2013-04-03,5,1,5
SO54827,245,1336,2013-03-22,2013-03-29,2013-04-03,35,1,35
SO54828,234,632,2013-03-22,2013-03-29,2013-04-03,24,1,24
SO54828,245,632,2013-03-22,2013-03-29,2013-04-03,35,1,35
SO54829,259,17331,2013-03-22,2013-03-29,2013-04-03,2,1,2
SO54829,168,17331,2013-03-22,2013-03-29,2013-04-03,8,1,8
SO54830,290,16728,2013-03-22,2013-03-29,2013-04-03,4,1,4
SO54830,259,16728,2013-03-22,2013-03-29,2013-04-03,2,1,2
SO54831,249,92,2013-03-22,2013-03-29,2013-04-03,50,1,50
SO54831,234,92,2013-03-22,2013-03-29,2013-04-03,24,1,24
SO54832,285,16527,2013-03-22,2013-03-29,2013-04-03,21,1,21
SO54832,259,16527,2013-03-22,2013-03-29,2013-04-03,2,1,2
SO54833,286,17624,2013-03-22,2013-03-29,2013-04-03,25,1,25
SO54833,259,17624,2013-03-22,2013-03-29,2013-04-03,2,1,2
SO54834,291,499,2013-03-22,2013-03-29,2013-04-03,5,1,5
SO54835,287,13942,2013-03-22,2013-03-29,2013-04-03,33,1,33
SO54836,287,224,2013-03-22,2013-03-29,2013-04-03,33,1,33
SO54836,246,224,2013-03-22,2013-03-29,2013-04-03,35,1,35
SO54836,235,224,2013-03-22,2013-03-29,2013-04-03,24,1,24
SO54837,288,1761,2013-03-22,2013-03-29,2013-04-03,29,1,29
SO54837,291,1761,2013-03-22,2013-03-29,2013-04-03,5,1,5
SO54837,259,1761,2013-03-22,2013-03-29,2013-04-03,2,1,2
SO54838,290,13412,2013-03-22,2013-03-29,2013-04-03,4,1,4
SO54838,287,13412,2013-03-22,2013-03-29,2013-04-03,33,1,33
SO54838,245,13412,2013-03-22,2013-03-29,2013-04-03,35,1,35
SO54839,283,11146,2013-03-22,2013-03-29,2013-04-03,30,1,30
SO54839,289,11146,2013-03-22,2013-03-29,2013-04-03,5,1,5
SO54839,259,11146,2013-03-22,2013-03-29,2013-04-03,2,1,2
SO54840,104,12273,2013-03-22,2013-03-29,2013-04-03,10,1,10
SO54840,295,12273,2013-03-22,2013-03-29,2013-04-03,5,1,5
SO54840,233,12273,2013-03-22,2013-03-29,2013-04-03,24,1,24
SO54841,104,1940,2013-03-22,2013-03-29,2013-04-03,10,1,10
SO54841,295,1940,2013-03-22,2013-03-29,2013-04-03,5,1,5
SO54841,247,1940,2013-03-22,2013-03-29,2013-04-03,55,1,55
SO54841,168,1940,2013-03-22,2013-03-29,2013-04-03,8,1,8
SO54842,295,7065,2013-03-22,2013-03-29,2013-04-03,5,1,5
SO54842,275,7065,2013-03-22,2013-03-29,2013-04-03,54,1,54
SO54843,295,6520,2013-03-22,2013-03-29,2013-04-03,5,1,5
SO54843,276,6520,2013-03-22,2013-03-29,2013-04-03,54,1,54
SO54844,272,7753,2013-03-22,2013-03-29,2013-04-03,70,1,70
SO54844,249,7753,2013-03-22,2013-03-29,2013-04-03,50,1,50
SO54845,295,6159,2013-03-22,2013-03-29,2013-04-03,5,1,5
SO54845,246,6159,2013-03-22,2013-03-29,2013-04-03,35,1,35
SO54846,295,2223,2013-03-22,2013-03-29,2013-04-03,5,1,5
SO54846,166,2223,2013-03-22,2013-03-29,2013-04-03,9,1,9
SO54847,295,7098,2013-03-22,2013-03-29,2013-04-03,5,1,5
SO54847,245,7098,2013-03-22,2013-03-29,2013-04-03,35,1,35
SO54848,289,4911,2013-03-22,2013-03-29,2013-04-03,5,1,5
SO54848,245,4911,2013-03-22,2013-03-29,2013-04-03,35,1,35
SO54849,289,8079,2013-03-22,2013-03-29,2013-04-03,5,1,5
SO54849,282,8079,2013-03-22,2013-03-29,2013-04-03,25,1,25
SO54849,259,8079,2013-03-22,2013-03-29,2013-04-03,2,1,2
SO54850,295,10850,2013-03-22,2013-03-29,2013-04-03,5,1,5
SO54850,244,10850,2013-03-22,2013-03-29,2013-04-03,35,1,35
SO54851,290,15898,2013-03-22,2013-03-29,2013-04-03,4,1,4
SO54851,245,15898,2013-03-22,2013-03-29,2013-04-03,35,1,35
SO54852,285,15982,2013-03-22,2013-03-29,2013-04-03,21,1,21
SO54853,288,2263,2013-03-22,2013-03-29,2013-04-03,29,1,29
SO54853,291,2263,2013-03-22,2013-03-29,2013-04-03,5,1,5
SO54853,244,2263,2013-03-22,2013-03-29,2013-04-03,35,1,35
SO54853,166,2263,2013-03-22,2013-03-29,2013-04-03,9,1,9
SO54854,288,18395,2013-03-22,2013-03-29,2013-04-03,29,1,29
SO54854,291,18395,2013-03-22,2013-03-29,2013-04-03,5,1,5
SO54854,259,18395,2013-03-22,2013-03-29,2013-04-03,2,1,2
SO54855,285,17922,2013-03-22,2013-03-29,2013-04-03,21,1,21
SO54855,290,17922,2013-03-22,2013-03-29,2013-04-03,4,1,4
SO54855,281,17922,2013-03-22,2013-03-29,2013-04-03,159,1,159
SO54856,291,2604,2013-03-22,2013-03-29,2013-04-03,5,1,5
SO54856,288,2604,2013-03-22,2013-03-29,2013-04-03,29,1,29
SO54856,248,2604,2013-03-22,2013-03-29,2013-04-03,50,1,50
SO54857,288,3954,2013-03-22,2013-03-29,2013-04-03,29,1,29
SO54857,291,3954,2013-03-22,2013-03-29,2013-04-03,5,1,5
SO54857,246,3954,2013-03-22,2013-03-29,2013-04-03,35,1,35
SO54858,291,2815,2013-03-22,2013-03-29,2013-04-03,5,1,5
SO54858,288,2815,2013-03-22,2013-03-29,2013-04-03,29,1,29
SO54858,245,2815,2013-03-22,2013-03-29,2013-04-03,35,1,35
SO54858,278,2815,2013-03-22,2013-03-29,2013-04-03,54,1,54
SO54859,284,1145,2013-03-22,2013-03-29,2013-04-03,35,1,35
SO54859,289,1145,2013-03-22,2013-03-29,2013-04-03,5,1,5
SO54859,259,1145,2013-03-22,2013-03-29,2013-04-03,2,1,2
SO54860,174,2431,2013-03-22,2013-03-29,2013-04-03,22,1,22
SO54860,280,2431,2013-03-22,2013-03-29,2013-04-03,9,1,9
SO54861,174,2167,2013-03-22,2013-03-29,2013-04-03,22,1,22
SO54861,249,2167,2013-03-22,2013-03-29,2013-04-03,50,1,50
SO54862,250,1636,2013-03-22,2013-03-29,2013-04-03,50,1,50
SO54863,122,1175,2013-03-22,2013-03-29,2013-04-03,2295,1,2295
SO54864,124,1117,2013-03-22,2013-03-29,2013-04-03,2320,1,2320
SO54864,245,1117,2013-03-22,2013-03-29,2013-04-03,35,1,35
SO54865,129,15758,2013-03-22,2013-03-29,2013-04-03,540,1,540
SO54865,285,15758,2013-03-22,2013-03-29,2013-04-03,21,1,21
SO54866,142,7739,2013-03-22,2013-03-29,2013-04-03,2443,1,2443
SO54866,105,7739,2013-03-22,2013-03-29,2013-04-03,9,1,9
SO54866,295,7739,2013-03-22,2013-03-29,2013-04-03,5,1,5
SO54866,275,7739,2013-03-22,2013-03-29,2013-04-03,54,1,54
SO54867,139,7707,2013-03-22,2013-03-29,2013-04-03,2443,1,2443
SO54867,287,7707,2013-03-22,2013-03-29,2013-04-03,33,1,33
SO54867,290,7707,2013-03-22,2013-03-29,2013-04-03,4,1,4
SO54867,259,7707,2013-03-22,2013-03-29,2013-04-03,2,1,2
SO54868,124,752,2013-03-22,2013-03-29,2013-04-03,2320,1,2320
SO54868,284,752,2013-03-22,2013-03-29,2013-04-03,35,1,35
SO54868,174,752,2013-03-22,2013-03-29,2013-04-03,22,1,22
SO54868,275,752,2013-03-22,2013-03-29,2013-04-03,54,1,54
SO54869,122,915,2013-03-22,2013-03-29,2013-04-03,2295,1,2295
SO54869,245,915,2013-03-22,2013-03-29,2013-04-03,35,1,35
SO54870,124,896,2013-03-22,2013-03-29,2013-04-03,2320,1,2320
SO54870,284,896,2013-03-22,2013-03-29,2013-04-03,35,1,35
SO54871,126,11369,2013-03-22,2013-03-29,2013-04-03,540,1,540
SO54871,285,11369,2013-03-22,2013-03-29,2013-04-03,21,1,21
SO54871,275,11369,2013-03-22,2013-03-29,2013-04-03,54,1,54
SO54872,132,8702,2013-03-22,2013-03-29,2013-04-03,1120,1,1120
SO54872,290,8702,2013-03-22,2013-03-29,2013-04-03,4,1,4
SO54872,286,8702,2013-03-22,2013-03-29,2013-04-03,25,1,25
SO54872,246,8702,2013-03-22,2013-03-29,2013-04-03,35,1,35
SO54873,130,11657,2013-03-22,2013-03-29,2013-04-03,1120,1,1120
SO54873,295,11657,2013-03-22,2013-03-29,2013-04-03,5,1,5
SO54873,105,11657,2013-03-22,2013-03-29,2013-04-03,9,1,9
SO54873,245,11657,2013-03-22,2013-03-29,2013-04-03,35,1,35
SO54874,132,15988,2013-03-22,2013-03-29,2013-04-03,1120,1,1120
SO54874,246,15988,2013-03-22,2013-03-29,2013-04-03,35,1,35
SO54875,128,4932,2013-03-22,2013-03-29,2013-04-03,540,1,540
SO54875,244,4932,2013-03-22,2013-03-29,2013-04-03,35,1,35
SO54876,129,11480,2013-03-22,2013-03-29,2013-04-03,540,1,540
SO54876,285,11480,2013-03-22,2013-03-29,2013-04-03,21,1,21
SO54876,290,11480,2013-03-22,2013-03-29,2013-04-03,4,1,4
SO54876,244,11480,2013-03-22,2013-03-29,2013-04-03,35,1,35
SO54877,129,18413,2013-03-22,2013-03-29,2013-04-03,540,1,540
SO54877,290,18413,2013-03-22,2013-03-29,2013-04-03,4,1,4
SO54877,285,18413,2013-03-22,2013-03-29,2013-04-03,21,1,21
SO54877,246,18413,2013-03-22,2013-03-29,2013-04-03,35,1,35
SO54878,126,11474,2013-03-22,2013-03-29,2013-04-03,540,1,540
SO54878,295,11474,2013-03-22,2013-03-29,2013-04-03,5,1,5
SO54878,105,11474,2013-03-22,2013-03-29,2013-04-03,9,1,9
SO54878,278,11474,2013-03-22,2013-03-29,2013-04-03,54,1,54
SO54879,162,1336,2013-03-22,2013-03-29,2013-04-03,2384,1,2384
SO54879,245,1336,2013-03-22,2013-03-29,2013-04-03,35,1,35
SO54879,250,1336,2013-03-22,2013-03-29,2013-04-03,50,1,50
SO54879,233,1336,2013-03-22,2013-03-29,2013-04-03,24,1,24
SO54880,165,4081,2013-03-22,2013-03-29,2013-04-03,2384,1,2384
SO54880,105,4081,2013-03-22,2013-03-29,2013-04-03,9,1,9
SO54880,295,4081,2013-03-22,2013-03-29,2013-04-03,5,1,5
SO54880,166,4081,2013-03-22,2013-03-29,2013-04-03,9,1,9
SO54881,121,583,2013-03-23,2013-03-30,2013-04-04,2295,1,2295
SO54881,244,583,2013-03-23,2013-03-30,2013-04-04,35,1,35
SO54882,120,577,2013-03-23,2013-03-30,2013-04-04,2295,1,2295
SO54882,260,577,2013-03-23,2013-03-30,2013-04-04,120,1,120
SO54883,290,4761,2013-03-23,2013-03-30,2013-04-04,4,1,4
SO54884,245,960,2013-03-23,2013-03-30,2013-04-04,35,1,35
SO54885,245,784,2013-03-23,2013-03-30,2013-04-04,35,1,35
SO54886,289,8607,2013-03-23,2013-03-30,2013-04-04,5,1,5
SO54886,284,8607,2013-03-23,2013-03-30,2013-04-04,35,1,35
SO54886,244,8607,2013-03-23,2013-03-30,2013-04-04,35,1,35
SO54886,279,8607,2013-03-23,2013-03-30,2013-04-04,9,1,9
SO54887,285,15131,2013-03-23,2013-03-30,2013-04-04,21,1,21
SO54888,285,14268,2013-03-23,2013-03-30,2013-04-04,21,1,21
SO54888,290,14268,2013-03-23,2013-03-30,2013-04-04,4,1,4
SO54889,295,11964,2013-03-23,2013-03-30,2013-04-04,5,1,5
SO54889,276,11964,2013-03-23,2013-03-30,2013-04-04,54,1,54
SO54890,291,11975,2013-03-23,2013-03-30,2013-04-04,5,1,5
SO54890,259,11975,2013-03-23,2013-03-30,2013-04-04,2,1,2
SO54891,291,12078,2013-03-23,2013-03-30,2013-04-04,5,1,5
SO54891,259,12078,2013-03-23,2013-03-30,2013-04-04,2,1,2
SO54892,104,74,2013-03-23,2013-03-30,2013-04-04,10,1,10
SO54892,295,74,2013-03-23,2013-03-30,2013-04-04,5,1,5
SO54892,244,74,2013-03-23,2013-03-30,2013-04-04,35,1,35
SO54892,275,74,2013-03-23,2013-03-30,2013-04-04,54,1,54
SO54893,104,75,2013-03-23,2013-03-30,2013-04-04,10,1,10
SO54893,295,75,2013-03-23,2013-03-30,2013-04-04,5,1,5
SO54893,245,75,2013-03-23,2013-03-30,2013-04-04,35,1,35
SO54894,245,4795,2013-03-23,2013-03-30,2013-04-04,35,1,35
SO54894,278,4795,2013-03-23,2013-03-30,2013-04-04,54,1,54
SO54895,291,1993,2013-03-23,2013-03-30,2013-04-04,5,1,5
SO54895,288,1993,2013-03-23,2013-03-30,2013-04-04,29,1,29
SO54895,259,1993,2013-03-23,2013-03-30,2013-04-04,2,1,2
SO54896,139,8501,2013-03-23,2013-03-30,2013-04-04,2443,1,2443
SO54896,246,8501,2013-03-23,2013-03-30,2013-04-04,35,1,35
SO54897,290,17986,2013-03-23,2013-03-30,2013-04-04,4,1,4
SO54897,286,17986,2013-03-23,2013-03-30,2013-04-04,25,1,25
SO54897,233,17986,2013-03-23,2013-03-30,2013-04-04,24,1,24
SO54898,290,15,2013-03-23,2013-03-30,2013-04-04,4,1,4
SO54898,244,15,2013-03-23,2013-03-30,2013-04-04,35,1,35
SO54899,282,201,2013-03-23,2013-03-30,2013-04-04,25,1,25
SO54899,259,201,2013-03-23,2013-03-30,2013-04-04,2,1,2
SO54900,104,10634,2013-03-23,2013-03-30,2013-04-04,10,1,10
SO54900,247,10634,2013-03-23,2013-03-30,2013-04-04,55,1,55
SO54901,279,17669,2013-03-23,2013-03-30,2013-04-04,9,1,9
SO54901,274,17669,2013-03-23,2013-03-30,2013-04-04,70,1,70
SO54902,234,7985,2013-03-23,2013-03-30,2013-04-04,24,1,24
SO54902,272,7985,2013-03-23,2013-03-30,2013-04-04,70,1,70
SO54903,104,9414,2013-03-23,2013-03-30,2013-04-04,10,1,10
SO54903,295,9414,2013-03-23,2013-03-30,2013-04-04,5,1,5
SO54903,245,9414,2013-03-23,2013-03-30,2013-04-04,35,1,35
SO54904,272,8685,2013-03-23,2013-03-30,2013-04-04,70,1,70
SO54904,166,8685,2013-03-23,2013-03-30,2013-04-04,9,1,9
SO54905,295,6139,2013-03-23,2013-03-30,2013-04-04,5,1,5
SO54905,247,6139,2013-03-23,2013-03-30,2013-04-04,55,1,55
SO54906,289,11773,2013-03-23,2013-03-30,2013-04-04,5,1,5
SO54907,289,6664,2013-03-23,2013-03-30,2013-04-04,5,1,5
SO54907,259,6664,2013-03-23,2013-03-30,2013-04-04,2,1,2
SO54908,289,9692,2013-03-23,2013-03-30,2013-04-04,5,1,5
SO54908,246,9692,2013-03-23,2013-03-30,2013-04-04,35,1,35
SO54909,174,7152,2013-03-23,2013-03-30,2013-04-04,22,1,22
SO54909,247,7152,2013-03-23,2013-03-30,2013-04-04,55,1,55
SO54910,273,4353,2013-03-23,2013-03-30,2013-04-04,70,1,70
SO54911,290,16829,2013-03-23,2013-03-30,2013-04-04,4,1,4
SO54911,285,16829,2013-03-23,2013-03-30,2013-04-04,21,1,21
SO54911,259,16829,2013-03-23,2013-03-30,2013-04-04,2,1,2
SO54912,290,16930,2013-03-23,2013-03-30,2013-04-04,4,1,4
SO54913,288,2496,2013-03-23,2013-03-30,2013-04-04,29,1,29
SO54913,291,2496,2013-03-23,2013-03-30,2013-04-04,5,1,5
SO54913,166,2496,2013-03-23,2013-03-30,2013-04-04,9,1,9
SO54914,291,5201,2013-03-23,2013-03-30,2013-04-04,5,1,5
SO54914,244,5201,2013-03-23,2013-03-30,2013-04-04,35,1,35
SO54915,291,16962,2013-03-23,2013-03-30,2013-04-04,5,1,5
SO54915,233,16962,2013-03-23,2013-03-30,2013-04-04,24,1,24
SO54916,291,6710,2013-03-23,2013-03-30,2013-04-04,5,1,5
SO54916,245,6710,2013-03-23,2013-03-30,2013-04-04,35,1,35
SO54916,166,6710,2013-03-23,2013-03-30,2013-04-04,9,1,9
SO54917,291,1833,2013-03-23,2013-03-30,2013-04-04,5,1,5
SO54917,244,1833,2013-03-23,2013-03-30,2013-04-04,35,1,35
SO54918,244,1236,2013-03-23,2013-03-30,2013-04-04,35,1,35
SO54919,166,1513,2013-03-23,2013-03-30,2013-04-04,9,1,9
SO54920,109,4764,2013-03-23,2013-03-30,2013-04-04,540,1,540
SO54920,282,4764,2013-03-23,2013-03-30,2013-04-04,25,1,25
SO54920,289,4764,2013-03-23,2013-03-30,2013-04-04,5,1,5
SO54920,246,4764,2013-03-23,2013-03-30,2013-04-04,35,1,35
SO54921,116,2907,2013-03-23,2013-03-30,2013-04-04,769,1,769
SO54921,273,2907,2013-03-23,2013-03-30,2013-04-04,70,1,70
SO54922,118,2987,2013-03-23,2013-03-30,2013-04-04,769,1,769
SO54922,273,2987,2013-03-23,2013-03-30,2013-04-04,70,1,70
SO54922,275,2987,2013-03-23,2013-03-30,2013-04-04,54,1,54
SO54923,137,11952,2013-03-23,2013-03-30,2013-04-04,1701,1,1701
SO54923,246,11952,2013-03-23,2013-03-30,2013-04-04,35,1,35
SO54923,278,11952,2013-03-23,2013-03-30,2013-04-04,54,1,54
SO54923,166,11952,2013-03-23,2013-03-30,2013-04-04,9,1,9
SO54924,136,11955,2013-03-23,2013-03-30,2013-04-04,1701,1,1701
SO54924,246,11955,2013-03-23,2013-03-30,2013-04-04,35,1,35
SO54925,159,17954,2013-03-23,2013-03-30,2013-04-04,2384,1,2384
SO54925,278,17954,2013-03-23,2013-03-30,2013-04-04,54,1,54
SO54925,233,17954,2013-03-23,2013-03-30,2013-04-04,24,1,24
SO54926,150,17845,2013-03-23,2013-03-30,2013-04-04,742,1,742
SO54926,105,17845,2013-03-23,2013-03-30,2013-04-04,9,1,9
SO54926,168,17845,2013-03-23,2013-03-30,2013-04-04,8,1,8
SO54927,125,970,2013-03-23,2013-03-30,2013-04-04,2320,1,2320
SO54928,124,101,2013-03-23,2013-03-30,2013-04-04,2320,1,2320
SO54928,234,101,2013-03-23,2013-03-30,2013-04-04,24,1,24
SO54928,247,101,2013-03-23,2013-03-30,2013-04-04,55,1,55
SO54929,156,12282,2013-03-23,2013-03-30,2013-04-04,1215,1,1215
SO54929,244,12282,2013-03-23,2013-03-30,2013-04-04,35,1,35
SO54930,132,8681,2013-03-23,2013-03-30,2013-04-04,1120,1,1120
SO54930,248,8681,2013-03-23,2013-03-30,2013-04-04,50,1,50
SO54931,128,14722,2013-03-23,2013-03-30,2013-04-04,540,1,540
SO54931,244,14722,2013-03-23,2013-03-30,2013-04-04,35,1,35
SO54931,166,14722,2013-03-23,2013-03-30,2013-04-04,9,1,9
SO54932,132,12526,2013-03-24,2013-03-31,2013-04-05,1120,1,1120
SO54933,130,12416,2013-03-24,2013-03-31,2013-04-05,1120,1,1120
SO54933,286,12416,2013-03-24,2013-03-31,2013-04-05,25,1,25
SO54934,120,1318,2013-03-24,2013-03-31,2013-04-05,2295,1,2295
SO54934,104,1318,2013-03-24,2013-03-31,2013-04-05,10,1,10
SO54934,295,1318,2013-03-24,2013-03-31,2013-04-05,5,1,5
SO54934,246,1318,2013-03-24,2013-03-31,2013-04-05,35,1,35
SO54935,284,10211,2013-03-24,2013-03-31,2013-04-05,35,1,35
SO54935,289,10211,2013-03-24,2013-03-31,2013-04-05,5,1,5
SO54936,166,18287,2013-03-24,2013-03-31,2013-04-05,9,1,9
SO54936,295,18287,2013-03-24,2013-03-31,2013-04-05,5,1,5
SO54937,291,12087,2013-03-24,2013-03-31,2013-04-05,5,1,5
SO54937,168,12087,2013-03-24,2013-03-31,2013-04-05,8,1,8
SO54938,272,15164,2013-03-24,2013-03-31,2013-04-05,70,1,70
SO54938,278,15164,2013-03-24,2013-03-31,2013-04-05,54,1,54
SO54939,259,7933,2013-03-24,2013-03-31,2013-04-05,2,1,2
SO54940,140,12766,2013-03-24,2013-03-31,2013-04-05,2443,1,2443
SO54940,105,12766,2013-03-24,2013-03-31,2013-04-05,9,1,9
SO54940,295,12766,2013-03-24,2013-03-31,2013-04-05,5,1,5
SO54940,275,12766,2013-03-24,2013-03-31,2013-04-05,54,1,54
SO54940,233,12766,2013-03-24,2013-03-31,2013-04-05,24,1,24
SO54941,123,599,2013-03-24,2013-03-31,2013-04-05,2320,1,2320
SO54941,284,599,2013-03-24,2013-03-31,2013-04-05,35,1,35
SO54941,259,599,2013-03-24,2013-03-31,2013-04-05,2,1,2
SO54941,260,599,2013-03-24,2013-03-31,2013-04-05,120,1,120
SO54942,246,837,2013-03-24,2013-03-31,2013-04-05,35,1,35
SO54943,286,17980,2013-03-24,2013-03-31,2013-04-05,25,1,25
SO54943,279,17980,2013-03-24,2013-03-31,2013-04-05,9,1,9
SO54943,290,17980,2013-03-24,2013-03-31,2013-04-05,4,1,4
SO54944,290,18128,2013-03-24,2013-03-31,2013-04-05,4,1,4
SO54944,286,18128,2013-03-24,2013-03-31,2013-04-05,25,1,25
SO54945,288,16531,2013-03-24,2013-03-31,2013-04-05,29,1,29
SO54945,291,16531,2013-03-24,2013-03-31,2013-04-05,5,1,5
SO54945,295,16531,2013-03-24,2013-03-31,2013-04-05,5,1,5
SO54945,105,16531,2013-03-24,2013-03-31,2013-04-05,9,1,9
SO54946,289,11742,2013-03-24,2013-03-31,2013-04-05,5,1,5
SO54946,283,11742,2013-03-24,2013-03-31,2013-04-05,30,1,30
SO54947,290,12805,2013-03-24,2013-03-31,2013-04-05,4,1,4
SO54947,287,12805,2013-03-24,2013-03-31,2013-04-05,33,1,33
SO54947,244,12805,2013-03-24,2013-03-31,2013-04-05,35,1,35
SO54948,274,7523,2013-03-24,2013-03-31,2013-04-05,70,1,70
SO54949,273,7682,2013-03-24,2013-03-31,2013-04-05,70,1,70
SO54950,289,10765,2013-03-24,2013-03-31,2013-04-05,5,1,5
SO54950,259,10765,2013-03-24,2013-03-31,2013-04-05,2,1,2
SO54951,174,2869,2013-03-24,2013-03-31,2013-04-05,22,1,22
SO54951,279,2869,2013-03-24,2013-03-31,2013-04-05,9,1,9
SO54952,289,8934,2013-03-24,2013-03-31,2013-04-05,5,1,5
SO54953,282,5195,2013-03-24,2013-03-31,2013-04-05,25,1,25
SO54953,235,5195,2013-03-24,2013-03-31,2013-04-05,24,1,24
SO54954,284,4710,2013-03-24,2013-03-31,2013-04-05,35,1,35
SO54954,289,4710,2013-03-24,2013-03-31,2013-04-05,5,1,5
SO54954,247,4710,2013-03-24,2013-03-31,2013-04-05,55,1,55
SO54955,282,5559,2013-03-24,2013-03-31,2013-04-05,25,1,25
SO54956,286,5320,2013-03-24,2013-03-31,2013-04-05,25,1,25
SO54956,259,5320,2013-03-24,2013-03-31,2013-04-05,2,1,2
SO54957,290,8517,2013-03-24,2013-03-31,2013-04-05,4,1,4
SO54958,295,11815,2013-03-24,2013-03-31,2013-04-05,5,1,5
SO54959,290,9949,2013-03-24,2013-03-31,2013-04-05,4,1,4
SO54960,291,16967,2013-03-24,2013-03-31,2013-04-05,5,1,5
SO54960,246,16967,2013-03-24,2013-03-31,2013-04-05,35,1,35
SO54961,284,323,2013-03-24,2013-03-31,2013-04-05,35,1,35
SO54961,289,323,2013-03-24,2013-03-31,2013-04-05,5,1,5
SO54961,259,323,2013-03-24,2013-03-31,2013-04-05,2,1,2
SO54962,174,7812,2013-03-24,2013-03-31,2013-04-05,22,1,22
SO54962,280,7812,2013-03-24,2013-03-31,2013-04-05,9,1,9
SO54963,138,12138,2013-03-24,2013-03-31,2013-04-05,1701,1,1701
SO54963,245,12138,2013-03-24,2013-03-31,2013-04-05,35,1,35
SO54964,136,5921,2013-03-24,2013-03-31,2013-04-05,1701,1,1701
SO54965,106,10656,2013-03-24,2013-03-31,2013-04-05,540,1,540
SO54965,166,10656,2013-03-24,2013-03-31,2013-04-05,9,1,9
SO54965,249,10656,2013-03-24,2013-03-31,2013-04-05,50,1,50
SO54966,141,9303,2013-03-24,2013-03-31,2013-04-05,2443,1,2443
SO54966,168,9303,2013-03-24,2013-03-31,2013-04-05,8,1,8
SO54967,141,9304,2013-03-24,2013-03-31,2013-04-05,2443,1,2443
SO54967,105,9304,2013-03-24,2013-03-31,2013-04-05,9,1,9
SO54967,295,9304,2013-03-24,2013-03-31,2013-04-05,5,1,5
SO54967,247,9304,2013-03-24,2013-03-31,2013-04-05,55,1,55
SO54968,122,538,2013-03-24,2013-03-31,2013-04-05,2295,1,2295
SO54969,144,3703,2013-03-24,2013-03-31,2013-04-05,742,1,742
SO54969,244,3703,2013-03-24,2013-03-31,2013-04-05,35,1,35
SO54970,144,245,2013-03-24,2013-03-31,2013-04-05,742,1,742
SO54970,288,245,2013-03-24,2013-03-31,2013-04-05,29,1,29
SO54970,291,245,2013-03-24,2013-03-31,2013-04-05,5,1,5
SO54970,246,245,2013-03-24,2013-03-31,2013-04-05,35,1,35
SO54971,135,11962,2013-03-24,2013-03-31,2013-04-05,1701,1,1701
SO54971,166,11962,2013-03-24,2013-03-31,2013-04-05,9,1,9
SO54972,139,7710,2013-03-24,2013-03-31,2013-04-05,2443,1,2443
SO54972,105,7710,2013-03-24,2013-03-31,2013-04-05,9,1,9
SO54972,295,7710,2013-03-24,2013-03-31,2013-04-05,5,1,5
SO54972,247,7710,2013-03-24,2013-03-31,2013-04-05,55,1,55
SO54972,168,7710,2013-03-24,2013-03-31,2013-04-05,8,1,8
SO54973,162,13780,2013-03-24,2013-03-31,2013-04-05,2384,1,2384
SO54973,245,13780,2013-03-24,2013-03-31,2013-04-05,35,1,35
SO54974,127,14648,2013-03-24,2013-03-31,2013-04-05,540,1,540
SO54974,285,14648,2013-03-24,2013-03-31,2013-04-05,21,1,21
SO54974,259,14648,2013-03-24,2013-03-31,2013-04-05,2,1,2
SO54975,129,2257,2013-03-24,2013-03-31,2013-04-05,540,1,540
SO54975,285,2257,2013-03-24,2013-03-31,2013-04-05,21,1,21
SO54975,290,2257,2013-03-24,2013-03-31,2013-04-05,4,1,4
SO54975,247,2257,2013-03-24,2013-03-31,2013-04-05,55,1,55
SO54976,132,13889,2013-03-25,2013-04-01,2013-04-06,1120,1,1120
SO54976,277,13889,2013-03-25,2013-04-01,2013-04-06,54,1,54
SO54977,282,1679,2013-03-25,2013-04-01,2013-04-06,25,1,25
SO54977,289,1679,2013-03-25,2013-04-01,2013-04-06,5,1,5
SO54977,234,1679,2013-03-25,2013-04-01,2013-04-06,24,1,24
SO54977,244,1679,2013-03-25,2013-04-01,2013-04-06,35,1,35
SO54978,284,10224,2013-03-25,2013-04-01,2013-04-06,35,1,35
SO54978,174,10224,2013-03-25,2013-04-01,2013-04-06,22,1,22
SO54979,289,14814,2013-03-25,2013-04-01,2013-04-06,5,1,5
SO54979,174,14814,2013-03-25,2013-04-01,2013-04-06,22,1,22
SO54980,277,6231,2013-03-25,2013-04-01,2013-04-06,54,1,54
SO54981,246,4235,2013-03-25,2013-04-01,2013-04-06,35,1,35
SO54982,137,13211,2013-03-25,2013-04-01,2013-04-06,1701,1,1701
SO54982,290,13211,2013-03-25,2013-04-01,2013-04-06,4,1,4
SO54982,286,13211,2013-03-25,2013-04-01,2013-04-06,25,1,25
SO54983,138,6742,2013-03-25,2013-04-01,2013-04-06,1701,1,1701
SO54983,286,6742,2013-03-25,2013-04-01,2013-04-06,25,1,25
SO54983,290,6742,2013-03-25,2013-04-01,2013-04-06,4,1,4
SO54983,246,6742,2013-03-25,2013-04-01,2013-04-06,35,1,35
SO54983,166,6742,2013-03-25,2013-04-01,2013-04-06,9,1,9
SO54984,295,8974,2013-03-25,2013-04-01,2013-04-06,5,1,5
SO54984,279,8974,2013-03-25,2013-04-01,2013-04-06,9,1,9
SO54984,105,8974,2013-03-25,2013-04-01,2013-04-06,9,1,9
SO54985,276,204,2013-03-25,2013-04-01,2013-04-06,54,1,54
SO54986,166,3329,2013-03-25,2013-04-01,2013-04-06,9,1,9
SO54986,275,3329,2013-03-25,2013-04-01,2013-04-06,54,1,54
SO54987,259,210,2013-03-25,2013-04-01,2013-04-06,2,1,2
SO54988,259,306,2013-03-25,2013-04-01,2013-04-06,2,1,2
SO54989,285,17058,2013-03-25,2013-04-01,2013-04-06,21,1,21
SO54990,287,14262,2013-03-25,2013-04-01,2013-04-06,33,1,33
SO54990,290,14262,2013-03-25,2013-04-01,2013-04-06,4,1,4
SO54990,245,14262,2013-03-25,2013-04-01,2013-04-06,35,1,35
SO54991,283,12024,2013-03-25,2013-04-01,2013-04-06,30,1,30
SO54991,259,12024,2013-03-25,2013-04-01,2013-04-06,2,1,2
SO54992,290,12788,2013-03-25,2013-04-01,2013-04-06,4,1,4
SO54992,287,12788,2013-03-25,2013-04-01,2013-04-06,33,1,33
SO54992,246,12788,2013-03-25,2013-04-01,2013-04-06,35,1,35
SO54993,283,11768,2013-03-25,2013-04-01,2013-04-06,30,1,30
SO54993,289,11768,2013-03-25,2013-04-01,2013-04-06,5,1,5
SO54993,244,11768,2013-03-25,2013-04-01,2013-04-06,35,1,35
SO54994,283,12556,2013-03-25,2013-04-01,2013-04-06,30,1,30
SO54994,289,12556,2013-03-25,2013-04-01,2013-04-06,5,1,5
SO54995,104,10359,2013-03-25,2013-04-01,2013-04-06,10,1,10
SO54996,273,16759,2013-03-25,2013-04-01,2013-04-06,70,1,70
SO54997,274,16758,2013-03-25,2013-04-01,2013-04-06,70,1,70
SO54997,275,16758,2013-03-25,2013-04-01,2013-04-06,54,1,54
SO54997,166,16758,2013-03-25,2013-04-01,2013-04-06,9,1,9
SO54998,295,7424,2013-03-25,2013-04-01,2013-04-06,5,1,5
SO54999,295,13257,2013-03-25,2013-04-01,2013-04-06,5,1,5
SO54999,245,13257,2013-03-25,2013-04-01,2013-04-06,35,1,35
SO55000,295,7350,2013-03-25,2013-04-01,2013-04-06,5,1,5
SO55000,246,7350,2013-03-25,2013-04-01,2013-04-06,35,1,35
SO55001,289,9680,2013-03-25,2013-04-01,2013-04-06,5,1,5
SO55001,244,9680,2013-03-25,2013-04-01,2013-04-06,35,1,35
SO55001,235,9680,2013-03-25,2013-04-01,2013-04-06,24,1,24
SO55002,273,17476,2013-03-25,2013-04-01,2013-04-06,70,1,70
SO55002,276,17476,2013-03-25,2013-04-01,2013-04-06,54,1,54
SO55003,289,5450,2013-03-25,2013-04-01,2013-04-06,5,1,5
SO55003,245,5450,2013-03-25,2013-04-01,2013-04-06,35,1,35
SO55004,174,1845,2013-03-25,2013-04-01,2013-04-06,22,1,22
SO55004,246,1845,2013-03-25,2013-04-01,2013-04-06,35,1,35
SO55005,283,5293,2013-03-25,2013-04-01,2013-04-06,30,1,30
SO55005,259,5293,2013-03-25,2013-04-01,2013-04-06,2,1,2
SO55006,282,8065,2013-03-25,2013-04-01,2013-04-06,25,1,25
SO55006,289,8065,2013-03-25,2013-04-01,2013-04-06,5,1,5
SO55006,259,8065,2013-03-25,2013-04-01,2013-04-06,2,1,2
SO55007,290,11867,2013-03-25,2013-04-01,2013-04-06,4,1,4
SO55007,259,11867,2013-03-25,2013-04-01,2013-04-06,2,1,2
SO55008,295,10852,2013-03-25,2013-04-01,2013-04-06,5,1,5
SO55009,293,11389,2013-03-25,2013-04-01,2013-04-06,64,1,64
SO55009,295,11389,2013-03-25,2013-04-01,2013-04-06,5,1,5
SO55010,290,13121,2013-03-25,2013-04-01,2013-04-06,4,1,4
SO55011,290,9943,2013-03-25,2013-04-01,2013-04-06,4,1,4
SO55012,289,961,2013-03-25,2013-04-01,2013-04-06,5,1,5
SO55012,284,961,2013-03-25,2013-04-01,2013-04-06,35,1,35
SO55013,174,2032,2013-03-25,2013-04-01,2013-04-06,22,1,22
SO55014,289,1440,2013-03-25,2013-04-01,2013-04-06,5,1,5
SO55014,284,1440,2013-03-25,2013-04-01,2013-04-06,35,1,35
SO55014,244,1440,2013-03-25,2013-04-01,2013-04-06,35,1,35
SO55014,251,1440,2013-03-25,2013-04-01,2013-04-06,50,1,50
SO55015,113,8025,2013-03-25,2013-04-01,2013-04-06,565,1,565
SO55015,104,8025,2013-03-25,2013-04-01,2013-04-06,10,1,10
SO55015,295,8025,2013-03-25,2013-04-01,2013-04-06,5,1,5
SO55015,260,8025,2013-03-25,2013-04-01,2013-04-06,120,1,120
SO55016,107,8014,2013-03-25,2013-04-01,2013-04-06,540,1,540
SO55016,174,8014,2013-03-25,2013-04-01,2013-04-06,22,1,22
SO55016,235,8014,2013-03-25,2013-04-01,2013-04-06,24,1,24
SO55016,249,8014,2013-03-25,2013-04-01,2013-04-06,50,1,50
SO55017,139,5141,2013-03-25,2013-04-01,2013-04-06,2443,1,2443
SO55017,244,5141,2013-03-25,2013-04-01,2013-04-06,35,1,35
SO55017,251,5141,2013-03-25,2013-04-01,2013-04-06,50,1,50
SO55018,124,540,2013-03-25,2013-04-01,2013-04-06,2320,1,2320
SO55018,284,540,2013-03-25,2013-04-01,2013-04-06,35,1,35
SO55018,289,540,2013-03-25,2013-04-01,2013-04-06,5,1,5
SO55018,245,540,2013-03-25,2013-04-01,2013-04-06,35,1,35
SO55018,234,540,2013-03-25,2013-04-01,2013-04-06,24,1,24
SO55019,124,1163,2013-03-25,2013-04-01,2013-04-06,2320,1,2320
SO55019,104,1163,2013-03-25,2013-04-01,2013-04-06,10,1,10
SO55019,295,1163,2013-03-25,2013-04-01,2013-04-06,5,1,5
SO55020,124,1083,2013-03-25,2013-04-01,2013-04-06,2320,1,2320
SO55020,104,1083,2013-03-25,2013-04-01,2013-04-06,10,1,10
SO55020,295,1083,2013-03-25,2013-04-01,2013-04-06,5,1,5
SO55021,151,3526,2013-03-25,2013-04-01,2013-04-06,742,1,742
SO55021,245,3526,2013-03-25,2013-04-01,2013-04-06,35,1,35
SO55022,155,5394,2013-03-25,2013-04-01,2013-04-06,1215,1,1215
SO55022,248,5394,2013-03-25,2013-04-01,2013-04-06,50,1,50
SO55023,166,15768,2013-03-25,2013-04-01,2013-04-06,9,1,9
SO55023,129,15768,2013-03-25,2013-04-01,2013-04-06,540,1,540
SO55024,161,17941,2013-03-25,2013-04-01,2013-04-06,2384,1,2384
SO55024,166,17941,2013-03-25,2013-04-01,2013-04-06,9,1,9
SO55025,142,7696,2013-03-25,2013-04-01,2013-04-06,2443,1,2443
SO55025,168,7696,2013-03-25,2013-04-01,2013-04-06,8,1,8
SO55026,121,910,2013-03-25,2013-04-01,2013-04-06,2295,1,2295
SO55026,259,910,2013-03-25,2013-04-01,2013-04-06,2,1,2
SO55027,126,3887,2013-03-25,2013-04-01,2013-04-06,540,1,540
SO55028,127,14747,2013-03-25,2013-04-01,2013-04-06,540,1,540
SO55028,285,14747,2013-03-25,2013-04-01,2013-04-06,21,1,21
SO55029,279,14732,2013-03-25,2013-04-01,2013-04-06,9,1,9
SO55029,128,14732,2013-03-25,2013-04-01,2013-04-06,540,1,540
SO55030,142,7491,2013-03-26,2013-04-02,2013-04-07,2443,1,2443
SO55030,168,7491,2013-03-26,2013-04-02,2013-04-07,8,1,8
SO55031,132,13903,2013-03-26,2013-04-02,2013-04-07,1120,1,1120
SO55032,134,5519,2013-03-26,2013-04-02,2013-04-07,1120,1,1120
SO55033,124,428,2013-03-26,2013-04-02,2013-04-07,2320,1,2320
SO55033,245,428,2013-03-26,2013-04-02,2013-04-07,35,1,35
SO55034,105,1777,2013-03-26,2013-04-02,2013-04-07,9,1,9
SO55034,295,1777,2013-03-26,2013-04-02,2013-04-07,5,1,5
SO55034,245,1777,2013-03-26,2013-04-02,2013-04-07,35,1,35
SO55035,289,1371,2013-03-26,2013-04-02,2013-04-07,5,1,5
SO55035,282,1371,2013-03-26,2013-04-02,2013-04-07,25,1,25
SO55035,259,1371,2013-03-26,2013-04-02,2013-04-07,2,1,2
SO55036,286,4732,2013-03-26,2013-04-02,2013-04-07,25,1,25
SO55037,283,4427,2013-03-26,2013-04-02,2013-04-07,30,1,30
SO55037,289,4427,2013-03-26,2013-04-02,2013-04-07,5,1,5
SO55037,174,4427,2013-03-26,2013-04-02,2013-04-07,22,1,22
SO55037,295,4427,2013-03-26,2013-04-02,2013-04-07,5,1,5
SO55037,104,4427,2013-03-26,2013-04-02,2013-04-07,10,1,10
SO55037,244,4427,2013-03-26,2013-04-02,2013-04-07,35,1,35
SO55038,284,10990,2013-03-26,2013-04-02,2013-04-07,35,1,35
SO55039,290,15180,2013-03-26,2013-04-02,2013-04-07,4,1,4
SO55039,245,15180,2013-03-26,2013-04-02,2013-04-07,35,1,35
SO55040,245,4585,2013-03-26,2013-04-02,2013-04-07,35,1,35
SO55041,290,2138,2013-03-26,2013-04-02,2013-04-07,4,1,4
SO55042,116,4633,2013-03-26,2013-04-02,2013-04-07,769,1,769
SO55042,283,4633,2013-03-26,2013-04-02,2013-04-07,30,1,30
SO55042,289,4633,2013-03-26,2013-04-02,2013-04-07,5,1,5
SO55042,244,4633,2013-03-26,2013-04-02,2013-04-07,35,1,35
SO55042,248,4633,2013-03-26,2013-04-02,2013-04-07,50,1,50
SO55043,290,16224,2013-03-26,2013-04-02,2013-04-07,4,1,4
SO55043,259,16224,2013-03-26,2013-04-02,2013-04-07,2,1,2
SO55044,290,809,2013-03-26,2013-04-02,2013-04-07,4,1,4
SO55044,285,809,2013-03-26,2013-04-02,2013-04-07,21,1,21
SO55044,259,809,2013-03-26,2013-04-02,2013-04-07,2,1,2
SO55044,281,809,2013-03-26,2013-04-02,2013-04-07,159,1,159
SO55045,291,712,2013-03-26,2013-04-02,2013-04-07,5,1,5
SO55046,291,204,2013-03-26,2013-04-02,2013-04-07,5,1,5
SO55047,290,224,2013-03-26,2013-04-02,2013-04-07,4,1,4
SO55047,287,224,2013-03-26,2013-04-02,2013-04-07,33,1,33
SO55047,244,224,2013-03-26,2013-04-02,2013-04-07,35,1,35
SO55048,283,12466,2013-03-26,2013-04-02,2013-04-07,30,1,30
SO55048,289,12466,2013-03-26,2013-04-02,2013-04-07,5,1,5
SO55049,289,1985,2013-03-26,2013-04-02,2013-04-07,5,1,5
SO55049,283,1985,2013-03-26,2013-04-02,2013-04-07,30,1,30
SO55049,244,1985,2013-03-26,2013-04-02,2013-04-07,35,1,35
SO55050,283,11228,2013-03-26,2013-04-02,2013-04-07,30,1,30
SO55050,289,11228,2013-03-26,2013-04-02,2013-04-07,5,1,5
SO55051,283,12381,2013-03-26,2013-04-02,2013-04-07,30,1,30
SO55051,289,12381,2013-03-26,2013-04-02,2013-04-07,5,1,5
SO55051,244,12381,2013-03-26,2013-04-02,2013-04-07,35,1,35
SO55052,283,11186,2013-03-26,2013-04-02,2013-04-07,30,1,30
SO55052,279,11186,2013-03-26,2013-04-02,2013-04-07,9,1,9
SO55053,104,10299,2013-03-26,2013-04-02,2013-04-07,10,1,10
SO55053,295,10299,2013-03-26,2013-04-02,2013-04-07,5,1,5
SO55053,278,10299,2013-03-26,2013-04-02,2013-04-07,54,1,54
SO55053,234,10299,2013-03-26,2013-04-02,2013-04-07,24,1,24
SO55054,104,9513,2013-03-26,2013-04-02,2013-04-07,10,1,10
SO55055,274,9118,2013-03-26,2013-04-02,2013-04-07,70,1,70
SO55055,166,9118,2013-03-26,2013-04-02,2013-04-07,9,1,9
SO55056,295,7064,2013-03-26,2013-04-02,2013-04-07,5,1,5
SO55056,251,7064,2013-03-26,2013-04-02,2013-04-07,50,1,50
SO55057,295,7106,2013-03-26,2013-04-02,2013-04-07,5,1,5
SO55057,244,7106,2013-03-26,2013-04-02,2013-04-07,35,1,35
SO55058,289,4157,2013-03-26,2013-04-02,2013-04-07,5,1,5
SO55058,260,4157,2013-03-26,2013-04-02,2013-04-07,120,1,120
SO55059,174,7756,2013-03-26,2013-04-02,2013-04-07,22,1,22
SO55059,245,7756,2013-03-26,2013-04-02,2013-04-07,35,1,35
SO55060,273,17463,2013-03-26,2013-04-02,2013-04-07,70,1,70
SO55061,273,4108,2013-03-26,2013-04-02,2013-04-07,70,1,70
SO55062,289,7170,2013-03-26,2013-04-02,2013-04-07,5,1,5
SO55062,259,7170,2013-03-26,2013-04-02,2013-04-07,2,1,2
SO55063,284,4616,2013-03-26,2013-04-02,2013-04-07,35,1,35
SO55063,289,4616,2013-03-26,2013-04-02,2013-04-07,5,1,5
SO55063,259,4616,2013-03-26,2013-04-02,2013-04-07,2,1,2
SO55064,290,4354,2013-03-26,2013-04-02,2013-04-07,4,1,4
SO55064,287,4354,2013-03-26,2013-04-02,2013-04-07,33,1,33
SO55064,245,4354,2013-03-26,2013-04-02,2013-04-07,35,1,35
SO55064,250,4354,2013-03-26,2013-04-02,2013-04-07,50,1,50
SO55064,166,4354,2013-03-26,2013-04-02,2013-04-07,9,1,9
SO55065,283,3866,2013-03-26,2013-04-02,2013-04-07,30,1,30
SO55066,286,5558,2013-03-26,2013-04-02,2013-04-07,25,1,25
SO55066,290,5558,2013-03-26,2013-04-02,2013-04-07,4,1,4
SO55066,259,5558,2013-03-26,2013-04-02,2013-04-07,2,1,2
SO55067,295,8276,2013-03-26,2013-04-02,2013-04-07,5,1,5
SO55067,166,8276,2013-03-26,2013-04-02,2013-04-07,9,1,9
SO55068,283,6741,2013-03-26,2013-04-02,2013-04-07,30,1,30
SO55068,280,6741,2013-03-26,2013-04-02,2013-04-07,9,1,9
SO55069,291,2494,2013-03-26,2013-04-02,2013-04-07,5,1,5
SO55069,288,2494,2013-03-26,2013-04-02,2013-04-07,29,1,29
SO55070,291,14315,2013-03-26,2013-04-02,2013-04-07,5,1,5
SO55070,259,14315,2013-03-26,2013-04-02,2013-04-07,2,1,2
SO55071,288,16154,2013-03-26,2013-04-02,2013-04-07,29,1,29
SO55071,291,16154,2013-03-26,2013-04-02,2013-04-07,5,1,5
SO55071,166,16154,2013-03-26,2013-04-02,2013-04-07,9,1,9
SO55072,291,14514,2013-03-26,2013-04-02,2013-04-07,5,1,5
SO55072,259,14514,2013-03-26,2013-04-02,2013-04-07,2,1,2
SO55073,289,1945,2013-03-26,2013-04-02,2013-04-07,5,1,5
SO55073,284,1945,2013-03-26,2013-04-02,2013-04-07,35,1,35
SO55074,289,4009,2013-03-26,2013-04-02,2013-04-07,5,1,5
SO55074,284,4009,2013-03-26,2013-04-02,2013-04-07,35,1,35
SO55074,244,4009,2013-03-26,2013-04-02,2013-04-07,35,1,35
SO55075,135,5899,2013-03-26,2013-04-02,2013-04-07,1701,1,1701
SO55075,248,5899,2013-03-26,2013-04-02,2013-04-07,50,1,50
SO55076,118,2991,2013-03-26,2013-04-02,2013-04-07,769,1,769
SO55076,274,2991,2013-03-26,2013-04-02,2013-04-07,70,1,70
SO55076,277,2991,2013-03-26,2013-04-02,2013-04-07,54,1,54
SO55077,122,1156,2013-03-26,2013-04-02,2013-04-07,2295,1,2295
SO55077,174,1156,2013-03-26,2013-04-02,2013-04-07,22,1,22
SO55077,245,1156,2013-03-26,2013-04-02,2013-04-07,35,1,35
SO55078,157,14539,2013-03-26,2013-04-02,2013-04-07,1215,1,1215
SO55078,295,14539,2013-03-26,2013-04-02,2013-04-07,5,1,5
SO55078,105,14539,2013-03-26,2013-04-02,2013-04-07,9,1,9
SO55079,136,11954,2013-03-26,2013-04-02,2013-04-07,1701,1,1701
SO55079,105,11954,2013-03-26,2013-04-02,2013-04-07,9,1,9
SO55079,168,11954,2013-03-26,2013-04-02,2013-04-07,8,1,8
SO55080,161,17953,2013-03-26,2013-04-02,2013-04-07,2384,1,2384
SO55080,288,17953,2013-03-26,2013-04-02,2013-04-07,29,1,29
SO55080,291,17953,2013-03-26,2013-04-02,2013-04-07,5,1,5
SO55080,247,17953,2013-03-26,2013-04-02,2013-04-07,55,1,55
SO55081,141,7726,2013-03-26,2013-04-02,2013-04-07,2443,1,2443
SO55081,105,7726,2013-03-26,2013-04-02,2013-04-07,9,1,9
SO55081,295,7726,2013-03-26,2013-04-02,2013-04-07,5,1,5
SO55081,166,7726,2013-03-26,2013-04-02,2013-04-07,9,1,9
SO55082,112,4793,2013-03-26,2013-04-02,2013-04-07,565,1,565
SO55082,166,4793,2013-03-26,2013-04-02,2013-04-07,9,1,9
SO55083,120,965,2013-03-26,2013-04-02,2013-04-07,2295,1,2295
SO55083,284,965,2013-03-26,2013-04-02,2013-04-07,35,1,35
SO55084,122,905,2013-03-26,2013-04-02,2013-04-07,2295,1,2295
SO55084,174,905,2013-03-26,2013-04-02,2013-04-07,22,1,22
SO55084,278,905,2013-03-26,2013-04-02,2013-04-07,54,1,54
SO55084,235,905,2013-03-26,2013-04-02,2013-04-07,24,1,24
SO55085,123,906,2013-03-26,2013-04-02,2013-04-07,2320,1,2320
SO55085,284,906,2013-03-26,2013-04-02,2013-04-07,35,1,35
SO55085,289,906,2013-03-26,2013-04-02,2013-04-07,5,1,5
SO55085,168,906,2013-03-26,2013-04-02,2013-04-07,8,1,8
SO55086,157,14282,2013-03-26,2013-04-02,2013-04-07,1215,1,1215
SO55086,246,14282,2013-03-26,2013-04-02,2013-04-07,35,1,35
SO55087,164,13671,2013-03-26,2013-04-02,2013-04-07,2384,1,2384
SO55087,246,13671,2013-03-26,2013-04-02,2013-04-07,35,1,35
SO55088,126,11337,2013-03-26,2013-04-02,2013-04-07,540,1,540
SO55088,285,11337,2013-03-26,2013-04-02,2013-04-07,21,1,21
SO55088,290,11337,2013-03-26,2013-04-02,2013-04-07,4,1,4
SO55088,244,11337,2013-03-26,2013-04-02,2013-04-07,35,1,35
SO55089,134,8672,2013-03-26,2013-04-02,2013-04-07,1120,1,1120
SO55089,248,8672,2013-03-26,2013-04-02,2013-04-07,50,1,50
SO55090,133,8502,2013-03-26,2013-04-02,2013-04-07,1120,1,1120
SO55091,131,12221,2013-03-26,2013-04-02,2013-04-07,1120,1,1120
SO55091,275,12221,2013-03-26,2013-04-02,2013-04-07,54,1,54
SO55092,131,12527,2013-03-27,2013-04-03,2013-04-08,1120,1,1120
SO55093,121,550,2013-03-27,2013-04-03,2013-04-08,2295,1,2295
SO55093,295,550,2013-03-27,2013-04-03,2013-04-08,5,1,5
SO55093,104,550,2013-03-27,2013-04-03,2013-04-08,10,1,10
SO55094,248,859,2013-03-27,2013-04-03,2013-04-08,50,1,50
SO55095,282,151,2013-03-27,2013-04-03,2013-04-08,25,1,25
SO55095,289,151,2013-03-27,2013-04-03,2013-04-08,5,1,5
SO55095,246,151,2013-03-27,2013-04-03,2013-04-08,35,1,35
SO55095,233,151,2013-03-27,2013-04-03,2013-04-08,24,1,24
SO55095,276,151,2013-03-27,2013-04-03,2013-04-08,54,1,54
SO55096,285,8604,2013-03-27,2013-04-03,2013-04-08,21,1,21
SO55096,290,8604,2013-03-27,2013-04-03,2013-04-08,4,1,4
SO55097,174,8568,2013-03-27,2013-04-03,2013-04-08,22,1,22
SO55097,276,8568,2013-03-27,2013-04-03,2013-04-08,54,1,54
SO55098,274,15665,2013-03-27,2013-04-03,2013-04-08,70,1,70
SO55098,278,15665,2013-03-27,2013-04-03,2013-04-08,54,1,54
SO55099,289,14224,2013-03-27,2013-04-03,2013-04-08,5,1,5
SO55099,245,14224,2013-03-27,2013-04-03,2013-04-08,35,1,35
SO55099,278,14224,2013-03-27,2013-04-03,2013-04-08,54,1,54
SO55099,166,14224,2013-03-27,2013-04-03,2013-04-08,9,1,9
SO55100,288,16388,2013-03-27,2013-04-03,2013-04-08,29,1,29
SO55100,291,16388,2013-03-27,2013-04-03,2013-04-08,5,1,5
SO55101,291,499,2013-03-27,2013-04-03,2013-04-08,5,1,5
SO55101,247,499,2013-03-27,2013-04-03,2013-04-08,55,1,55
SO55102,290,502,2013-03-27,2013-04-03,2013-04-08,4,1,4
SO55102,259,502,2013-03-27,2013-04-03,2013-04-08,2,1,2
SO55103,291,17006,2013-03-27,2013-04-03,2013-04-08,5,1,5
SO55103,259,17006,2013-03-27,2013-04-03,2013-04-08,2,1,2
SO55104,282,506,2013-03-27,2013-04-03,2013-04-08,25,1,25
SO55104,259,506,2013-03-27,2013-04-03,2013-04-08,2,1,2
SO55105,287,2763,2013-03-27,2013-04-03,2013-04-08,33,1,33
SO55105,290,2763,2013-03-27,2013-04-03,2013-04-08,4,1,4
SO55106,283,7756,2013-03-27,2013-04-03,2013-04-08,30,1,30
SO55107,289,502,2013-03-27,2013-04-03,2013-04-08,5,1,5
SO55107,283,502,2013-03-27,2013-04-03,2013-04-08,30,1,30
SO55107,174,502,2013-03-27,2013-04-03,2013-04-08,22,1,22
SO55107,246,502,2013-03-27,2013-04-03,2013-04-08,35,1,35
SO55108,289,11143,2013-03-27,2013-04-03,2013-04-08,5,1,5
SO55108,283,11143,2013-03-27,2013-04-03,2013-04-08,30,1,30
SO55108,174,11143,2013-03-27,2013-04-03,2013-04-08,22,1,22
SO55108,104,11143,2013-03-27,2013-04-03,2013-04-08,10,1,10
SO55108,295,11143,2013-03-27,2013-04-03,2013-04-08,5,1,5
SO55109,295,6028,2013-03-27,2013-04-03,2013-04-08,5,1,5
SO55109,104,6028,2013-03-27,2013-04-03,2013-04-08,10,1,10
SO55109,276,6028,2013-03-27,2013-04-03,2013-04-08,54,1,54
SO55109,233,6028,2013-03-27,2013-04-03,2013-04-08,24,1,24
SO55110,274,7808,2013-03-27,2013-04-03,2013-04-08,70,1,70
SO55110,250,7808,2013-03-27,2013-04-03,2013-04-08,50,1,50
SO55111,295,15450,2013-03-27,2013-04-03,2013-04-08,5,1,5
SO55112,273,7837,2013-03-27,2013-04-03,2013-04-08,70,1,70
SO55112,166,7837,2013-03-27,2013-04-03,2013-04-08,9,1,9
SO55112,248,7837,2013-03-27,2013-04-03,2013-04-08,50,1,50
SO55113,295,6162,2013-03-27,2013-04-03,2013-04-08,5,1,5
SO55113,247,6162,2013-03-27,2013-04-03,2013-04-08,55,1,55
SO55114,289,7322,2013-03-27,2013-04-03,2013-04-08,5,1,5
SO55114,168,7322,2013-03-27,2013-04-03,2013-04-08,8,1,8
SO55115,174,3712,2013-03-27,2013-04-03,2013-04-08,22,1,22
SO55115,249,3712,2013-03-27,2013-04-03,2013-04-08,50,1,50
SO55116,282,5459,2013-03-27,2013-04-03,2013-04-08,25,1,25
SO55117,272,17443,2013-03-27,2013-04-03,2013-04-08,70,1,70
SO55118,289,6084,2013-03-27,2013-04-03,2013-04-08,5,1,5
SO55118,282,6084,2013-03-27,2013-04-03,2013-04-08,25,1,25
SO55118,174,6084,2013-03-27,2013-04-03,2013-04-08,22,1,22
SO55119,290,5456,2013-03-27,2013-04-03,2013-04-08,4,1,4
SO55119,286,5456,2013-03-27,2013-04-03,2013-04-08,25,1,25
SO55120,291,16851,2013-03-27,2013-04-03,2013-04-08,5,1,5
SO55120,295,16851,2013-03-27,2013-04-03,2013-04-08,5,1,5
SO55120,105,16851,2013-03-27,2013-04-03,2013-04-08,9,1,9
SO55120,276,16851,2013-03-27,2013-04-03,2013-04-08,54,1,54
SO55121,288,2677,2013-03-27,2013-04-03,2013-04-08,29,1,29
SO55121,291,2677,2013-03-27,2013-04-03,2013-04-08,5,1,5
SO55121,259,2677,2013-03-27,2013-04-03,2013-04-08,2,1,2
SO55122,288,15973,2013-03-27,2013-04-03,2013-04-08,29,1,29
SO55122,291,15973,2013-03-27,2013-04-03,2013-04-08,5,1,5
SO55122,250,15973,2013-03-27,2013-04-03,2013-04-08,50,1,50
SO55123,291,14580,2013-03-27,2013-04-03,2013-04-08,5,1,5
SO55123,246,14580,2013-03-27,2013-04-03,2013-04-08,35,1,35
SO55124,174,2433,2013-03-27,2013-04-03,2013-04-08,22,1,22
SO55124,244,2433,2013-03-27,2013-04-03,2013-04-08,35,1,35
SO55125,174,2297,2013-03-27,2013-04-03,2013-04-08,22,1,22
SO55126,276,441,2013-03-27,2013-04-03,2013-04-08,54,1,54
SO55126,235,441,2013-03-27,2013-04-03,2013-04-08,24,1,24
SO55127,174,7079,2013-03-27,2013-04-03,2013-04-08,22,1,22
SO55127,251,7079,2013-03-27,2013-04-03,2013-04-08,50,1,50
SO55128,107,4828,2013-03-27,2013-04-03,2013-04-08,540,1,540
SO55128,174,4828,2013-03-27,2013-04-03,2013-04-08,22,1,22
SO55128,104,4828,2013-03-27,2013-04-03,2013-04-08,10,1,10
SO55128,295,4828,2013-03-27,2013-04-03,2013-04-08,5,1,5
SO55128,251,4828,2013-03-27,2013-04-03,2013-04-08,50,1,50
SO55128,279,4828,2013-03-27,2013-04-03,2013-04-08,9,1,9
SO55129,112,4914,2013-03-27,2013-04-03,2013-04-08,565,1,565
SO55129,282,4914,2013-03-27,2013-04-03,2013-04-08,25,1,25
SO55129,259,4914,2013-03-27,2013-04-03,2013-04-08,2,1,2
SO55129,260,4914,2013-03-27,2013-04-03,2013-04-08,120,1,120
SO55130,141,9340,2013-03-27,2013-04-03,2013-04-08,2443,1,2443
SO55130,246,9340,2013-03-27,2013-04-03,2013-04-08,35,1,35
SO55130,250,9340,2013-03-27,2013-04-03,2013-04-08,50,1,50
SO55131,118,7924,2013-03-27,2013-04-03,2013-04-08,769,1,769
SO55131,245,7924,2013-03-27,2013-04-03,2013-04-08,35,1,35
SO55132,123,27,2013-03-27,2013-04-03,2013-04-08,2320,1,2320
SO55132,247,27,2013-03-27,2013-04-03,2013-04-08,55,1,55
SO55132,233,27,2013-03-27,2013-04-03,2013-04-08,24,1,24
SO55133,121,968,2013-03-27,2013-04-03,2013-04-08,2295,1,2295
SO55133,166,968,2013-03-27,2013-04-03,2013-04-08,9,1,9
SO55133,247,968,2013-03-27,2013-04-03,2013-04-08,55,1,55
SO55134,125,899,2013-03-27,2013-04-03,2013-04-08,2320,1,2320
SO55134,284,899,2013-03-27,2013-04-03,2013-04-08,35,1,35
SO55134,289,899,2013-03-27,2013-04-03,2013-04-08,5,1,5
SO55134,244,899,2013-03-27,2013-04-03,2013-04-08,35,1,35
SO55135,162,13674,2013-03-27,2013-04-03,2013-04-08,2384,1,2384
SO55135,246,13674,2013-03-27,2013-04-03,2013-04-08,35,1,35
SO55135,280,13674,2013-03-27,2013-04-03,2013-04-08,9,1,9
SO55136,129,11375,2013-03-27,2013-04-03,2013-04-08,540,1,540
SO55136,285,11375,2013-03-27,2013-04-03,2013-04-08,21,1,21
SO55136,290,11375,2013-03-27,2013-04-03,2013-04-08,4,1,4
SO55136,245,11375,2013-03-27,2013-04-03,2013-04-08,35,1,35
SO55137,131,12231,2013-03-27,2013-04-03,2013-04-08,1120,1,1120
SO55137,245,12231,2013-03-27,2013-04-03,2013-04-08,35,1,35
SO55138,144,17112,2013-03-27,2013-04-03,2013-04-08,742,1,742
SO55138,288,17112,2013-03-27,2013-04-03,2013-04-08,29,1,29
SO55138,291,17112,2013-03-27,2013-04-03,2013-04-08,5,1,5
SO55138,244,17112,2013-03-27,2013-04-03,2013-04-08,35,1,35
SO55138,277,17112,2013-03-27,2013-04-03,2013-04-08,54,1,54
SO55139,130,12418,2013-03-28,2013-04-04,2013-04-09,1120,1,1120
SO55139,246,12418,2013-03-28,2013-04-04,2013-04-09,35,1,35
SO55140,154,1000,2013-03-28,2013-04-04,2013-04-09,1215,1,1215
SO55140,288,1000,2013-03-28,2013-04-04,2013-04-09,29,1,29
SO55140,291,1000,2013-03-28,2013-04-04,2013-04-09,5,1,5
SO55140,246,1000,2013-03-28,2013-04-04,2013-04-09,35,1,35
SO55140,233,1000,2013-03-28,2013-04-04,2013-04-09,24,1,24
SO55141,124,549,2013-03-28,2013-04-04,2013-04-09,2320,1,2320
SO55141,244,549,2013-03-28,2013-04-04,2013-04-09,35,1,35
SO55141,250,549,2013-03-28,2013-04-04,2013-04-09,50,1,50
SO55141,233,549,2013-03-28,2013-04-04,2013-04-09,24,1,24
SO55142,125,434,2013-03-28,2013-04-04,2013-04-09,2320,1,2320
SO55142,259,434,2013-03-28,2013-04-04,2013-04-09,2,1,2
SO55143,260,2171,2013-03-28,2013-04-04,2013-04-09,120,1,120
SO55144,295,9318,2013-03-28,2013-04-04,2013-04-09,5,1,5
SO55144,278,9318,2013-03-28,2013-04-04,2013-04-09,54,1,54
SO55145,136,12781,2013-03-28,2013-04-04,2013-04-09,1701,1,1701
SO55145,249,12781,2013-03-28,2013-04-04,2013-04-09,50,1,50
SO55146,121,1751,2013-03-28,2013-04-04,2013-04-09,2295,1,2295
SO55146,104,1751,2013-03-28,2013-04-04,2013-04-09,10,1,10
SO55146,295,1751,2013-03-28,2013-04-04,2013-04-09,5,1,5
SO55147,286,18242,2013-03-28,2013-04-04,2013-04-09,25,1,25
SO55148,259,214,2013-03-28,2013-04-04,2013-04-09,2,1,2
SO55149,285,16655,2013-03-28,2013-04-04,2013-04-09,21,1,21
SO55150,285,16480,2013-03-28,2013-04-04,2013-04-09,21,1,21
SO55150,259,16480,2013-03-28,2013-04-04,2013-04-09,2,1,2
SO55151,291,216,2013-03-28,2013-04-04,2013-04-09,5,1,5
SO55151,245,216,2013-03-28,2013-04-04,2013-04-09,35,1,35
SO55152,282,14954,2013-03-28,2013-04-04,2013-04-09,25,1,25
SO55152,244,14954,2013-03-28,2013-04-04,2013-04-09,35,1,35
SO55153,282,9747,2013-03-28,2013-04-04,2013-04-09,25,1,25
SO55153,289,9747,2013-03-28,2013-04-04,2013-04-09,5,1,5
SO55153,245,9747,2013-03-28,2013-04-04,2013-04-09,35,1,35
SO55154,287,5960,2013-03-28,2013-04-04,2013-04-09,33,1,33
SO55154,259,5960,2013-03-28,2013-04-04,2013-04-09,2,1,2
SO55155,290,13743,2013-03-28,2013-04-04,2013-04-09,4,1,4
SO55155,287,13743,2013-03-28,2013-04-04,2013-04-09,33,1,33
SO55156,287,13424,2013-03-28,2013-04-04,2013-04-09,33,1,33
SO55157,289,7687,2013-03-28,2013-04-04,2013-04-09,5,1,5
SO55157,283,7687,2013-03-28,2013-04-04,2013-04-09,30,1,30
SO55157,245,7687,2013-03-28,2013-04-04,2013-04-09,35,1,35
SO55158,274,499,2013-03-28,2013-04-04,2013-04-09,70,1,70
SO55158,166,499,2013-03-28,2013-04-04,2013-04-09,9,1,9
SO55159,273,8897,2013-03-28,2013-04-04,2013-04-09,70,1,70
SO55160,166,9015,2013-03-28,2013-04-04,2013-04-09,9,1,9
SO55160,273,9015,2013-03-28,2013-04-04,2013-04-09,70,1,70
SO55161,289,5116,2013-03-28,2013-04-04,2013-04-09,5,1,5
SO55161,259,5116,2013-03-28,2013-04-04,2013-04-09,2,1,2
SO55162,295,7328,2013-03-28,2013-04-04,2013-04-09,5,1,5
SO55162,279,7328,2013-03-28,2013-04-04,2013-04-09,9,1,9
SO55163,289,13400,2013-03-28,2013-04-04,2013-04-09,5,1,5
SO55163,168,13400,2013-03-28,2013-04-04,2013-04-09,8,1,8
SO55163,260,13400,2013-03-28,2013-04-04,2013-04-09,120,1,120
SO55164,287,3532,2013-03-28,2013-04-04,2013-04-09,33,1,33
SO55164,290,3532,2013-03-28,2013-04-04,2013-04-09,4,1,4
SO55164,244,3532,2013-03-28,2013-04-04,2013-04-09,35,1,35
SO55165,286,11325,2013-03-28,2013-04-04,2013-04-09,25,1,25
SO55166,282,5475,2013-03-28,2013-04-04,2013-04-09,25,1,25
SO55167,286,7037,2013-03-28,2013-04-04,2013-04-09,25,1,25
SO55168,290,16904,2013-03-28,2013-04-04,2013-04-09,4,1,4
SO55168,287,16904,2013-03-28,2013-04-04,2013-04-09,33,1,33
SO55168,259,16904,2013-03-28,2013-04-04,2013-04-09,2,1,2
SO55169,290,8516,2013-03-28,2013-04-04,2013-04-09,4,1,4
SO55169,259,8516,2013-03-28,2013-04-04,2013-04-09,2,1,2
SO55170,295,10115,2013-03-28,2013-04-04,2013-04-09,5,1,5
SO55171,285,567,2013-03-28,2013-04-04,2013-04-09,21,1,21
SO55171,290,567,2013-03-28,2013-04-04,2013-04-09,4,1,4
SO55171,259,567,2013-03-28,2013-04-04,2013-04-09,2,1,2
SO55172,174,2184,2013-03-28,2013-04-04,2013-04-09,22,1,22
SO55172,275,2184,2013-03-28,2013-04-04,2013-04-09,54,1,54
SO55173,116,2980,2013-03-28,2013-04-04,2013-04-09,769,1,769
SO55173,273,2980,2013-03-28,2013-04-04,2013-04-09,70,1,70
SO55174,136,7722,2013-03-28,2013-04-04,2013-04-09,1701,1,1701
SO55174,278,7722,2013-03-28,2013-04-04,2013-04-09,54,1,54
SO55175,120,765,2013-03-28,2013-04-04,2013-04-09,2295,1,2295
SO55175,104,765,2013-03-28,2013-04-04,2013-04-09,10,1,10
SO55175,295,765,2013-03-28,2013-04-04,2013-04-09,5,1,5
SO55175,245,765,2013-03-28,2013-04-04,2013-04-09,35,1,35
SO55176,123,893,2013-03-28,2013-04-04,2013-04-09,2320,1,2320
SO55176,295,893,2013-03-28,2013-04-04,2013-04-09,5,1,5
SO55176,104,893,2013-03-28,2013-04-04,2013-04-09,10,1,10
SO55177,127,5341,2013-03-28,2013-04-04,2013-04-09,540,1,540
SO55177,295,5341,2013-03-28,2013-04-04,2013-04-09,5,1,5
SO55177,105,5341,2013-03-28,2013-04-04,2013-04-09,9,1,9
SO55177,247,5341,2013-03-28,2013-04-04,2013-04-09,55,1,55
SO55178,161,13136,2013-03-28,2013-04-04,2013-04-09,2384,1,2384
SO55178,246,13136,2013-03-28,2013-04-04,2013-04-09,35,1,35
SO55179,141,7492,2013-03-29,2013-04-05,2013-04-10,2443,1,2443
SO55179,244,7492,2013-03-29,2013-04-05,2013-04-10,35,1,35
SO55180,282,363,2013-03-29,2013-04-05,2013-04-10,25,1,25
SO55180,259,363,2013-03-29,2013-04-05,2013-04-10,2,1,2
SO55181,290,4237,2013-03-29,2013-04-05,2013-04-10,4,1,4
SO55181,166,4237,2013-03-29,2013-04-05,2013-04-10,9,1,9
SO55181,286,4237,2013-03-29,2013-04-05,2013-04-10,25,1,25
SO55182,283,6239,2013-03-29,2013-04-05,2013-04-10,30,1,30
SO55182,294,6239,2013-03-29,2013-04-05,2013-04-10,64,1,64
SO55183,283,5169,2013-03-29,2013-04-05,2013-04-10,30,1,30
SO55183,289,5169,2013-03-29,2013-04-05,2013-04-10,5,1,5
SO55183,259,5169,2013-03-29,2013-04-05,2013-04-10,2,1,2
SO55183,168,5169,2013-03-29,2013-04-05,2013-04-10,8,1,8
SO55184,174,7713,2013-03-29,2013-04-05,2013-04-10,22,1,22
SO55185,249,1250,2013-03-29,2013-04-05,2013-04-10,50,1,50
SO55186,166,6326,2013-03-29,2013-04-05,2013-04-10,9,1,9
SO55187,106,3926,2013-03-29,2013-04-05,2013-04-10,540,1,540
SO55188,143,16925,2013-03-29,2013-04-05,2013-04-10,2443,1,2443
SO55188,287,16925,2013-03-29,2013-04-05,2013-04-10,33,1,33
SO55188,251,16925,2013-03-29,2013-04-05,2013-04-10,50,1,50
SO55189,294,154,2013-03-29,2013-04-05,2013-04-10,64,1,64
SO55189,290,154,2013-03-29,2013-04-05,2013-04-10,4,1,4
SO55190,290,254,2013-03-29,2013-04-05,2013-04-10,4,1,4
SO55190,244,254,2013-03-29,2013-04-05,2013-04-10,35,1,35
SO55190,249,254,2013-03-29,2013-04-05,2013-04-10,50,1,50
SO55191,290,178,2013-03-29,2013-04-05,2013-04-10,4,1,4
SO55191,259,178,2013-03-29,2013-04-05,2013-04-10,2,1,2
SO55192,286,17992,2013-03-29,2013-04-05,2013-04-10,25,1,25
SO55192,290,17992,2013-03-29,2013-04-05,2013-04-10,4,1,4
SO55192,245,17992,2013-03-29,2013-04-05,2013-04-10,35,1,35
SO55193,286,216,2013-03-29,2013-04-05,2013-04-10,25,1,25
SO55193,250,216,2013-03-29,2013-04-05,2013-04-10,50,1,50
SO55193,233,216,2013-03-29,2013-04-05,2013-04-10,24,1,24
SO55194,290,4817,2013-03-29,2013-04-05,2013-04-10,4,1,4
SO55194,287,4817,2013-03-29,2013-04-05,2013-04-10,33,1,33
SO55195,289,6388,2013-03-29,2013-04-05,2013-04-10,5,1,5
SO55195,283,6388,2013-03-29,2013-04-05,2013-04-10,30,1,30
SO55195,259,6388,2013-03-29,2013-04-05,2013-04-10,2,1,2
SO55196,295,9514,2013-03-29,2013-04-05,2013-04-10,5,1,5
SO55196,104,9514,2013-03-29,2013-04-05,2013-04-10,10,1,10
SO55196,233,9514,2013-03-29,2013-04-05,2013-04-10,24,1,24
SO55196,246,9514,2013-03-29,2013-04-05,2013-04-10,35,1,35
SO55197,295,1364,2013-03-29,2013-04-05,2013-04-10,5,1,5
SO55197,104,1364,2013-03-29,2013-04-05,2013-04-10,10,1,10
SO55197,244,1364,2013-03-29,2013-04-05,2013-04-10,35,1,35
SO55198,166,8882,2013-03-29,2013-04-05,2013-04-10,9,1,9
SO55198,272,8882,2013-03-29,2013-04-05,2013-04-10,70,1,70
SO55199,104,9767,2013-03-29,2013-04-05,2013-04-10,10,1,10
SO55199,295,9767,2013-03-29,2013-04-05,2013-04-10,5,1,5
SO55200,104,9521,2013-03-29,2013-04-05,2013-04-10,10,1,10
SO55200,295,9521,2013-03-29,2013-04-05,2013-04-10,5,1,5
SO55201,295,7575,2013-03-29,2013-04-05,2013-04-10,5,1,5
SO55201,244,7575,2013-03-29,2013-04-05,2013-04-10,35,1,35
SO55202,295,12880,2013-03-29,2013-04-05,2013-04-10,5,1,5
SO55202,245,12880,2013-03-29,2013-04-05,2013-04-10,35,1,35
SO55202,233,12880,2013-03-29,2013-04-05,2013-04-10,24,1,24
SO55203,289,4872,2013-03-29,2013-04-05,2013-04-10,5,1,5
SO55203,244,4872,2013-03-29,2013-04-05,2013-04-10,35,1,35
SO55204,289,12592,2013-03-29,2013-04-05,2013-04-10,5,1,5
SO55204,259,12592,2013-03-29,2013-04-05,2013-04-10,2,1,2
SO55205,289,8871,2013-03-29,2013-04-05,2013-04-10,5,1,5
SO55205,245,8871,2013-03-29,2013-04-05,2013-04-10,35,1,35
SO55206,174,5307,2013-03-29,2013-04-05,2013-04-10,22,1,22
SO55207,282,9597,2013-03-29,2013-04-05,2013-04-10,25,1,25
SO55207,289,9597,2013-03-29,2013-04-05,2013-04-10,5,1,5
SO55207,259,9597,2013-03-29,2013-04-05,2013-04-10,2,1,2
SO55208,283,6722,2013-03-29,2013-04-05,2013-04-10,30,1,30
SO55208,289,6722,2013-03-29,2013-04-05,2013-04-10,5,1,5
SO55208,244,6722,2013-03-29,2013-04-05,2013-04-10,35,1,35
SO55209,295,6105,2013-03-29,2013-04-05,2013-04-10,5,1,5
SO55210,285,14517,2013-03-29,2013-04-05,2013-04-10,21,1,21
SO55211,295,10846,2013-03-29,2013-04-05,2013-04-10,5,1,5
SO55212,288,393,2013-03-29,2013-04-05,2013-04-10,29,1,29
SO55213,285,1310,2013-03-29,2013-04-05,2013-04-10,21,1,21
SO55213,259,1310,2013-03-29,2013-04-05,2013-04-10,2,1,2
SO55214,291,4702,2013-03-29,2013-04-05,2013-04-10,5,1,5
SO55214,259,4702,2013-03-29,2013-04-05,2013-04-10,2,1,2
SO55215,284,154,2013-03-29,2013-04-05,2013-04-10,35,1,35
SO55215,289,154,2013-03-29,2013-04-05,2013-04-10,5,1,5
SO55215,259,154,2013-03-29,2013-04-05,2013-04-10,2,1,2
SO55216,284,1186,2013-03-29,2013-04-05,2013-04-10,35,1,35
SO55216,289,1186,2013-03-29,2013-04-05,2013-04-10,5,1,5
SO55216,259,1186,2013-03-29,2013-04-05,2013-04-10,2,1,2
SO55217,284,891,2013-03-29,2013-04-05,2013-04-10,35,1,35
SO55217,289,891,2013-03-29,2013-04-05,2013-04-10,5,1,5
SO55217,174,891,2013-03-29,2013-04-05,2013-04-10,22,1,22
SO55217,280,891,2013-03-29,2013-04-05,2013-04-10,9,1,9
SO55218,174,1952,2013-03-29,2013-04-05,2013-04-10,22,1,22
SO55218,166,1952,2013-03-29,2013-04-05,2013-04-10,9,1,9
SO55219,139,9325,2013-03-29,2013-04-05,2013-04-10,2443,1,2443
SO55219,290,9325,2013-03-29,2013-04-05,2013-04-10,4,1,4
SO55219,287,9325,2013-03-29,2013-04-05,2013-04-10,33,1,33
SO55219,293,9325,2013-03-29,2013-04-05,2013-04-10,64,1,64
SO55220,125,1194,2013-03-29,2013-04-05,2013-04-10,2320,1,2320
SO55220,284,1194,2013-03-29,2013-04-05,2013-04-10,35,1,35
SO55220,289,1194,2013-03-29,2013-04-05,2013-04-10,5,1,5
SO55220,246,1194,2013-03-29,2013-04-05,2013-04-10,35,1,35
SO55221,153,3158,2013-03-29,2013-04-05,2013-04-10,742,1,742
SO55221,244,3158,2013-03-29,2013-04-05,2013-04-10,35,1,35
SO55222,137,7704,2013-03-29,2013-04-05,2013-04-10,1701,1,1701
SO55222,244,7704,2013-03-29,2013-04-05,2013-04-10,35,1,35
SO55223,127,9822,2013-03-29,2013-04-05,2013-04-10,540,1,540
SO55224,159,17929,2013-03-29,2013-04-05,2013-04-10,2384,1,2384
SO55224,245,17929,2013-03-29,2013-04-05,2013-04-10,35,1,35
SO55224,278,17929,2013-03-29,2013-04-05,2013-04-10,54,1,54
SO55225,142,5744,2013-03-29,2013-04-05,2013-04-10,2443,1,2443
SO55225,105,5744,2013-03-29,2013-04-05,2013-04-10,9,1,9
SO55225,295,5744,2013-03-29,2013-04-05,2013-04-10,5,1,5
SO55225,245,5744,2013-03-29,2013-04-05,2013-04-10,35,1,35
SO55226,141,7910,2013-03-29,2013-04-05,2013-04-10,2443,1,2443
SO55226,295,7910,2013-03-29,2013-04-05,2013-04-10,5,1,5
SO55226,105,7910,2013-03-29,2013-04-05,2013-04-10,9,1,9
SO55227,108,4831,2013-03-29,2013-04-05,2013-04-10,540,1,540
SO55227,295,4831,2013-03-29,2013-04-05,2013-04-10,5,1,5
SO55227,104,4831,2013-03-29,2013-04-05,2013-04-10,10,1,10
SO55227,278,4831,2013-03-29,2013-04-05,2013-04-10,54,1,54
SO55228,124,897,2013-03-29,2013-04-05,2013-04-10,2320,1,2320
SO55228,174,897,2013-03-29,2013-04-05,2013-04-10,22,1,22
SO55229,127,10654,2013-03-29,2013-04-05,2013-04-10,540,1,540
SO55229,105,10654,2013-03-29,2013-04-05,2013-04-10,9,1,9
SO55229,295,10654,2013-03-29,2013-04-05,2013-04-10,5,1,5
SO55229,244,10654,2013-03-29,2013-04-05,2013-04-10,35,1,35
SO55230,127,10792,2013-03-29,2013-04-05,2013-04-10,540,1,540
SO55230,244,10792,2013-03-29,2013-04-05,2013-04-10,35,1,35
SO55231,132,8717,2013-03-29,2013-04-05,2013-04-10,1120,1,1120
SO55231,244,8717,2013-03-29,2013-04-05,2013-04-10,35,1,35
SO55232,158,14703,2013-03-29,2013-04-05,2013-04-10,2384,1,2384
SO55232,244,14703,2013-03-29,2013-04-05,2013-04-10,35,1,35
SO55332,134,12572,2013-03-30,2013-04-06,2013-04-11,1120,1,1120
SO55333,120,1641,2013-03-30,2013-04-06,2013-04-11,2295,1,2295
SO55333,104,1641,2013-03-30,2013-04-06,2013-04-11,10,1,10
SO55333,295,1641,2013-03-30,2013-04-06,2013-04-11,5,1,5
SO55334,284,10221,2013-03-30,2013-04-06,2013-04-11,35,1,35
SO55334,289,10221,2013-03-30,2013-04-06,2013-04-11,5,1,5
SO55334,245,10221,2013-03-30,2013-04-06,2013-04-11,35,1,35
SO55335,104,459,2013-03-30,2013-04-06,2013-04-11,10,1,10
SO55335,295,459,2013-03-30,2013-04-06,2013-04-11,5,1,5
SO55335,166,459,2013-03-30,2013-04-06,2013-04-11,9,1,9
SO55336,251,3233,2013-03-30,2013-04-06,2013-04-11,50,1,50
SO55337,235,759,2013-03-30,2013-04-06,2013-04-11,24,1,24
SO55338,250,3062,2013-03-30,2013-04-06,2013-04-11,50,1,50
SO55339,288,8605,2013-03-30,2013-04-06,2013-04-11,29,1,29
SO55339,291,8605,2013-03-30,2013-04-06,2013-04-11,5,1,5
SO55339,247,8605,2013-03-30,2013-04-06,2013-04-11,55,1,55
SO55339,166,8605,2013-03-30,2013-04-06,2013-04-11,9,1,9
SO55339,249,8605,2013-03-30,2013-04-06,2013-04-11,50,1,50
SO55340,288,8626,2013-03-30,2013-04-06,2013-04-11,29,1,29
SO55341,108,3931,2013-03-30,2013-04-06,2013-04-11,540,1,540
SO55342,291,288,2013-03-30,2013-04-06,2013-04-11,5,1,5
SO55342,259,288,2013-03-30,2013-04-06,2013-04-11,2,1,2
SO55342,168,288,2013-03-30,2013-04-06,2013-04-11,8,1,8
SO55343,285,17055,2013-03-30,2013-04-06,2013-04-11,21,1,21
SO55343,290,17055,2013-03-30,2013-04-06,2013-04-11,4,1,4
SO55344,282,14006,2013-03-30,2013-04-06,2013-04-11,25,1,25
SO55344,289,14006,2013-03-30,2013-04-06,2013-04-11,5,1,5
SO55344,244,14006,2013-03-30,2013-04-06,2013-04-11,35,1,35
SO55345,290,13945,2013-03-30,2013-04-06,2013-04-11,4,1,4
SO55345,287,13945,2013-03-30,2013-04-06,2013-04-11,33,1,33
SO55345,244,13945,2013-03-30,2013-04-06,2013-04-11,35,1,35
SO55345,277,13945,2013-03-30,2013-04-06,2013-04-11,54,1,54
SO55346,282,15689,2013-03-30,2013-04-06,2013-04-11,25,1,25
SO55346,289,15689,2013-03-30,2013-04-06,2013-04-11,5,1,5
SO55346,244,15689,2013-03-30,2013-04-06,2013-04-11,35,1,35
SO55347,287,14066,2013-03-30,2013-04-06,2013-04-11,33,1,33
SO55347,290,14066,2013-03-30,2013-04-06,2013-04-11,4,1,4
SO55347,246,14066,2013-03-30,2013-04-06,2013-04-11,35,1,35
SO55348,104,10308,2013-03-30,2013-04-06,2013-04-11,10,1,10
SO55348,295,10308,2013-03-30,2013-04-06,2013-04-11,5,1,5
SO55348,166,10308,2013-03-30,2013-04-06,2013-04-11,9,1,9
SO55349,272,8881,2013-03-30,2013-04-06,2013-04-11,70,1,70
SO55350,274,17601,2013-03-30,2013-04-06,2013-04-11,70,1,70
SO55350,248,17601,2013-03-30,2013-04-06,2013-04-11,50,1,50
SO55351,295,6694,2013-03-30,2013-04-06,2013-04-11,5,1,5
SO55351,166,6694,2013-03-30,2013-04-06,2013-04-11,9,1,9
SO55352,289,4308,2013-03-30,2013-04-06,2013-04-11,5,1,5
SO55352,245,4308,2013-03-30,2013-04-06,2013-04-11,35,1,35
SO55353,174,7638,2013-03-30,2013-04-06,2013-04-11,22,1,22
SO55353,104,7638,2013-03-30,2013-04-06,2013-04-11,10,1,10
SO55353,295,7638,2013-03-30,2013-04-06,2013-04-11,5,1,5
SO55353,247,7638,2013-03-30,2013-04-06,2013-04-11,55,1,55
SO55354,283,9595,2013-03-30,2013-04-06,2013-04-11,30,1,30
SO55354,289,9595,2013-03-30,2013-04-06,2013-04-11,5,1,5
SO55354,168,9595,2013-03-30,2013-04-06,2013-04-11,8,1,8
SO55355,174,1839,2013-03-30,2013-04-06,2013-04-11,22,1,22
SO55355,104,1839,2013-03-30,2013-04-06,2013-04-11,10,1,10
SO55355,295,1839,2013-03-30,2013-04-06,2013-04-11,5,1,5
SO55356,286,8930,2013-03-30,2013-04-06,2013-04-11,25,1,25
SO55356,290,8930,2013-03-30,2013-04-06,2013-04-11,4,1,4
SO55356,246,8930,2013-03-30,2013-04-06,2013-04-11,35,1,35
SO55357,295,12977,2013-03-30,2013-04-06,2013-04-11,5,1,5
SO55358,295,12967,2013-03-30,2013-04-06,2013-04-11,5,1,5
SO55358,234,12967,2013-03-30,2013-04-06,2013-04-11,24,1,24
SO55359,295,8253,2013-03-30,2013-04-06,2013-04-11,5,1,5
SO55359,247,8253,2013-03-30,2013-04-06,2013-04-11,55,1,55
SO55359,246,8253,2013-03-30,2013-04-06,2013-04-11,35,1,35
SO55360,285,15895,2013-03-30,2013-04-06,2013-04-11,21,1,21
SO55360,259,15895,2013-03-30,2013-04-06,2013-04-11,2,1,2
SO55361,289,9950,2013-03-30,2013-04-06,2013-04-11,5,1,5
SO55361,283,9950,2013-03-30,2013-04-06,2013-04-11,30,1,30
SO55361,260,9950,2013-03-30,2013-04-06,2013-04-11,120,1,120
SO55362,291,17544,2013-03-30,2013-04-06,2013-04-11,5,1,5
SO55362,288,17544,2013-03-30,2013-04-06,2013-04-11,29,1,29
SO55362,248,17544,2013-03-30,2013-04-06,2013-04-11,50,1,50
SO55362,235,17544,2013-03-30,2013-04-06,2013-04-11,24,1,24
SO55363,288,9732,2013-03-30,2013-04-06,2013-04-11,29,1,29
SO55363,291,9732,2013-03-30,2013-04-06,2013-04-11,5,1,5
SO55363,105,9732,2013-03-30,2013-04-06,2013-04-11,9,1,9
SO55364,290,1466,2013-03-30,2013-04-06,2013-04-11,4,1,4
SO55364,285,1466,2013-03-30,2013-04-06,2013-04-11,21,1,21
SO55364,168,1466,2013-03-30,2013-04-06,2013-04-11,8,1,8
SO55365,291,14639,2013-03-30,2013-04-06,2013-04-11,5,1,5
SO55365,246,14639,2013-03-30,2013-04-06,2013-04-11,35,1,35
SO55366,291,2789,2013-03-30,2013-04-06,2013-04-11,5,1,5
SO55366,288,2789,2013-03-30,2013-04-06,2013-04-11,29,1,29
SO55367,291,6643,2013-03-30,2013-04-06,2013-04-11,5,1,5
SO55367,105,6643,2013-03-30,2013-04-06,2013-04-11,9,1,9
SO55367,295,6643,2013-03-30,2013-04-06,2013-04-11,5,1,5
SO55367,166,6643,2013-03-30,2013-04-06,2013-04-11,9,1,9
SO55368,174,1897,2013-03-30,2013-04-06,2013-04-11,22,1,22
SO55368,104,1897,2013-03-30,2013-04-06,2013-04-11,10,1,10
SO55368,295,1897,2013-03-30,2013-04-06,2013-04-11,5,1,5
SO55368,168,1897,2013-03-30,2013-04-06,2013-04-11,8,1,8
SO55369,284,1434,2013-03-30,2013-04-06,2013-04-11,35,1,35
SO55369,289,1434,2013-03-30,2013-04-06,2013-04-11,5,1,5
SO55369,244,1434,2013-03-30,2013-04-06,2013-04-11,35,1,35
SO55370,105,567,2013-03-30,2013-04-06,2013-04-11,9,1,9
SO55370,295,567,2013-03-30,2013-04-06,2013-04-11,5,1,5
SO55371,137,3132,2013-03-30,2013-04-06,2013-04-11,1701,1,1701
SO55371,244,3132,2013-03-30,2013-04-06,2013-04-11,35,1,35
SO55372,164,18180,2013-03-30,2013-04-06,2013-04-11,2384,1,2384
SO55372,166,18180,2013-03-30,2013-04-06,2013-04-11,9,1,9
SO55373,149,17847,2013-03-30,2013-04-06,2013-04-11,742,1,742
SO55374,121,1342,2013-03-30,2013-04-06,2013-04-11,2295,1,2295
SO55375,154,14385,2013-03-30,2013-04-06,2013-04-11,1215,1,1215
SO55375,244,14385,2013-03-30,2013-04-06,2013-04-11,35,1,35
SO55376,157,14383,2013-03-30,2013-04-06,2013-04-11,1215,1,1215
SO55376,291,14383,2013-03-30,2013-04-06,2013-04-11,5,1,5
SO55376,288,14383,2013-03-30,2013-04-06,2013-04-11,29,1,29
SO55376,246,14383,2013-03-30,2013-04-06,2013-04-11,35,1,35
SO55377,126,11886,2013-03-30,2013-04-06,2013-04-11,540,1,540
SO55377,105,11886,2013-03-30,2013-04-06,2013-04-11,9,1,9
SO55378,134,9063,2013-03-30,2013-04-06,2013-04-11,1120,1,1120
SO55378,245,9063,2013-03-30,2013-04-06,2013-04-11,35,1,35
SO55378,250,9063,2013-03-30,2013-04-06,2013-04-11,50,1,50
SO55378,166,9063,2013-03-30,2013-04-06,2013-04-11,9,1,9
SO55379,127,485,2013-03-30,2013-04-06,2013-04-11,540,1,540
SO55379,105,485,2013-03-30,2013-04-06,2013-04-11,9,1,9
SO55380,127,15223,2013-03-30,2013-04-06,2013-04-11,540,1,540
SO55380,285,15223,2013-03-30,2013-04-06,2013-04-11,21,1,21
SO55381,127,10091,2013-03-30,2013-04-06,2013-04-11,540,1,540
SO55381,105,10091,2013-03-30,2013-04-06,2013-04-11,9,1,9
SO55382,162,4627,2013-03-30,2013-04-06,2013-04-11,2384,1,2384
SO55382,105,4627,2013-03-30,2013-04-06,2013-04-11,9,1,9
SO55382,295,4627,2013-03-30,2013-04-06,2013-04-11,5,1,5
SO55382,233,4627,2013-03-30,2013-04-06,2013-04-11,24,1,24
SO55383,159,4358,2013-03-30,2013-04-06,2013-04-11,2384,1,2384
SO55383,244,4358,2013-03-30,2013-04-06,2013-04-11,35,1,35
SO55384,125,1638,2013-03-31,2013-04-07,2013-04-12,2320,1,2320
SO55384,174,1638,2013-03-31,2013-04-07,2013-04-12,22,1,22
SO55384,246,1638,2013-03-31,2013-04-07,2013-04-12,35,1,35
SO55385,295,332,2013-03-31,2013-04-07,2013-04-12,5,1,5
SO55385,105,332,2013-03-31,2013-04-07,2013-04-12,9,1,9
SO55385,275,332,2013-03-31,2013-04-07,2013-04-12,54,1,54
SO55386,282,1346,2013-03-31,2013-04-07,2013-04-12,25,1,25
SO55386,289,1346,2013-03-31,2013-04-07,2013-04-12,5,1,5
SO55386,259,1346,2013-03-31,2013-04-07,2013-04-12,2,1,2
SO55386,168,1346,2013-03-31,2013-04-07,2013-04-12,8,1,8
SO55387,286,4604,2013-03-31,2013-04-07,2013-04-12,25,1,25
SO55388,289,5680,2013-03-31,2013-04-07,2013-04-12,5,1,5
SO55388,283,5680,2013-03-31,2013-04-07,2013-04-12,30,1,30
SO55389,286,4808,2013-03-31,2013-04-07,2013-04-12,25,1,25
SO55390,284,11209,2013-03-31,2013-04-07,2013-04-12,35,1,35
SO55390,289,11209,2013-03-31,2013-04-07,2013-04-12,5,1,5
SO55390,259,11209,2013-03-31,2013-04-07,2013-04-12,2,1,2
SO55391,289,11845,2013-03-31,2013-04-07,2013-04-12,5,1,5
SO55391,284,11845,2013-03-31,2013-04-07,2013-04-12,35,1,35
SO55392,278,6064,2013-03-31,2013-04-07,2013-04-12,54,1,54
SO55392,166,6064,2013-03-31,2013-04-07,2013-04-12,9,1,9
SO55393,244,4187,2013-03-31,2013-04-07,2013-04-12,35,1,35
SO55393,233,4187,2013-03-31,2013-04-07,2013-04-12,24,1,24
SO55394,235,761,2013-03-31,2013-04-07,2013-04-12,24,1,24
SO55395,136,6743,2013-03-31,2013-04-07,2013-04-12,1701,1,1701
SO55395,278,6743,2013-03-31,2013-04-07,2013-04-12,54,1,54
SO55396,136,4701,2013-03-31,2013-04-07,2013-04-12,1701,1,1701
SO55396,245,4701,2013-03-31,2013-04-07,2013-04-12,35,1,35
SO55397,120,1315,2013-03-31,2013-04-07,2013-04-12,2295,1,2295
SO55397,174,1315,2013-03-31,2013-04-07,2013-04-12,22,1,22
SO55397,246,1315,2013-03-31,2013-04-07,2013-04-12,35,1,35
SO55398,110,6744,2013-03-31,2013-04-07,2013-04-12,540,1,540
SO55398,174,6744,2013-03-31,2013-04-07,2013-04-12,22,1,22
SO55398,250,6744,2013-03-31,2013-04-07,2013-04-12,50,1,50
SO55399,119,4653,2013-03-31,2013-04-07,2013-04-12,769,1,769
SO55399,289,4653,2013-03-31,2013-04-07,2013-04-12,5,1,5
SO55399,283,4653,2013-03-31,2013-04-07,2013-04-12,30,1,30
SO55400,290,256,2013-03-31,2013-04-07,2013-04-12,4,1,4
SO55400,246,256,2013-03-31,2013-04-07,2013-04-12,35,1,35
SO55401,251,632,2013-03-31,2013-04-07,2013-04-12,50,1,50
SO55402,290,15793,2013-03-31,2013-04-07,2013-04-12,4,1,4
SO55402,285,15793,2013-03-31,2013-04-07,2013-04-12,21,1,21
SO55402,281,15793,2013-03-31,2013-04-07,2013-04-12,159,1,159
SO55403,282,15055,2013-03-31,2013-04-07,2013-04-12,25,1,25
SO55404,287,13934,2013-03-31,2013-04-07,2013-04-12,33,1,33
SO55405,287,3354,2013-03-31,2013-04-07,2013-04-12,33,1,33
SO55405,290,3354,2013-03-31,2013-04-07,2013-04-12,4,1,4
SO55405,259,3354,2013-03-31,2013-04-07,2013-04-12,2,1,2
SO55406,287,13396,2013-03-31,2013-04-07,2013-04-12,33,1,33
SO55406,290,13396,2013-03-31,2013-04-07,2013-04-12,4,1,4
SO55407,282,15103,2013-03-31,2013-04-07,2013-04-12,25,1,25
SO55407,259,15103,2013-03-31,2013-04-07,2013-04-12,2,1,2
SO55407,260,15103,2013-03-31,2013-04-07,2013-04-12,120,1,120
SO55408,283,12679,2013-03-31,2013-04-07,2013-04-12,30,1,30
SO55409,283,12863,2013-03-31,2013-04-07,2013-04-12,30,1,30
SO55409,289,12863,2013-03-31,2013-04-07,2013-04-12,5,1,5
SO55409,245,12863,2013-03-31,2013-04-07,2013-04-12,35,1,35
SO55410,283,11036,2013-03-31,2013-04-07,2013-04-12,30,1,30
SO55410,289,11036,2013-03-31,2013-04-07,2013-04-12,5,1,5
SO55410,246,11036,2013-03-31,2013-04-07,2013-04-12,35,1,35
SO55411,104,11035,2013-03-31,2013-04-07,2013-04-12,10,1,10
SO55411,295,11035,2013-03-31,2013-04-07,2013-04-12,5,1,5
SO55412,104,10776,2013-03-31,2013-04-07,2013-04-12,10,1,10
SO55412,295,10776,2013-03-31,2013-04-07,2013-04-12,5,1,5
SO55412,247,10776,2013-03-31,2013-04-07,2013-04-12,55,1,55
SO55413,104,5332,2013-03-31,2013-04-07,2013-04-12,10,1,10
SO55413,295,5332,2013-03-31,2013-04-07,2013-04-12,5,1,5
SO55413,246,5332,2013-03-31,2013-04-07,2013-04-12,35,1,35
SO55414,295,5993,2013-03-31,2013-04-07,2013-04-12,5,1,5
SO55415,289,5215,2013-03-31,2013-04-07,2013-04-12,5,1,5
SO55415,259,5215,2013-03-31,2013-04-07,2013-04-12,2,1,2
SO55415,168,5215,2013-03-31,2013-04-07,2013-04-12,8,1,8
SO55416,289,3470,2013-03-31,2013-04-07,2013-04-12,5,1,5
SO55416,245,3470,2013-03-31,2013-04-07,2013-04-12,35,1,35
SO55416,234,3470,2013-03-31,2013-04-07,2013-04-12,24,1,24
SO55417,174,2374,2013-03-31,2013-04-07,2013-04-12,22,1,22
SO55417,104,2374,2013-03-31,2013-04-07,2013-04-12,10,1,10
SO55417,295,2374,2013-03-31,2013-04-07,2013-04-12,5,1,5
SO55417,244,2374,2013-03-31,2013-04-07,2013-04-12,35,1,35
SO55418,289,6111,2013-03-31,2013-04-07,2013-04-12,5,1,5
SO55418,259,6111,2013-03-31,2013-04-07,2013-04-12,2,1,2
SO55419,283,8346,2013-03-31,2013-04-07,2013-04-12,30,1,30
SO55419,289,8346,2013-03-31,2013-04-07,2013-04-12,5,1,5
SO55419,244,8346,2013-03-31,2013-04-07,2013-04-12,35,1,35
SO55420,284,3975,2013-03-31,2013-04-07,2013-04-12,35,1,35
SO55420,289,3975,2013-03-31,2013-04-07,2013-04-12,5,1,5
SO55421,286,8370,2013-03-31,2013-04-07,2013-04-12,25,1,25
SO55421,290,8370,2013-03-31,2013-04-07,2013-04-12,4,1,4
SO55421,244,8370,2013-03-31,2013-04-07,2013-04-12,35,1,35
SO55422,283,9872,2013-03-31,2013-04-07,2013-04-12,30,1,30
SO55422,289,9872,2013-03-31,2013-04-07,2013-04-12,5,1,5
SO55422,166,9872,2013-03-31,2013-04-07,2013-04-12,9,1,9
SO55422,246,9872,2013-03-31,2013-04-07,2013-04-12,35,1,35
SO55423,290,12229,2013-03-31,2013-04-07,2013-04-12,4,1,4
SO55423,248,12229,2013-03-31,2013-04-07,2013-04-12,50,1,50
SO55423,166,12229,2013-03-31,2013-04-07,2013-04-12,9,1,9
SO55424,290,16153,2013-03-31,2013-04-07,2013-04-12,4,1,4
SO55424,245,16153,2013-03-31,2013-04-07,2013-04-12,35,1,35
SO55425,295,13155,2013-03-31,2013-04-07,2013-04-12,5,1,5
SO55425,235,13155,2013-03-31,2013-04-07,2013-04-12,24,1,24
SO55426,290,16958,2013-03-31,2013-04-07,2013-04-12,4,1,4
SO55426,259,16958,2013-03-31,2013-04-07,2013-04-12,2,1,2
SO55427,288,12774,2013-03-31,2013-04-07,2013-04-12,29,1,29
SO55427,291,12774,2013-03-31,2013-04-07,2013-04-12,5,1,5
SO55427,247,12774,2013-03-31,2013-04-07,2013-04-12,55,1,55
SO55428,284,521,2013-03-31,2013-04-07,2013-04-12,35,1,35
SO55428,289,521,2013-03-31,2013-04-07,2013-04-12,5,1,5
SO55428,246,521,2013-03-31,2013-04-07,2013-04-12,35,1,35
SO55429,284,699,2013-03-31,2013-04-07,2013-04-12,35,1,35
SO55430,284,227,2013-03-31,2013-04-07,2013-04-12,35,1,35
SO55431,289,3329,2013-03-31,2013-04-07,2013-04-12,5,1,5
SO55431,284,3329,2013-03-31,2013-04-07,2013-04-12,35,1,35
SO55431,259,3329,2013-03-31,2013-04-07,2013-04-12,2,1,2
SO55432,284,772,2013-03-31,2013-04-07,2013-04-12,35,1,35
SO55433,278,406,2013-03-31,2013-04-07,2013-04-12,54,1,54
SO55434,295,349,2013-03-31,2013-04-07,2013-04-12,5,1,5
SO55434,105,349,2013-03-31,2013-04-07,2013-04-12,9,1,9
SO55434,275,349,2013-03-31,2013-04-07,2013-04-12,54,1,54
SO55435,295,1662,2013-03-31,2013-04-07,2013-04-12,5,1,5
SO55435,104,1662,2013-03-31,2013-04-07,2013-04-12,10,1,10
SO55435,244,1662,2013-03-31,2013-04-07,2013-04-12,35,1,35
SO55436,248,1263,2013-03-31,2013-04-07,2013-04-12,50,1,50
SO55436,166,1263,2013-03-31,2013-04-07,2013-04-12,9,1,9
SO55437,143,9341,2013-03-31,2013-04-07,2013-04-12,2443,1,2443
SO55438,138,5977,2013-03-31,2013-04-07,2013-04-12,1701,1,1701
SO55438,244,5977,2013-03-31,2013-04-07,2013-04-12,35,1,35
SO55438,251,5977,2013-03-31,2013-04-07,2013-04-12,50,1,50
SO55439,116,3018,2013-03-31,2013-04-07,2013-04-12,769,1,769
SO55439,272,3018,2013-03-31,2013-04-07,2013-04-12,70,1,70
SO55439,166,3018,2013-03-31,2013-04-07,2013-04-12,9,1,9
SO55440,125,1081,2013-03-31,2013-04-07,2013-04-12,2320,1,2320
SO55440,284,1081,2013-03-31,2013-04-07,2013-04-12,35,1,35
SO55441,120,629,2013-03-31,2013-04-07,2013-04-12,2295,1,2295
SO55441,259,629,2013-03-31,2013-04-07,2013-04-12,2,1,2
SO55442,125,1365,2013-03-31,2013-04-07,2013-04-12,2320,1,2320
SO55443,147,3847,2013-03-31,2013-04-07,2013-04-12,742,1,742
SO55443,246,3847,2013-03-31,2013-04-07,2013-04-12,35,1,35
SO55444,129,16339,2013-03-31,2013-04-07,2013-04-12,540,1,540
SO55444,105,16339,2013-03-31,2013-04-07,2013-04-12,9,1,9
SO55444,168,16339,2013-03-31,2013-04-07,2013-04-12,8,1,8
SO55445,139,8094,2013-03-31,2013-04-07,2013-04-12,2443,1,2443
SO55445,105,8094,2013-03-31,2013-04-07,2013-04-12,9,1,9
SO55445,295,8094,2013-03-31,2013-04-07,2013-04-12,5,1,5
SO55446,121,1350,2013-03-31,2013-04-07,2013-04-12,2295,1,2295
SO55446,246,1350,2013-03-31,2013-04-07,2013-04-12,35,1,35
SO55447,124,1356,2013-03-31,2013-04-07,2013-04-12,2320,1,2320
SO55447,174,1356,2013-03-31,2013-04-07,2013-04-12,22,1,22
SO55447,280,1356,2013-03-31,2013-04-07,2013-04-12,9,1,9
SO55448,120,1669,2013-03-31,2013-04-07,2013-04-12,2295,1,2295
SO55448,246,1669,2013-03-31,2013-04-07,2013-04-12,35,1,35
SO55449,123,1004,2013-03-31,2013-04-07,2013-04-12,2320,1,2320
SO55449,247,1004,2013-03-31,2013-04-07,2013-04-12,55,1,55
SO55449,233,1004,2013-03-31,2013-04-07,2013-04-12,24,1,24
SO55450,126,11073,2013-03-31,2013-04-07,2013-04-12,540,1,540
SO55450,105,11073,2013-03-31,2013-04-07,2013-04-12,9,1,9
SO55450,295,11073,2013-03-31,2013-04-07,2013-04-12,5,1,5
SO55450,293,11073,2013-03-31,2013-04-07,2013-04-12,64,1,64
SO55451,134,13906,2013-04-01,2013-04-08,2013-04-13,1120,1,1120
SO55451,286,13906,2013-04-01,2013-04-08,2013-04-13,25,1,25
SO55451,250,13906,2013-04-01,2013-04-08,2013-04-13,50,1,50
SO55452,133,5522,2013-04-01,2013-04-08,2013-04-13,1120,1,1120
SO55453,120,1386,2013-04-01,2013-04-08,2013-04-13,2295,1,2295
SO55453,104,1386,2013-04-01,2013-04-08,2013-04-13,10,1,10
SO55454,123,1214,2013-04-01,2013-04-08,2013-04-13,2320,1,2320
SO55454,295,1214,2013-04-01,2013-04-08,2013-04-13,5,1,5
SO55454,104,1214,2013-04-01,2013-04-08,2013-04-13,10,1,10
SO55454,245,1214,2013-04-01,2013-04-08,2013-04-13,35,1,35
SO55455,105,1366,2013-04-01,2013-04-08,2013-04-13,9,1,9
SO55455,295,1366,2013-04-01,2013-04-08,2013-04-13,5,1,5
SO55456,282,2629,2013-04-01,2013-04-08,2013-04-13,25,1,25
SO55456,289,2629,2013-04-01,2013-04-08,2013-04-13,5,1,5
SO55456,259,2629,2013-04-01,2013-04-08,2013-04-13,2,1,2
SO55457,289,7286,2013-04-01,2013-04-08,2013-04-13,5,1,5
SO55457,283,7286,2013-04-01,2013-04-08,2013-04-13,30,1,30
SO55457,245,7286,2013-04-01,2013-04-08,2013-04-13,35,1,35
SO55458,295,13472,2013-04-01,2013-04-08,2013-04-13,5,1,5
SO55459,273,16351,2013-04-01,2013-04-08,2013-04-13,70,1,70
SO55460,290,8630,2013-04-01,2013-04-08,2013-04-13,4,1,4
SO55460,285,8630,2013-04-01,2013-04-08,2013-04-13,21,1,21
SO55460,246,8630,2013-04-01,2013-04-08,2013-04-13,35,1,35
SO55461,166,6319,2013-04-01,2013-04-08,2013-04-13,9,1,9
SO55462,291,506,2013-04-01,2013-04-08,2013-04-13,5,1,5
SO55462,244,506,2013-04-01,2013-04-08,2013-04-13,35,1,35
SO55462,248,506,2013-04-01,2013-04-08,2013-04-13,50,1,50
SO55462,235,506,2013-04-01,2013-04-08,2013-04-13,24,1,24
SO55463,290,212,2013-04-01,2013-04-08,2013-04-13,4,1,4
SO55463,276,212,2013-04-01,2013-04-08,2013-04-13,54,1,54
SO55463,166,212,2013-04-01,2013-04-08,2013-04-13,9,1,9
SO55464,290,18053,2013-04-01,2013-04-08,2013-04-13,4,1,4
SO55464,245,18053,2013-04-01,2013-04-08,2013-04-13,35,1,35
SO55465,290,18233,2013-04-01,2013-04-08,2013-04-13,4,1,4
SO55465,286,18233,2013-04-01,2013-04-08,2013-04-13,25,1,25
SO55465,234,18233,2013-04-01,2013-04-08,2013-04-13,24,1,24
SO55465,260,18233,2013-04-01,2013-04-08,2013-04-13,120,1,120
SO55466,291,17091,2013-04-01,2013-04-08,2013-04-13,5,1,5
SO55466,245,17091,2013-04-01,2013-04-08,2013-04-13,35,1,35
SO55467,291,17003,2013-04-01,2013-04-08,2013-04-13,5,1,5
SO55467,244,17003,2013-04-01,2013-04-08,2013-04-13,35,1,35
SO55468,282,14207,2013-04-01,2013-04-08,2013-04-13,25,1,25
SO55469,288,15260,2013-04-01,2013-04-08,2013-04-13,29,1,29
SO55469,291,15260,2013-04-01,2013-04-08,2013-04-13,5,1,5
SO55469,245,15260,2013-04-01,2013-04-08,2013-04-13,35,1,35
SO55470,283,12199,2013-04-01,2013-04-08,2013-04-13,30,1,30
SO55470,289,12199,2013-04-01,2013-04-08,2013-04-13,5,1,5
SO55471,104,10803,2013-04-01,2013-04-08,2013-04-13,10,1,10
SO55471,295,10803,2013-04-01,2013-04-08,2013-04-13,5,1,5
SO55471,277,10803,2013-04-01,2013-04-08,2013-04-13,54,1,54
SO55471,166,10803,2013-04-01,2013-04-08,2013-04-13,9,1,9
SO55472,104,9706,2013-04-01,2013-04-08,2013-04-13,10,1,10
SO55472,244,9706,2013-04-01,2013-04-08,2013-04-13,35,1,35
SO55472,234,9706,2013-04-01,2013-04-08,2013-04-13,24,1,24
SO55473,274,7810,2013-04-01,2013-04-08,2013-04-13,70,1,70
SO55473,251,7810,2013-04-01,2013-04-08,2013-04-13,50,1,50
SO55474,274,3503,2013-04-01,2013-04-08,2013-04-13,70,1,70
SO55475,289,3655,2013-04-01,2013-04-08,2013-04-13,5,1,5
SO55475,259,3655,2013-04-01,2013-04-08,2013-04-13,2,1,2
SO55476,289,11060,2013-04-01,2013-04-08,2013-04-13,5,1,5
SO55476,259,11060,2013-04-01,2013-04-08,2013-04-13,2,1,2
SO55477,174,3850,2013-04-01,2013-04-08,2013-04-13,22,1,22
SO55477,246,3850,2013-04-01,2013-04-08,2013-04-13,35,1,35
SO55478,286,4619,2013-04-01,2013-04-08,2013-04-13,25,1,25
SO55479,286,6971,2013-04-01,2013-04-08,2013-04-13,25,1,25
SO55479,259,6971,2013-04-01,2013-04-08,2013-04-13,2,1,2
SO55480,282,7043,2013-04-01,2013-04-08,2013-04-13,25,1,25
SO55480,289,7043,2013-04-01,2013-04-08,2013-04-13,5,1,5
SO55481,282,7025,2013-04-01,2013-04-08,2013-04-13,25,1,25
SO55481,289,7025,2013-04-01,2013-04-08,2013-04-13,5,1,5
SO55481,260,7025,2013-04-01,2013-04-08,2013-04-13,120,1,120
SO55482,289,6747,2013-04-01,2013-04-08,2013-04-13,5,1,5
SO55482,282,6747,2013-04-01,2013-04-08,2013-04-13,25,1,25
SO55483,282,6789,2013-04-01,2013-04-08,2013-04-13,25,1,25
SO55483,289,6789,2013-04-01,2013-04-08,2013-04-13,5,1,5
SO55483,244,6789,2013-04-01,2013-04-08,2013-04-13,35,1,35
SO55484,282,6841,2013-04-01,2013-04-08,2013-04-13,25,1,25
SO55484,289,6841,2013-04-01,2013-04-08,2013-04-13,5,1,5
SO55484,281,6841,2013-04-01,2013-04-08,2013-04-13,159,1,159
SO55485,288,12757,2013-04-01,2013-04-08,2013-04-13,29,1,29
SO55485,259,12757,2013-04-01,2013-04-08,2013-04-13,2,1,2
SO55485,260,12757,2013-04-01,2013-04-08,2013-04-13,120,1,120
SO55486,288,16931,2013-04-01,2013-04-08,2013-04-13,29,1,29
SO55486,291,16931,2013-04-01,2013-04-08,2013-04-13,5,1,5
SO55486,259,16931,2013-04-01,2013-04-08,2013-04-13,2,1,2
SO55487,284,1066,2013-04-01,2013-04-08,2013-04-13,35,1,35
SO55487,289,1066,2013-04-01,2013-04-08,2013-04-13,5,1,5
SO55487,259,1066,2013-04-01,2013-04-08,2013-04-13,2,1,2
SO55488,284,726,2013-04-01,2013-04-08,2013-04-13,35,1,35
SO55488,289,726,2013-04-01,2013-04-08,2013-04-13,5,1,5
SO55488,174,726,2013-04-01,2013-04-08,2013-04-13,22,1,22
SO55488,168,726,2013-04-01,2013-04-08,2013-04-13,8,1,8
SO55489,284,4158,2013-04-01,2013-04-08,2013-04-13,35,1,35
SO55489,289,4158,2013-04-01,2013-04-08,2013-04-13,5,1,5
SO55489,246,4158,2013-04-01,2013-04-08,2013-04-13,35,1,35
SO55490,117,3105,2013-04-01,2013-04-08,2013-04-13,769,1,769
SO55490,274,3105,2013-04-01,2013-04-08,2013-04-13,70,1,70
SO55490,250,3105,2013-04-01,2013-04-08,2013-04-13,50,1,50
SO55491,124,2221,2013-04-01,2013-04-08,2013-04-13,2320,1,2320
SO55491,174,2221,2013-04-01,2013-04-08,2013-04-13,22,1,22
SO55491,281,2221,2013-04-01,2013-04-08,2013-04-13,159,1,159
SO55492,156,15934,2013-04-01,2013-04-08,2013-04-13,1215,1,1215
SO55492,166,15934,2013-04-01,2013-04-08,2013-04-13,9,1,9
SO55493,155,388,2013-04-01,2013-04-08,2013-04-13,1215,1,1215
SO55493,105,388,2013-04-01,2013-04-08,2013-04-13,9,1,9
SO55493,295,388,2013-04-01,2013-04-08,2013-04-13,5,1,5
SO55494,127,9824,2013-04-01,2013-04-08,2013-04-13,540,1,540
SO55494,245,9824,2013-04-01,2013-04-08,2013-04-13,35,1,35
SO55494,292,9824,2013-04-01,2013-04-08,2013-04-13,64,1,64
SO55495,128,9985,2013-04-01,2013-04-08,2013-04-13,540,1,540
SO55495,244,9985,2013-04-01,2013-04-08,2013-04-13,35,1,35
SO55496,129,9989,2013-04-01,2013-04-08,2013-04-13,540,1,540
SO55497,162,18103,2013-04-01,2013-04-08,2013-04-13,2384,1,2384
SO55498,161,18104,2013-04-01,2013-04-08,2013-04-13,2384,1,2384
SO55498,246,18104,2013-04-01,2013-04-08,2013-04-13,35,1,35
SO55499,121,1677,2013-04-01,2013-04-08,2013-04-13,2295,1,2295
SO55499,247,1677,2013-04-01,2013-04-08,2013-04-13,55,1,55
SO55500,126,11897,2013-04-01,2013-04-08,2013-04-13,540,1,540
SO55500,285,11897,2013-04-01,2013-04-08,2013-04-13,21,1,21
SO55500,290,11897,2013-04-01,2013-04-08,2013-04-13,4,1,4
SO55500,244,11897,2013-04-01,2013-04-08,2013-04-13,35,1,35
SO55501,129,11067,2013-04-01,2013-04-08,2013-04-13,540,1,540
SO55502,133,9000,2013-04-01,2013-04-08,2013-04-13,1120,1,1120
SO55502,286,9000,2013-04-01,2013-04-08,2013-04-13,25,1,25
SO55502,259,9000,2013-04-01,2013-04-08,2013-04-13,2,1,2
SO55503,165,14721,2013-04-01,2013-04-08,2013-04-13,2384,1,2384
SO55503,295,14721,2013-04-01,2013-04-08,2013-04-13,5,1,5
SO55503,105,14721,2013-04-01,2013-04-08,2013-04-13,9,1,9
SO55503,245,14721,2013-04-01,2013-04-08,2013-04-13,35,1,35
SO55504,158,1648,2013-04-01,2013-04-08,2013-04-13,2384,1,2384
SO55504,245,1648,2013-04-01,2013-04-08,2013-04-13,35,1,35
SO55504,249,1648,2013-04-01,2013-04-08,2013-04-13,50,1,50
SO55504,166,1648,2013-04-01,2013-04-08,2013-04-13,9,1,9
SO55505,124,1303,2013-04-02,2013-04-09,2013-04-14,2320,1,2320
SO55505,247,1303,2013-04-02,2013-04-09,2013-04-14,55,1,55
SO55506,117,2794,2013-04-02,2013-04-09,2013-04-14,769,1,769
SO55506,272,2794,2013-04-02,2013-04-09,2013-04-14,70,1,70
SO55507,290,6730,2013-04-02,2013-04-09,2013-04-14,4,1,4
SO55507,285,6730,2013-04-02,2013-04-09,2013-04-14,21,1,21
SO55507,246,6730,2013-04-02,2013-04-09,2013-04-14,35,1,35
SO55507,251,6730,2013-04-02,2013-04-09,2013-04-14,50,1,50
SO55508,289,14225,2013-04-02,2013-04-09,2013-04-14,5,1,5
SO55508,259,14225,2013-04-02,2013-04-09,2013-04-14,2,1,2
SO55509,290,761,2013-04-02,2013-04-09,2013-04-14,4,1,4
SO55509,247,761,2013-04-02,2013-04-09,2013-04-14,55,1,55
SO55509,292,761,2013-04-02,2013-04-09,2013-04-14,64,1,64
SO55510,104,18305,2013-04-02,2013-04-09,2013-04-14,10,1,10
SO55510,166,18305,2013-04-02,2013-04-09,2013-04-14,9,1,9
SO55510,295,18305,2013-04-02,2013-04-09,2013-04-14,5,1,5
SO55511,168,5931,2013-04-02,2013-04-09,2013-04-14,8,1,8
SO55512,235,1346,2013-04-02,2013-04-09,2013-04-14,24,1,24
SO55513,119,2808,2013-04-02,2013-04-09,2013-04-14,769,1,769
SO55513,281,2808,2013-04-02,2013-04-09,2013-04-14,159,1,159
SO55514,290,16225,2013-04-02,2013-04-09,2013-04-14,4,1,4
SO55514,259,16225,2013-04-02,2013-04-09,2013-04-14,2,1,2
SO55515,290,18076,2013-04-02,2013-04-09,2013-04-14,4,1,4
SO55515,293,18076,2013-04-02,2013-04-09,2013-04-14,64,1,64
SO55516,290,17797,2013-04-02,2013-04-09,2013-04-14,4,1,4
SO55516,286,17797,2013-04-02,2013-04-09,2013-04-14,25,1,25
SO55516,244,17797,2013-04-02,2013-04-09,2013-04-14,35,1,35
SO55517,291,17267,2013-04-02,2013-04-09,2013-04-14,5,1,5
SO55518,282,15350,2013-04-02,2013-04-09,2013-04-14,25,1,25
SO55518,259,15350,2013-04-02,2013-04-09,2013-04-14,2,1,2
SO55519,282,254,2013-04-02,2013-04-09,2013-04-14,25,1,25
SO55520,287,13738,2013-04-02,2013-04-09,2013-04-14,33,1,33
SO55520,290,13738,2013-04-02,2013-04-09,2013-04-14,4,1,4
SO55520,259,13738,2013-04-02,2013-04-09,2013-04-14,2,1,2
SO55520,168,13738,2013-04-02,2013-04-09,2013-04-14,8,1,8
SO55521,283,1940,2013-04-02,2013-04-09,2013-04-14,30,1,30
SO55521,259,1940,2013-04-02,2013-04-09,2013-04-14,2,1,2
SO55522,104,10751,2013-04-02,2013-04-09,2013-04-14,10,1,10
SO55522,295,10751,2013-04-02,2013-04-09,2013-04-14,5,1,5
SO55522,277,10751,2013-04-02,2013-04-09,2013-04-14,54,1,54
SO55523,272,7542,2013-04-02,2013-04-09,2013-04-14,70,1,70
SO55524,295,7313,2013-04-02,2013-04-09,2013-04-14,5,1,5
SO55524,259,7313,2013-04-02,2013-04-09,2013-04-14,2,1,2
SO55524,168,7313,2013-04-02,2013-04-09,2013-04-14,8,1,8
SO55525,295,6527,2013-04-02,2013-04-09,2013-04-14,5,1,5
SO55526,273,16438,2013-04-02,2013-04-09,2013-04-14,70,1,70
SO55526,166,16438,2013-04-02,2013-04-09,2013-04-14,9,1,9
SO55527,295,5964,2013-04-02,2013-04-09,2013-04-14,5,1,5
SO55527,245,5964,2013-04-02,2013-04-09,2013-04-14,35,1,35
SO55528,295,7105,2013-04-02,2013-04-09,2013-04-14,5,1,5
SO55528,166,7105,2013-04-02,2013-04-09,2013-04-14,9,1,9
SO55529,174,3455,2013-04-02,2013-04-09,2013-04-14,22,1,22
SO55529,104,3455,2013-04-02,2013-04-09,2013-04-14,10,1,10
SO55530,289,15702,2013-04-02,2013-04-09,2013-04-14,5,1,5
SO55530,245,15702,2013-04-02,2013-04-09,2013-04-14,35,1,35
SO55531,290,14670,2013-04-02,2013-04-09,2013-04-14,4,1,4
SO55531,245,14670,2013-04-02,2013-04-09,2013-04-14,35,1,35
SO55532,283,10511,2013-04-02,2013-04-09,2013-04-14,30,1,30
SO55532,289,10511,2013-04-02,2013-04-09,2013-04-14,5,1,5
SO55532,244,10511,2013-04-02,2013-04-09,2013-04-14,35,1,35
SO55532,251,10511,2013-04-02,2013-04-09,2013-04-14,50,1,50
SO55532,166,10511,2013-04-02,2013-04-09,2013-04-14,9,1,9
SO55533,290,16784,2013-04-02,2013-04-09,2013-04-14,4,1,4
SO55533,259,16784,2013-04-02,2013-04-09,2013-04-14,2,1,2
SO55533,281,16784,2013-04-02,2013-04-09,2013-04-14,159,1,159
SO55534,291,16323,2013-04-02,2013-04-09,2013-04-14,5,1,5
SO55534,288,16323,2013-04-02,2013-04-09,2013-04-14,29,1,29
SO55534,259,16323,2013-04-02,2013-04-09,2013-04-14,2,1,2
SO55535,291,14631,2013-04-02,2013-04-09,2013-04-14,5,1,5
SO55535,245,14631,2013-04-02,2013-04-09,2013-04-14,35,1,35
SO55536,284,2331,2013-04-02,2013-04-09,2013-04-14,35,1,35
SO55536,289,2331,2013-04-02,2013-04-09,2013-04-14,5,1,5
SO55536,244,2331,2013-04-02,2013-04-09,2013-04-14,35,1,35
SO55537,116,3037,2013-04-02,2013-04-09,2013-04-14,769,1,769
SO55537,274,3037,2013-04-02,2013-04-09,2013-04-14,70,1,70
SO55538,119,6048,2013-04-02,2013-04-09,2013-04-14,769,1,769
SO55539,135,7770,2013-04-02,2013-04-09,2013-04-14,1701,1,1701
SO55539,286,7770,2013-04-02,2013-04-09,2013-04-14,25,1,25
SO55540,126,9995,2013-04-02,2013-04-09,2013-04-14,540,1,540
SO55540,295,9995,2013-04-02,2013-04-09,2013-04-14,5,1,5
SO55540,105,9995,2013-04-02,2013-04-09,2013-04-14,9,1,9
SO55540,245,9995,2013-04-02,2013-04-09,2013-04-14,35,1,35
SO55540,234,9995,2013-04-02,2013-04-09,2013-04-14,24,1,24
SO55541,141,8589,2013-04-02,2013-04-09,2013-04-14,2443,1,2443
SO55541,245,8589,2013-04-02,2013-04-09,2013-04-14,35,1,35
SO55542,141,8587,2013-04-02,2013-04-09,2013-04-14,2443,1,2443
SO55542,246,8587,2013-04-02,2013-04-09,2013-04-14,35,1,35
SO55543,120,1040,2013-04-02,2013-04-09,2013-04-14,2295,1,2295
SO55543,284,1040,2013-04-02,2013-04-09,2013-04-14,35,1,35
SO55543,289,1040,2013-0
