customer_key,customer_number,customer_name,age,age_group,customer_segment,last_order_date,recency,total_orders,total_sales,total_quantity,lifespan,avg_order_value,avg_monthly_spend
1,AW00011000,Jon Yang,55,50 and above,VIP,2013-05-03,159,3,8249,8,8,2749,294
2,AW00011001,Eugene Huang,50,50 and above,VIP,2013-12-10,152,3,6384,11,10,2128,182
3,AW00011002,Ruben Torres,55,50 and above,VIP,2013-02-23,162,3,8114,4,4,2704,324
4,AW00011003,Christy Zhu,53,50 and above,VIP,2013-05-10,159,3,8139,9,9,2713,280
5,AW00011004,Elizabeth Johnson,47,40-49,VIP,2013-05-01,159,3,8196,6,6,2732,292
6,AW00011005,Julio Ruiz,50,50 and above,VIP,2013-05-02,159,3,8121,6,6,2707,280
7,AW00011006,Janet Alvarez,50,50 and above,VIP,2013-05-14,159,3,8119,5,5,2706,289
8,AW00011007,Marco Mehta,57,50 and above,VIP,2013-03-19,161,3,8211,8,8,2737,315
9,AW00011008,Rob Verhoff,51,50 and above,VIP,2013-03-02,161,3,8106,7,7,2702,311
10,AW00011009,Shannon Carlson,57,50 and above,VIP,2013-05-09,159,3,8091,5,5,2697,288
11,AW00011010,Jacquelyn Suarez,57,50 and above,VIP,2013-05-23,159,3,8088,4,4,2696,288
12,AW00011011,Curtis Lu,57,50 and above,VIP,2013-03-19,161,3,8133,4,4,2711,301
13,AW00011012,Lauren Walker,47,40-49,New,2013-10-15,154,2,81,5,5,40,11
14,AW00011013,Ian Jenkins,47,40-49,New,2014-01-21,151,2,114,5,5,57,12
15,AW00011014,Sydney Bennett,53,50 and above,New,2013-04-30,160,2,138,6,5,69,138
16,AW00011015,Chloe Young,42,40-49,New,2013-01-18,163,1,2501,3,3,2501,2501
17,AW00011016,Wyatt Hill,42,40-49,New,2013-02-09,162,1,2332,3,3,2332,2332
18,AW00011017,Shannon Wang,77,50 and above,VIP,2013-10-14,154,3,6434,4,4,2144,194
19,AW00011018,Clarence Rai,71,50 and above,VIP,2013-10-24,154,3,6533,7,7,2177,197
20,AW00011019,Luke Lal,43,40-49,New,2014-01-12,151,17,880,33,20,51,80
21,AW00011020,Jordan King,42,40-49,New,2012-12-29,164,1,2317,2,2,2317,2317
22,AW00011021,Destiny Wilson,42,40-49,New,2013-01-23,163,1,2372,3,3,2372,2372
23,AW00011022,Ethan Zhang,42,40-49,New,2013-01-20,163,1,2322,2,2,2322,2322
24,AW00011023,Seth Edwards,42,40-49,New,2014-01-14,151,2,122,6,6,61,11
25,AW00011024,Russell Xie,42,40-49,New,2013-07-26,157,2,56,6,5,28,56
26,AW00011025,Alejandro Beck,75,50 and above,VIP,2013-10-25,154,3,6577,6,6,2192,199
27,AW00011026,Harold Sai,75,50 and above,VIP,2013-10-15,154,3,6575,7,7,2191,199
28,AW00011027,Jessie Zhao,74,50 and above,VIP,2013-10-24,154,3,6591,9,9,2197,199
29,AW00011028,Jill Jimenez,75,50 and above,VIP,2013-10-07,154,3,6474,5,5,2158,196
30,AW00011029,Jimmy Moreno,74,50 and above,VIP,2013-11-11,153,3,6565,7,7,2188,193
31,AW00011030,Bethany Yuan,68,50 and above,VIP,2013-11-09,153,3,6471,4,4,2157,196
32,AW00011031,Theresa Ramos,73,50 and above,VIP,2013-11-13,153,3,6478,6,6,2159,196
33,AW00011032,Denise Stone,74,50 and above,VIP,2013-11-08,153,3,6525,10,10,2175,197
34,AW00011033,Jaime Nath,68,50 and above,VIP,2013-11-05,153,3,6495,7,7,2165,196
35,AW00011034,Ebony Gonzalez,74,50 and above,VIP,2013-11-10,153,3,6491,4,4,2163,196
36,AW00011035,Wendy Dominguez,73,50 and above,VIP,2013-11-15,153,3,6451,5,5,2150,195
37,AW00011036,Jennifer Russell,42,40-49,New,2013-01-22,163,1,2355,2,2,2355,2355
38,AW00011037,Chloe Garcia,43,40-49,New,2013-01-20,163,1,2374,7,7,2374,2374
39,AW00011038,Diana Hernandez,73,50 and above,VIP,2013-11-12,153,3,6437,3,3,2145,195
40,AW00011039,Marc Martin,72,50 and above,VIP,2013-11-11,153,3,6636,9,8,2212,201
41,AW00011040,Jesse Murphy,43,40-49,New,2013-04-03,160,1,2351,3,3,2351,2351
42,AW00011041,Amanda Carter,43,40-49,New,2013-01-14,163,1,2381,3,3,2381,2381
43,AW00011042,Megan Sanchez,44,40-49,New,2013-10-17,154,2,3112,3,3,1556,345
44,AW00011043,Nathan Simmons,45,40-49,New,2013-08-18,156,2,48,3,3,24,16
45,AW00011044,Adam Flores,72,50 and above,VIP,2013-11-08,153,3,6515,7,7,2171,197
46,AW00011045,Leonard Nara,71,50 and above,New,2013-10-29,154,2,115,4,4,57,19
47,AW00011046,Christine Yuan,71,50 and above,VIP,2013-11-12,153,3,6616,6,6,2205,200
48,AW00011047,Jaclyn Lu,71,50 and above,VIP,2013-11-19,153,3,6582,4,4,2194,199
49,AW00011048,Jeremy Powell,70,50 and above,VIP,2013-12-25,152,3,6498,8,8,2166,191
50,AW00011049,Carol Rai,40,40-49,New,2013-10-29,154,2,81,5,5,40,11
51,AW00011050,Alan Zheng,69,50 and above,VIP,2013-11-19,153,3,5007,6,6,1669,151
52,AW00011051,Daniel Johnson,69,50 and above,New,2014-01-01,151,2,124,5,5,62,124
53,AW00011052,Heidi Lopez,69,50 and above,VIP,2013-05-27,159,3,8131,7,7,2710,301
54,AW00011053,Ana Price,40,40-49,New,2013-01-17,163,1,2330,2,2,2330,2330
55,AW00011054,Deanna Munoz,69,50 and above,VIP,2013-05-30,159,3,8223,6,6,2741,304
56,AW00011055,Gilbert Raje,69,50 and above,VIP,2013-06-07,158,3,8168,8,8,2722,281
57,AW00011056,Michele Nath,68,50 and above,VIP,2013-05-31,159,3,8207,8,8,2735,303
58,AW00011057,Carl Andersen,56,50 and above,VIP,2013-05-21,159,3,8088,4,4,2696,299
59,AW00011058,Marc Diaz,61,50 and above,VIP,2013-06-04,158,3,8248,6,6,2749,305
60,AW00011059,Ashlee Andersen,67,50 and above,New,2013-03-16,161,3,117,7,6,39,117
61,AW00011060,Jon Zhou,67,50 and above,VIP,2013-06-25,158,3,8153,6,6,2717,301
62,AW00011061,Todd Gao,50,50 and above,VIP,2013-06-14,158,3,8129,6,6,2709,301
63,AW00011062,Noah Powell,45,40-49,New,2013-01-07,163,1,2352,3,3,2352,2352
64,AW00011063,Angela Murphy,46,40-49,New,2013-01-12,163,1,2373,5,5,2373,2373
65,AW00011064,Chase Reed,45,40-49,New,2013-01-25,163,1,2305,2,2,2305,2305
66,AW00011065,Jessica Henderson,47,40-49,New,2014-01-10,151,2,202,5,4,101,18
67,AW00011066,Grace Butler,47,40-49,New,2013-09-19,155,2,81,5,5,40,20
68,AW00011067,Caleb Carter,44,40-49,New,2014-01-12,151,2,105,6,6,52,21
69,AW00011068,Tiffany Liang,60,50 and above,New,2013-10-08,154,3,113,9,8,37,18
70,AW00011069,Carolyn Navarro,60,50 and above,VIP,2013-06-04,158,3,8104,3,3,2701,311
71,AW00011070,Willie Raji,66,50 and above,VIP,2013-06-26,158,3,8165,10,9,2721,314
72,AW00011071,Linda Serrano,66,50 and above,New,2013-12-01,152,3,110,7,6,36,12
73,AW00011072,Casey Luo,66,50 and above,VIP,2013-06-15,158,3,8194,7,7,2731,303
74,AW00011073,Amy Ye,64,50 and above,New,2013-08-21,156,3,192,10,9,64,38
75,AW00011074,Levi Arun,64,50 and above,New,2013-05-27,159,3,94,7,7,31,47
76,AW00011075,Felicia Jimenez,63,50 and above,VIP,2013-06-24,158,3,8068,5,5,2689,310
77,AW00011076,Blake Anderson,63,50 and above,VIP,2013-06-21,158,3,8159,4,4,2719,313
78,AW00011077,Leah Ye,63,50 and above,VIP,2013-06-12,158,3,8169,5,5,2723,314
79,AW00011078,Gina Martin,41,40-49,New,2014-01-28,151,17,912,31,23,53,82
80,AW00011079,Donald Gonzalez,56,50 and above,New,2014-01-01,151,3,58,5,5,19,5
81,AW00011080,Damien Chander,61,50 and above,VIP,2013-06-23,158,3,8204,7,7,2734,315
82,AW00011081,Savannah Baker,54,50 and above,New,2013-04-13,160,2,104,5,5,52,52
83,AW00011082,Angela Butler,54,50 and above,New,2013-11-06,153,2,3110,6,6,1555,311
84,AW00011083,Alyssa Cox,49,40-49,New,2013-11-08,153,2,3137,5,5,1568,313
85,AW00011084,Lucas Phillips,63,50 and above,New,2013-11-21,153,2,3078,5,5,1539,307
86,AW00011085,Emily Johnson,63,50 and above,New,2014-01-08,151,2,129,5,5,64,129
87,AW00011086,Ryan Brown,63,50 and above,New,2013-12-21,152,2,153,6,6,76,30
88,AW00011087,Tamara Liang,63,50 and above,New,2013-08-09,156,2,200,4,4,100,33
89,AW00011088,Hunter Davis,63,50 and above,New,2013-11-12,153,2,3176,7,7,1588,317
90,AW00011089,Abigail Price,64,50 and above,New,2013-11-18,153,2,3188,7,7,1594,289
91,AW00011090,Trevor Bryant,58,50 and above,VIP,2013-11-21,153,3,6703,6,6,2234,248
92,AW00011091,Dalton Perez,64,50 and above,Regular,2014-01-08,151,28,1186,59,25,42,98
93,AW00011092,Cheryl Diaz,54,50 and above,VIP,2013-06-21,158,3,8110,5,5,2703,311
94,AW00011093,Aimee He,48,40-49,VIP,2013-06-08,158,3,8180,7,7,2726,314
95,AW00011094,Cedric Ma,59,50 and above,New,2014-01-11,151,3,236,8,8,78,26
96,AW00011095,Chad Kumar,58,50 and above,VIP,2013-06-25,158,3,8158,7,7,2719,313
97,AW00011096,AndrÔö£┬«s Anand,58,50 and above,VIP,2013-07-30,157,3,8063,4,4,2687,298
98,AW00011097,Edwin Nara,54,50 and above,VIP,2013-07-24,157,3,8099,5,5,2699,299
99,AW00011098,Mallory Rubio,60,50 and above,New,2013-10-16,154,3,89,4,4,29,11
100,AW00011099,Adam Ross,60,50 and above,VIP,2013-07-01,157,3,8216,9,8,2738,304
101,AW00011100,Latasha Navarro,60,50 and above,VIP,2013-08-07,156,3,8172,7,7,2724,291
102,AW00011101,Abby Sai,56,50 and above,VIP,2013-06-29,158,3,8262,7,7,2754,317
103,AW00011102,Julia Nelson,56,50 and above,New,2013-12-09,152,3,103,5,5,34,20
104,AW00011103,Cassie Chande,45,40-49,VIP,2013-06-06,158,3,8182,8,8,2727,314
105,AW00011104,Edgar Sara,51,50 and above,VIP,2013-06-15,158,3,8173,6,6,2724,326
106,AW00011105,Candace Fernandez,56,50 and above,VIP,2013-06-05,158,3,8096,5,5,2698,323
107,AW00011106,Jessie Liu,56,50 and above,VIP,2013-06-15,158,3,8079,3,3,2693,323
108,AW00011107,Bianca Lin,50,50 and above,VIP,2013-06-21,158,3,8171,6,6,2723,326
109,AW00011108,Kari Alvarez,57,50 and above,VIP,2013-06-23,158,3,8124,5,5,2708,324
110,AW00011109,Ruben Kapoor,46,40-49,VIP,2013-06-24,158,3,8245,8,8,2748,329
111,AW00011110,Curtis Yang,59,50 and above,VIP,2013-08-20,156,3,8093,5,5,2697,299
112,AW00011111,Meredith Gutierrez,59,50 and above,VIP,2013-08-22,156,3,8137,8,8,2712,301
113,AW00011112,Crystal Wang,58,50 and above,VIP,2013-09-02,155,3,8295,6,6,2765,296
114,AW00011113,Micheal Blanco,53,50 and above,New,2013-04-21,160,3,110,7,7,36,55
115,AW00011114,Leslie Moreno,59,50 and above,New,2013-12-26,152,3,123,7,6,41,13
116,AW00011115,Alvin Cai,59,50 and above,New,2014-01-02,151,3,114,6,6,38,10
117,AW00011116,Clinton Carlson,47,40-49,New,2013-10-16,154,3,149,7,7,49,21
118,AW00011117,April Deng,60,50 and above,VIP,2013-06-25,158,3,8185,8,8,2728,327
119,AW00011118,Alvin Zeng,64,50 and above,New,2014-01-26,151,3,124,8,6,41,20
120,AW00011119,Evan James,86,50 and above,New,2013-11-23,153,2,85,4,4,42,9
121,AW00011120,Beth JimÔö£┬«nez,84,50 and above,VIP,2013-09-19,155,3,8242,10,10,2747,294
122,AW00011121,Orlando Suarez,60,50 and above,New,2013-11-04,153,3,58,6,5,19,11
123,AW00011122,Byron Vazquez,61,50 and above,New,2013-08-22,156,3,43,3,3,14,7
124,AW00011123,Philip Alvarez,61,50 and above,New,2014-01-25,151,3,150,8,7,50,16
125,AW00011124,Ross Jordan,58,50 and above,VIP,2013-06-18,158,3,8129,6,6,2709,325
126,AW00011125,Dana Navarro,65,50 and above,New,2013-07-03,157,3,79,7,7,26,13
127,AW00011126,Shaun Carson,72,50 and above,Regular,2013-11-03,153,3,4971,8,7,1657,165
128,AW00011127,Jan Edwards,45,40-49,New,2013-10-01,154,2,44,3,3,22,7
129,AW00011128,Samantha Long,45,40-49,New,2013-08-12,156,2,144,7,7,72,72
130,AW00011129,Julia Wright,45,40-49,VIP,2013-01-09,163,2,5873,2,2,2936,345
131,AW00011130,Caroline Russell,41,40-49,New,2013-12-09,152,1,37,2,2,37,37
132,AW00011131,Amanda Rivera,41,40-49,New,2014-01-23,151,5,166,9,9,33,55
133,AW00011132,Melissa Richardson,40,40-49,New,2013-04-09,160,1,2372,6,6,2372,2372
134,AW00011133,Angela Griffin,40,40-49,New,2013-12-30,152,1,72,4,4,72,72
135,AW00011134,Larry Townsend,69,50 and above,Regular,2013-11-03,153,3,4911,3,3,1637,163
136,AW00011135,Marcus Harris,41,40-49,New,2013-04-18,160,1,2335,3,3,2335,2335
137,AW00011136,Brianna Morgan,42,40-49,New,2013-01-03,163,1,2381,3,3,2381,2381
138,AW00011137,Jasmine Taylor,42,40-49,New,2014-01-20,151,2,202,5,4,101,33
139,AW00011138,Lauren Davis,42,40-49,New,2013-12-31,152,2,79,4,4,39,26
140,AW00011139,Tanya Moreno,77,50 and above,New,2013-10-17,154,2,84,3,3,42,84
141,AW00011140,Javier Alvarez,44,40-49,New,2013-03-19,161,1,40,2,2,40,40
142,AW00011141,Nicole Ramirez,44,40-49,New,2013-09-28,155,2,114,5,5,57,28
143,AW00011142,Eduardo Patterson,43,40-49,New,2014-01-13,151,17,979,36,23,57,89
144,AW00011143,Jonathan Henderson,44,40-49,New,2013-12-19,152,2,48,5,4,24,8
145,AW00011144,Edward Hernandez,41,40-49,New,2013-01-25,163,1,2400,3,3,2400,2400
146,AW00011145,Jasmine Coleman,41,40-49,New,2013-01-25,163,1,2310,3,3,2310,2310
147,AW00011146,Karla Goel,81,50 and above,New,2013-09-15,155,3,113,7,6,37,16
148,AW00011147,Ernest Wu,82,50 and above,VIP,2013-10-16,154,3,8195,7,7,2731,282
149,AW00011148,Ross Vazquez,79,50 and above,New,2013-12-03,152,3,126,6,5,42,14
150,AW00011149,Theodore Gill,80,50 and above,New,2013-11-29,153,3,41,4,4,13,8
151,AW00011150,Russell Shen,80,50 and above,New,2013-07-15,157,3,192,8,7,64,48
152,AW00011151,Melinda Gill,79,50 and above,VIP,2013-10-20,154,3,8087,6,6,2695,278
153,AW00011152,James Williams,45,40-49,New,2013-01-09,163,1,2295,1,1,2295,2295
154,AW00011153,Angela James,45,40-49,New,2013-03-29,161,2,110,5,5,55,110
155,AW00011154,Megan Walker,44,40-49,New,2013-01-10,163,1,2320,1,1,2320,2320
156,AW00011155,Hunter Robinson,45,40-49,New,2013-01-06,163,1,2320,1,1,2320,2320
157,AW00011156,Maria Roberts,45,40-49,New,2013-01-08,163,1,2390,4,4,2390,2390
158,AW00011157,Hannah Long,46,40-49,New,2013-09-11,155,2,41,3,3,20,20
159,AW00011158,Jason Wright,45,40-49,New,2013-01-19,163,1,2396,3,3,2396,2396
160,AW00011159,Brianna Hughes,45,40-49,New,2013-11-07,153,2,48,5,4,24,24
161,AW00011160,Maurice Tang,47,40-49,New,2013-02-21,162,1,2322,2,2,2322,2322
162,AW00011161,Emily Wood,47,40-49,New,2013-11-11,153,2,94,6,6,47,18
163,AW00011162,Chase Cox,47,40-49,New,2013-02-18,162,1,2330,2,2,2330,2330
164,AW00011163,Gabriel Wang,46,40-49,New,2013-08-05,156,2,46,4,4,23,15
165,AW00011164,Devin Brooks,47,40-49,New,2013-08-05,156,2,145,6,6,72,36
166,AW00011165,Jocelyn Alexander,47,40-49,New,2013-06-05,158,2,103,3,3,51,103
167,AW00011166,Ashley Martinez,49,40-49,New,2013-12-06,152,2,88,5,5,44,44
168,AW00011167,Jasmine Barnes,48,40-49,New,2013-11-28,153,2,3126,4,4,1563,312
169,AW00011168,David Rodriguez,53,50 and above,New,2013-11-16,153,2,3136,7,7,1568,313
170,AW00011169,Bryce Richardson,53,50 and above,New,2013-09-24,155,2,81,5,5,40,20
171,AW00011170,Carol Howard,53,50 and above,New,2013-12-29,152,2,157,7,7,78,39
172,AW00011171,Jonathan Hill,48,40-49,VIP,2013-11-07,153,3,6716,8,8,2238,248
173,AW00011172,Gabrielle Adams,53,50 and above,New,2014-01-11,151,2,129,7,6,64,16
174,AW00011173,Sarah Thomas,53,50 and above,New,2013-12-24,152,2,103,3,3,51,11
175,AW00011174,Nicholas Robinson,53,50 and above,New,2013-07-25,157,2,48,5,4,24,48
176,AW00011175,Luis Wang,58,50 and above,VIP,2013-11-03,153,3,6710,8,8,2236,248
177,AW00011176,Mason Roberts,47,40-49,New,2014-01-27,151,28,1317,60,27,47,119
178,AW00011177,Jose Flores,78,50 and above,New,2013-10-14,154,2,135,6,6,67,19
179,AW00011178,Nathan Johnson,72,50 and above,New,2013-05-26,159,2,145,6,6,72,48
180,AW00011179,Molly Rodriguez,67,50 and above,New,2014-01-09,151,2,125,6,6,62,12
181,AW00011180,April Anand,78,50 and above,New,2013-09-25,155,2,138,6,6,69,23
182,AW00011181,Devin Martin,66,50 and above,New,2013-07-11,157,2,41,3,3,20,20
183,AW00011182,Stephanie Torres,76,50 and above,New,2014-01-05,151,2,81,5,5,40,16
184,AW00011183,Jasmine Lee,76,50 and above,New,2013-06-13,158,2,46,4,4,23,23
185,AW00011184,Meghan Hernandez,71,50 and above,New,2013-10-09,154,2,68,5,5,34,34
186,AW00011185,Ashley Henderson,76,50 and above,New,2014-01-26,151,27,1616,68,29,59,146
187,AW00011186,Sarah Price,77,50 and above,New,2014-01-07,151,2,41,3,3,20,13
188,AW00011187,Jennifer Cooper,77,50 and above,New,2013-08-06,156,2,108,4,4,54,27
189,AW00011188,Catherine Morris,76,50 and above,New,2014-01-21,151,2,81,5,5,40,40
190,AW00011189,Lawrence Blanco,76,50 and above,VIP,2013-02-05,162,2,5944,6,6,2972,330
191,AW00011190,Carson Bryant,77,50 and above,New,2014-01-16,151,2,46,4,4,23,9
192,AW00011191,Kristi Perez,75,50 and above,VIP,2013-11-06,153,3,6743,7,7,2247,249
193,AW00011192,James Brown,75,50 and above,New,2013-09-25,155,2,114,5,5,57,38
194,AW00011193,Ian Gray,76,50 and above,New,2013-08-18,156,2,41,3,3,20,6
195,AW00011194,Jacqueline Price,76,50 and above,New,2013-12-08,152,2,105,6,6,52,11
196,AW00011195,Megan Henderson,75,50 and above,New,2013-10-22,154,2,105,6,6,52,17
197,AW00011196,Alfredo Romero,75,50 and above,New,2013-09-24,155,2,162,4,4,81,27
198,AW00011197,Andrea Morris,75,50 and above,New,2013-07-20,157,2,207,6,5,103,103
199,AW00011198,Brooke Sanders,74,50 and above,New,2013-02-13,162,2,98,4,4,49,98
200,AW00011199,Jacqueline Bennett,69,50 and above,New,2013-10-17,154,2,132,6,6,66,18
201,AW00011200,Jason Griffin,73,50 and above,New,2014-01-20,151,27,1461,55,26,54,132
202,AW00011201,Amanda Foster,73,50 and above,New,2013-09-09,155,2,181,6,6,90,90
203,AW00011202,Alexia Price,68,50 and above,New,2013-09-21,155,2,74,3,3,37,74
204,AW00011203,Luis Diaz,67,50 and above,New,2013-12-11,152,17,800,32,19,47,80
205,AW00011204,Destiny Rivera,73,50 and above,New,2013-11-10,153,2,77,4,4,38,25
206,AW00011205,Abby Fernandez,72,50 and above,New,2013-10-08,154,2,37,2,2,18,12
207,AW00011206,Blake Flores,72,50 and above,New,2013-05-30,159,2,77,4,4,38,77
208,AW00011207,Danielle Cox,72,50 and above,New,2013-10-18,154,2,77,4,4,38,8
209,AW00011208,Maria Reed,73,50 and above,New,2013-09-17,155,2,134,7,7,67,22
210,AW00011209,Allison Evans,73,50 and above,New,2014-01-22,151,2,37,2,2,18,3
211,AW00011210,Edward Wood,73,50 and above,New,2013-09-06,155,2,70,5,5,35,17
212,AW00011211,Samantha Russell,66,50 and above,New,2014-01-07,151,17,792,33,22,46,72
213,AW00011212,Chloe Campbell,71,50 and above,Regular,2014-01-17,151,17,824,33,20,48,68
214,AW00011213,Stephanie Murphy,72,50 and above,New,2013-09-09,155,2,77,4,4,38,12
215,AW00011214,Charles Miller,71,50 and above,New,2013-11-19,153,2,162,4,4,81,54
216,AW00011215,Ana Perry,65,50 and above,New,2013-12-15,152,17,1154,32,21,67,115
217,AW00011216,Jasmine Torres,71,50 and above,VIP,2013-02-05,162,2,5948,5,5,2974,330
218,AW00011217,Natalie Adams,71,50 and above,VIP,2013-02-14,162,2,5953,3,3,2976,330
219,AW00011218,Olivia Brown,65,50 and above,New,2014-01-04,151,2,39,3,2,19,3
220,AW00011219,Charles Cook,70,50 and above,New,2014-01-24,151,2,39,3,2,19,13
221,AW00011220,Erica Huang,65,50 and above,New,2013-12-13,152,2,50,4,4,25,5
222,AW00011221,Nathan Perry,71,50 and above,New,2013-10-17,154,2,46,4,4,23,7
223,AW00011222,Alexandra Rivera,70,50 and above,New,2013-11-28,153,2,208,6,6,104,208
224,AW00011223,Hailey Patterson,69,50 and above,Regular,2014-01-06,151,27,1293,65,26,47,107
225,AW00011224,Tiffany Li,69,50 and above,VIP,2013-12-03,152,3,6685,5,5,2228,238
226,AW00011225,Madison Lee,64,50 and above,New,2013-09-06,155,2,73,5,5,36,24
227,AW00011226,Sydney Ross,64,50 and above,New,2013-03-31,161,2,37,2,2,18,37
228,AW00011227,Marshall Chavez,64,50 and above,VIP,2013-02-10,162,2,5910,5,5,2955,328
229,AW00011228,Ashley Jones,70,50 and above,New,2014-01-17,151,2,77,4,4,38,25
230,AW00011229,Adrian Stewart,69,50 and above,New,2014-01-25,151,2,81,5,5,40,13
231,AW00011230,Amber Turner,70,50 and above,New,2013-12-09,152,2,54,5,5,27,10
232,AW00011231,Dennis Zhang,63,50 and above,New,2013-11-12,153,2,64,4,4,32,7
233,AW00011232,Hailey Bryant,68,50 and above,New,2013-11-13,153,2,39,3,2,19,19
234,AW00011233,Todd Li,63,50 and above,New,2013-06-08,158,2,179,7,7,89,44
235,AW00011234,Anna Griffin,68,50 and above,New,2013-09-19,155,2,76,4,4,38,10
236,AW00011235,Angel Stewart,69,50 and above,New,2014-01-05,151,2,138,6,5,69,23
237,AW00011236,Jeremy Butler,69,50 and above,New,2014-01-06,151,2,114,5,5,57,38
238,AW00011237,Clarence Anand,62,50 and above,VIP,2013-11-25,153,4,10566,6,6,2641,406
239,AW00011238,Mayra Prasad,62,50 and above,VIP,2013-04-30,160,4,7543,9,9,1885,279
240,AW00011239,Latoya Goel,57,50 and above,VIP,2013-05-28,159,4,7511,11,11,1877,268
241,AW00011240,Anne Hernandez,62,50 and above,VIP,2013-05-13,159,4,7586,13,10,1896,280
242,AW00011241,Lisa Cai,52,50 and above,VIP,2013-10-29,154,7,11468,25,20,1638,882
243,AW00011242,Larry Munoz,63,50 and above,VIP,2013-12-04,152,7,11067,12,12,1581,737
244,AW00011243,Robin Alvarez,63,50 and above,VIP,2013-06-09,158,4,7164,12,10,1791,255
245,AW00011244,Alexis Coleman,58,50 and above,VIP,2013-07-19,157,4,7175,12,11,1793,247
246,AW00011245,Ricky Vazquez,64,50 and above,VIP,2013-12-11,152,4,10580,9,9,2645,391
247,AW00011246,Latasha Rubio,64,50 and above,VIP,2013-12-20,152,4,10575,7,7,2643,406
248,AW00011247,Claudia Zhou,65,50 and above,VIP,2013-08-17,156,4,7131,12,11,1782,237
249,AW00011248,Tristan Alexander,60,50 and above,New,2013-07-14,157,1,38,3,3,38,38
250,AW00011249,Cindy Patel,60,50 and above,VIP,2013-09-15,155,4,9890,11,11,2472,430
251,AW00011250,Shannon Liu,60,50 and above,VIP,2013-08-06,156,4,7115,11,10,1778,245
252,AW00011251,Xavier Long,88,50 and above,New,2013-10-18,154,1,2319,4,4,2319,2319
253,AW00011252,Nicholas Thompson,89,50 and above,VIP,2013-12-18,152,3,6685,7,7,2228,238
254,AW00011253,JosÔö£┬« Hernandez,77,50 and above,New,2013-12-03,152,16,695,30,16,43,77
255,AW00011254,Johnathan Vance,88,50 and above,New,2013-12-14,152,2,204,9,9,102,204
256,AW00011255,Colin Lin,88,50 and above,New,2013-03-31,161,2,114,5,5,57,114
257,AW00011256,Katelyn Hernandez,87,50 and above,New,2013-10-16,154,2,81,5,5,40,13
258,AW00011257,Jacqueline Powell,NULL,50 and above,VIP,2013-12-14,152,3,6676,6,6,2225,238
259,AW00011258,Xavier Hill,88,50 and above,New,2013-07-15,157,2,49,4,4,24,24
260,AW00011259,Victoria Stewart,56,50 and above,VIP,2013-12-20,152,3,6770,5,5,2256,250
261,AW00011260,Katelyn Kelly,50,50 and above,New,2013-06-23,158,2,81,5,5,40,20
262,AW00011261,Stephanie Collins,56,50 and above,VIP,2013-12-23,152,3,6650,4,4,2216,246
263,AW00011262,Jennifer Simmons,51,50 and above,New,2014-01-22,151,27,1124,63,26,41,102
264,AW00011263,Trinity Richardson,56,50 and above,VIP,2013-12-10,152,3,6753,9,9,2251,241
265,AW00011264,Eduardo Martin,57,50 and above,New,2013-11-30,153,2,3182,8,8,1591,318
266,AW00011265,Elizabeth Jones,56,50 and above,New,2013-01-03,163,1,2352,3,3,2352,2352
267,AW00011266,Taylor Howard,57,50 and above,VIP,2013-01-20,163,2,5922,5,5,2961,370
268,AW00011267,David Diaz,51,50 and above,VIP,2013-01-07,163,2,5943,5,5,2971,371
269,AW00011268,Katelyn Carter,57,50 and above,New,2013-11-16,153,2,98,5,5,49,16
270,AW00011269,Ryan Foster,51,50 and above,New,2013-09-10,155,2,42,3,3,21,42
271,AW00011270,Robert Lee,51,50 and above,VIP,2013-01-07,163,2,5984,5,5,2992,374
272,AW00011271,Danielle Reed,57,50 and above,VIP,2013-01-22,163,2,5973,5,5,2986,373
273,AW00011272,Lauren Martinez,64,50 and above,VIP,2013-01-13,163,2,5975,4,4,2987,373
274,AW00011273,Nathan Lal,64,50 and above,New,2013-05-23,159,2,273,8,8,136,273
275,AW00011274,Kyle Foster,87,50 and above,VIP,2013-02-24,162,2,5888,4,4,2944,327
276,AW00011275,Jenny Rai,87,50 and above,VIP,2013-01-12,163,2,5955,4,4,2977,350
277,AW00011276,Nancy Chapman,52,50 and above,Regular,2014-01-22,151,27,987,57,22,36,82
278,AW00011277,Charles Jackson,58,50 and above,New,2014-01-16,151,27,1434,65,26,53,130
279,AW00011278,Jonathan Phillips,57,50 and above,VIP,2013-01-03,163,2,5908,3,3,2954,369
280,AW00011279,Amanda Cook,52,50 and above,New,2013-06-22,158,2,44,4,3,22,14
281,AW00011280,Robert Collins,57,50 and above,New,2013-08-08,156,2,77,4,4,38,77
282,AW00011281,Megan Barnes,52,50 and above,VIP,2013-01-11,163,2,5921,5,5,2960,370
283,AW00011282,Christian Thomas,59,50 and above,VIP,2013-01-02,163,2,5999,6,6,2999,352
284,AW00011283,Arturo Lal,58,50 and above,New,2013-08-28,156,2,44,4,3,22,14
285,AW00011284,Theresa Serrano,59,50 and above,New,2013-05-02,159,2,55,5,3,27,18
286,AW00011285,Jeremy Anderson,53,50 and above,New,2013-10-26,154,2,128,5,5,64,42
287,AW00011286,Hunter Griffin,59,50 and above,VIP,2013-01-20,163,2,5954,5,5,2977,372
288,AW00011287,Henry Garcia,60,50 and above,Regular,2014-01-28,151,27,1165,62,23,43,97
289,AW00011288,Cindy Sanchez,48,40-49,New,2013-08-21,156,2,77,4,4,38,15
290,AW00011289,Maria Carter,54,50 and above,VIP,2013-01-16,163,2,5905,5,5,2952,369
291,AW00011290,Katelyn Sanchez,54,50 and above,VIP,2013-01-27,163,2,5933,3,3,2966,370
292,AW00011291,Jenna Wright,54,50 and above,VIP,2013-01-19,163,2,5873,2,2,2936,367
293,AW00011292,Seth Phillips,59,50 and above,VIP,2012-12-31,164,2,5910,5,5,2955,394
294,AW00011293,Luke Long,66,50 and above,New,2013-03-15,161,2,85,5,5,42,85
295,AW00011294,Dalton Clark,65,50 and above,New,2014-01-03,151,2,42,3,3,21,10
296,AW00011295,Taylor Lewis,67,50 and above,VIP,2013-01-09,163,2,6058,5,5,3029,378
297,AW00011296,Haley Richardson,85,50 and above,VIP,2013-01-29,163,2,5897,4,4,2948,368
298,AW00011297,Noah Coleman,86,50 and above,VIP,2013-02-20,162,2,5948,5,5,2974,349
299,AW00011298,Jon Luo,86,50 and above,VIP,2013-02-21,162,2,5922,5,5,2961,348
300,AW00011299,Orlando Vazquez,85,50 and above,VIP,2013-02-24,162,2,6015,4,4,3007,353
301,AW00011300,Fernando Barnes,61,50 and above,New,2013-12-31,152,27,1499,67,28,55,136
302,AW00011301,Cameron Rodriguez,61,50 and above,New,2013-10-11,154,2,131,5,5,65,32
303,AW00011302,Spencer Russell,55,50 and above,VIP,2013-02-02,162,2,5938,5,5,2969,349
304,AW00011303,Julia Coleman,60,50 and above,VIP,2013-02-23,162,2,5875,3,3,2937,345
305,AW00011304,Julia Garcia,55,50 and above,New,2013-04-22,160,2,122,5,5,61,122
306,AW00011305,Sean Evans,61,50 and above,New,2013-08-04,156,2,77,4,4,38,15
307,AW00011306,Micah Zhou,61,50 and above,New,2013-09-07,155,2,42,3,3,21,14
308,AW00011307,Hunter Rodriguez,61,50 and above,VIP,2013-02-08,162,2,5964,5,5,2982,350
309,AW00011308,Ian Gonzales,67,50 and above,New,2014-01-15,151,2,94,4,4,47,23
310,AW00011309,Victoria Lewis,67,50 and above,New,2014-01-05,151,2,42,3,3,21,7
311,AW00011310,Erin Sanders,62,50 and above,New,2013-12-24,152,2,77,4,4,38,19
312,AW00011311,Gabrielle Lopez,67,50 and above,New,2013-09-13,155,2,77,4,4,38,15
313,AW00011312,Sara Richardson,68,50 and above,New,2013-06-02,158,2,42,3,3,21,42
314,AW00011313,Trevor Jenkins,68,50 and above,New,2013-11-26,153,2,44,4,3,22,7
315,AW00011314,Mya Flores,56,50 and above,New,2013-12-03,152,2,47,4,3,23,4
316,AW00011315,Hailey Ward,67,50 and above,New,2013-12-17,152,2,42,3,3,21,6
317,AW00011316,Luke Allen,67,50 and above,New,2013-01-12,163,1,2350,2,2,2350,2350
318,AW00011317,Victoria Russell,63,50 and above,VIP,2013-02-18,162,2,5873,2,2,2936,345
319,AW00011318,Jessica Wilson,68,50 and above,New,2013-11-08,153,2,44,4,3,22,44
320,AW00011319,Jade Bailey,78,50 and above,VIP,2013-02-24,162,2,5930,4,4,2965,348
321,AW00011320,Morgan Hill,84,50 and above,New,2013-08-19,156,2,72,5,5,36,36
322,AW00011321,Terrance Raman,82,50 and above,New,2013-05-28,159,2,37,2,2,18,12
323,AW00011322,Sydney Garcia,83,50 and above,New,2013-05-21,159,2,44,4,3,22,22
324,AW00011323,Jose Patterson,83,50 and above,VIP,2013-01-30,163,2,6074,6,6,3037,379
325,AW00011324,Zachary Anderson,82,50 and above,VIP,2013-02-05,162,2,5945,4,4,2972,349
326,AW00011325,Elijah Ross,82,50 and above,VIP,2013-01-31,163,2,6044,7,7,3022,377
327,AW00011326,Rafael Xie,82,50 and above,VIP,2013-02-20,162,2,5948,5,5,2974,349
328,AW00011327,Jaime Moreno,81,50 and above,VIP,2013-02-01,162,2,5915,5,5,2957,347
329,AW00011328,Julian Griffin,81,50 and above,New,2013-04-07,160,2,4718,4,4,2359,1572
330,AW00011329,Andy Alvarez,80,50 and above,VIP,2013-02-10,162,2,5898,2,2,2949,346
331,AW00011330,Ryan Thompson,81,50 and above,New,2014-01-22,151,27,1134,57,24,42,103
332,AW00011331,Samantha Jenkins,52,50 and above,New,2014-01-24,151,27,1327,58,24,49,120
333,AW00011332,Deanna Ramos,58,50 and above,VIP,2013-01-06,163,2,5755,3,3,2877,383
334,AW00011333,Emily Miller,58,50 and above,VIP,2013-07-14,157,3,8163,6,6,2721,291
335,AW00011334,Nicole Brown,60,50 and above,VIP,2013-07-27,157,3,8154,6,6,2718,291
336,AW00011335,Carla Raman,49,40-49,VIP,2013-01-04,163,2,5744,4,4,2872,382
337,AW00011336,Shaun Raji,53,50 and above,New,2013-01-05,163,2,4441,5,5,2220,1110
338,AW00011337,Jerome Romero,59,50 and above,VIP,2013-07-19,157,3,8162,8,7,2720,291
339,AW00011338,Frank Navarro,54,50 and above,VIP,2012-12-30,164,2,5745,5,5,2872,410
340,AW00011339,Dennis She,59,50 and above,New,2013-01-25,163,2,4379,3,3,2189,1459
341,AW00011340,Melody Munoz,79,50 and above,New,2013-01-02,163,2,4413,5,5,2206,1471
342,AW00011341,Randy Zeng,84,50 and above,VIP,2013-07-19,157,3,8192,8,8,2730,303
343,AW00011342,Marshall Wang,53,50 and above,New,2013-07-12,157,1,49,3,3,49,49
344,AW00011343,Arthur Carlson,51,50 and above,VIP,2013-07-24,157,3,8222,9,9,2740,304
345,AW00011344,Jessie Jimenez,63,50 and above,VIP,2013-07-23,157,3,8119,7,7,2706,312
346,AW00011345,Robin Ramos,64,50 and above,New,2012-12-31,164,2,4404,3,3,2202,2202
347,AW00011346,Deanna Gutierrez,60,50 and above,New,2013-02-11,162,2,4503,7,7,2251,1125
348,AW00011347,Roy Navarro,54,50 and above,New,2013-03-16,161,1,14,2,2,14,14
349,AW00011348,Shawn Rai,65,50 and above,New,2013-03-31,161,1,68,3,3,68,68
350,AW00011349,Mindy Luo,61,50 and above,New,2014-01-13,151,1,68,3,3,68,68
351,AW00011350,Cara Zhou,84,50 and above,New,2013-02-05,162,1,38,3,3,38,38
352,AW00011351,Anne Ramos,76,50 and above,VIP,2013-08-28,156,3,8068,5,5,2689,310
353,AW00011352,Raymond Rodriguez,81,50 and above,New,2013-05-01,159,1,14,2,2,14,14
354,AW00011353,Carrie Ortega,80,50 and above,VIP,2013-08-08,156,3,8078,6,6,2692,310
355,AW00011354,Deanna Suarez,79,50 and above,New,2013-12-03,152,1,23,3,3,23,23
356,AW00011355,Roberto Gutierrez,78,50 and above,New,2013-09-26,155,1,14,2,2,14,14
357,AW00011356,Terrence Carson,41,40-49,VIP,2013-10-31,154,3,5069,8,8,1689,174
358,AW00011357,Ramon Ye,42,40-49,Regular,2013-10-29,154,3,4943,5,5,1647,176
359,AW00011358,Cynthia Malhotra,42,40-49,VIP,2013-11-14,153,3,5034,8,8,1678,173
360,AW00011359,Jarrod Prasad,42,40-49,Regular,2013-12-04,152,3,4959,8,8,1653,165
361,AW00011360,Tyrone Serrano,42,40-49,VIP,2013-12-22,152,3,5025,6,6,1675,167
362,AW00011361,Cindy Ramos,44,40-49,New,2013-11-24,153,2,115,4,4,57,115
363,AW00011362,Damien Shan,43,40-49,New,2013-09-24,155,2,77,3,3,38,12
364,AW00011363,Julian Ross,43,40-49,VIP,2013-12-18,152,3,5035,5,5,1678,167
365,AW00011364,Jennifer Collins,41,40-49,Regular,2013-12-26,152,3,4921,4,4,1640,164
366,AW00011365,Brittney Sun,42,40-49,VIP,2013-12-22,152,3,5024,7,7,1674,162
367,AW00011366,Virginia Patel,41,40-49,New,2013-08-15,156,2,77,3,3,38,38
368,AW00011367,Calvin Nara,42,40-49,New,2013-11-25,153,2,86,4,4,43,21
369,AW00011368,Edward Miller,42,40-49,VIP,2013-12-01,152,3,5105,11,11,1701,170
370,AW00011369,Ashlee Tang,42,40-49,New,2013-12-27,152,2,119,4,4,59,23
371,AW00011370,Alicia Xu,43,40-49,New,2013-10-01,154,2,80,3,3,40,26
372,AW00011371,Lacey Jai,43,40-49,New,2013-12-28,152,2,75,2,2,37,75
373,AW00011372,Wendy Romero,43,40-49,Regular,2013-12-14,152,3,4965,5,5,1655,165
374,AW00011373,Carly Luo,72,50 and above,New,2013-08-27,156,1,38,3,3,38,38
375,AW00011374,Jimmy Ortega,78,50 and above,New,2013-04-15,160,1,69,3,3,69,69
376,AW00011375,Francisco Martinez,78,50 and above,New,2013-10-17,154,1,14,2,2,14,14
377,AW00011376,Lance Vazquez,78,50 and above,New,2013-10-15,154,1,78,2,2,78,78
378,AW00011377,David Robinett,60,50 and above,New,2013-02-28,162,1,84,3,3,84,84
379,AW00011378,Shannon Liang,61,50 and above,New,2013-02-14,162,2,4436,4,4,2218,1109
380,AW00011379,Gary Vazquez,50,50 and above,New,2013-02-26,162,2,4426,4,4,2213,1106
381,AW00011380,Mitchell Kumar,62,50 and above,VIP,2013-02-03,162,2,5838,6,6,2919,364
382,AW00011381,Meredith Raman,56,50 and above,VIP,2013-08-18,156,3,8161,5,5,2720,313
383,AW00011382,Edward Patterson,52,50 and above,New,2013-02-16,162,2,4344,2,2,2172,1448
384,AW00011383,Marie Gill,60,50 and above,New,2014-01-01,151,1,49,3,3,49,49
385,AW00011384,Tiffany Wang,55,50 and above,New,2013-08-02,156,1,49,3,3,49,49
386,AW00011385,Miguel Allen,55,50 and above,New,2013-07-06,157,1,14,2,2,14,14
387,AW00011386,Jaclyn Cai,55,50 and above,New,2013-11-02,153,1,69,3,3,69,69
388,AW00011387,Megan Ramirez,62,50 and above,VIP,2013-04-01,160,3,6959,6,6,2319,331
389,AW00011388,Joseph Martin,61,50 and above,VIP,2013-04-26,160,3,6987,7,7,2329,332
390,AW00011389,Karl Shan,45,40-49,New,2013-11-17,153,1,69,3,3,69,69
391,AW00011390,Christine Raji,50,50 and above,New,2013-11-07,153,1,49,3,3,49,49
392,AW00011391,Lindsay Xie,50,50 and above,New,2013-10-26,154,1,34,2,2,34,34
393,AW00011392,Willie Zhao,45,40-49,New,2013-03-29,161,1,29,1,1,29,29
394,AW00011393,Kurt Pal,52,50 and above,New,2013-07-16,157,1,14,2,2,14,14
395,AW00011394,George McDonald,51,50 and above,VIP,2013-08-02,156,3,8162,7,7,2720,326
396,AW00011395,Beth Gutierrez,50,50 and above,VIP,2013-02-20,162,2,5730,3,3,2865,382
397,AW00011396,Ian Lopez,51,50 and above,New,2013-10-26,154,1,29,1,1,29,29
398,AW00011397,Latoya Shan,52,50 and above,New,2013-07-07,157,1,38,3,3,38,38
399,AW00011398,Colin Nath,51,50 and above,VIP,2013-08-02,156,3,8114,4,4,2704,324
400,AW00011399,Brenda Mehta,51,50 and above,New,2013-04-13,160,1,14,2,2,14,14
401,AW00011400,Franklin Raji,46,40-49,VIP,2013-07-19,157,3,6968,8,7,2322,290
402,AW00011401,Linda Navarro,51,50 and above,New,2013-03-08,161,3,5020,6,6,1673,1004
403,AW00011402,Kelli Cai,51,50 and above,New,2013-04-02,160,3,5059,10,9,1686,1011
404,AW00011403,Nancy Schmidt,46,40-49,New,2013-05-28,159,3,5032,9,9,1677,718
405,AW00011404,Megan Taylor,69,50 and above,New,2013-02-10,162,1,34,2,2,34,34
406,AW00011405,Bonnie Goel,69,50 and above,New,2013-03-31,161,1,54,1,1,54,54
407,AW00011406,Latoya Xu,69,50 and above,New,2013-02-09,162,2,4415,6,6,2207,1471
408,AW00011407,Mario She,69,50 and above,New,2013-06-23,158,1,54,1,1,54,54
409,AW00011408,Darren Gill,62,50 and above,New,2013-03-05,161,1,34,3,3,34,34
410,AW00011409,Jacqueline Hayes,47,40-49,New,2013-01-28,163,2,4444,5,5,2222,2222
411,AW00011410,Maurice Goel,NULL,50 and above,New,2013-02-04,162,2,4464,5,5,2232,1488
412,AW00011411,Devin Ross,67,50 and above,New,2013-08-04,156,1,38,3,3,38,38
413,AW00011412,Sydney Bryant,67,50 and above,VIP,2013-10-11,154,4,9880,11,10,2470,429
414,AW00011413,Megan Stewart,67,50 and above,VIP,2013-09-05,155,4,7190,11,10,1797,287
415,AW00011414,Ian Richardson,67,50 and above,VIP,2013-09-15,155,4,7191,10,10,1797,287
416,AW00011415,Randy She,77,50 and above,New,2013-08-16,156,1,14,2,2,14,14
417,AW00011416,Katrina Becker,76,50 and above,New,2013-05-05,159,3,4928,5,4,1642,821
418,AW00011417,Lacey Zheng,76,50 and above,VIP,2013-12-15,152,7,11248,17,14,1606,865
419,AW00011418,Rafael Hu,76,50 and above,New,2013-12-17,152,1,40,2,2,40,40
420,AW00011419,Kyle Scott,76,50 and above,New,2013-06-27,158,2,231,6,6,115,77
421,AW00011420,Jordan Turner,74,50 and above,VIP,2013-11-29,153,7,11200,17,16,1600,933
422,AW00011421,Amy Sun,74,50 and above,VIP,2013-10-09,154,4,9780,4,4,2445,425
423,AW00011422,Dustin Deng,74,50 and above,VIP,2013-11-03,153,4,7075,10,10,1768,262
424,AW00011423,Jasmine Stewart,66,50 and above,VIP,2013-10-20,154,4,9905,10,10,2476,450
425,AW00011424,Pamela Garcia,62,50 and above,New,2013-04-21,160,1,44,2,2,44,44
426,AW00011425,Ariana Gray,61,50 and above,VIP,2013-12-21,152,6,10528,15,15,1754,809
427,AW00011426,Kristopher Mehta,67,50 and above,New,2013-04-09,160,1,35,1,1,35,35
428,AW00011427,Desiree Dominguez,67,50 and above,VIP,2013-10-20,154,4,9918,9,8,2479,450
429,AW00011428,Deanna Perez,67,50 and above,VIP,2013-10-22,154,4,9954,12,12,2488,452
430,AW00011429,Marco Lopez,68,50 and above,VIP,2013-12-24,152,6,10468,17,14,1744,872
431,AW00011430,Casey Yuan,69,50 and above,New,2013-03-19,161,1,85,2,2,85,85
432,AW00011431,Bryant Garcia,52,50 and above,VIP,2013-09-30,155,4,9913,11,8,2478,472
433,AW00011432,Dominique Prasad,69,50 and above,VIP,2013-12-25,152,6,9330,16,15,1555,777
434,AW00011433,Maurice Shan,69,50 and above,New,2013-09-14,155,6,12914,13,12,2152,1434
435,AW00011434,Andre Lopez,64,50 and above,New,2013-07-15,157,2,70,4,4,35,70
436,AW00011435,Robin Romero,71,50 and above,New,2014-01-04,151,1,35,1,1,35,35
437,AW00011436,Taylor Cox,70,50 and above,New,2013-06-19,158,2,81,4,4,40,81
438,AW00011437,Alfredo Moreno,71,50 and above,New,2013-12-19,152,1,54,1,1,54,54
439,AW00011438,Jenny Nara,71,50 and above,New,2013-02-05,162,1,35,1,1,35,35
440,AW00011439,Janet Munoz,73,50 and above,New,2013-10-20,154,6,12488,14,12,2081,1135
441,AW00011440,Sergio Weber,73,50 and above,New,2013-03-27,161,1,78,2,2,78,78
442,AW00011441,Erika Gomez,74,50 and above,New,2014-01-08,151,1,44,2,2,44,44
443,AW00011442,Joseph Harris,73,50 and above,New,2013-09-29,155,1,35,1,1,35,35
444,AW00011443,Grace Griffin,45,40-49,VIP,2013-10-01,154,3,8235,8,8,2745,294
445,AW00011444,Tina Mehta,45,40-49,VIP,2013-06-02,158,3,8136,5,5,2712,339
446,AW00011445,Kari Kim,46,40-49,VIP,2013-06-28,158,3,8098,5,5,2699,337
447,AW00011446,Bethany Chander,46,40-49,VIP,2013-06-21,158,3,8237,7,6,2745,343
448,AW00011447,Jennifer Roberts,46,40-49,VIP,2013-05-31,159,3,8078,6,6,2692,351
449,AW00011448,Kyle Patterson,46,40-49,VIP,2013-06-21,158,3,8132,7,7,2710,338
450,AW00011449,Alvin Hu,46,40-49,VIP,2013-06-24,158,3,8130,7,7,2710,338
451,AW00011450,Brett Mehta,45,40-49,VIP,2013-06-17,158,3,8173,9,9,2724,340
452,AW00011451,Ruben MuÔö£ÔûÆoz,46,40-49,VIP,2013-06-05,158,3,8250,9,9,2750,358
453,AW00011452,Erika Rubio,47,40-49,VIP,2013-06-12,158,3,8183,5,5,2727,355
454,AW00011453,Stanley Malhotra,42,40-49,VIP,2013-06-19,158,3,8177,6,6,2725,355
455,AW00011454,Melinda Navarro,47,40-49,VIP,2013-06-18,158,3,8089,4,4,2696,351
456,AW00011455,Ross Sanz,47,40-49,VIP,2013-05-31,159,3,8142,5,5,2714,370
457,AW00011456,Jon Gao,46,40-49,VIP,2013-05-31,159,3,8224,11,10,2741,373
458,AW00011457,Jaime Gutierrez,48,40-49,VIP,2013-06-01,158,3,8211,10,9,2737,357
459,AW00011458,Bianca Liu,48,40-49,New,2014-01-18,151,3,97,7,7,32,9
460,AW00011459,Tasha Deng,48,40-49,VIP,2013-06-18,158,3,8141,5,5,2713,353
461,AW00011460,Melvin Chande,43,40-49,VIP,2013-06-10,158,3,8137,6,6,2712,353
462,AW00011461,Victor Jimenez,49,40-49,VIP,2013-07-21,157,3,8089,4,4,2696,337
463,AW00011462,Laura Lin,49,40-49,VIP,2013-07-25,157,3,8116,5,5,2705,338
464,AW00011463,Alisha Beck,49,40-49,New,2013-12-13,152,3,48,4,4,16,5
465,AW00011464,Alejandro Huang,49,40-49,VIP,2013-07-01,157,3,8128,7,7,2709,338
466,AW00011465,Louis Luo,50,50 and above,VIP,2013-07-13,157,3,8158,4,4,2719,339
467,AW00011466,Grant Tang,49,40-49,New,2013-08-21,156,3,90,7,7,30,30
468,AW00011467,Arturo Zheng,51,50 and above,New,2014-01-02,151,3,56,5,4,18,9
469,AW00011468,Jaclyn Andersen,46,40-49,VIP,2013-08-21,156,3,6960,4,4,2320,290
470,AW00011469,Edwin Raji,48,40-49,New,2013-08-09,156,1,25,2,2,25,25
471,AW00011470,Jay Suarez,47,40-49,Regular,2013-02-21,162,2,4344,2,1,2172,334
472,AW00011471,Latasha Suarez,47,40-49,New,2013-05-17,159,1,54,1,1,54,54
473,AW00011472,Kenneth Kumar,58,50 and above,VIP,2013-10-26,154,3,8165,6,6,2721,302
474,AW00011473,Grace Henderson,40,40-49,New,2013-06-02,158,1,63,2,2,63,63
475,AW00011474,Melvin Xu,41,40-49,New,2013-09-26,155,1,49,3,3,49,49
476,AW00011475,Cesar Subram,42,40-49,New,2013-04-23,160,1,69,4,4,69,69
477,AW00011476,Erika Navarro,46,40-49,New,2013-11-01,153,1,54,1,1,54,54
478,AW00011477,Tristan Hughes,42,40-49,New,2013-09-25,155,1,35,1,1,35,35
479,AW00011478,Billy Hernandez,42,40-49,New,2013-04-19,160,1,54,1,1,54,54
480,AW00011479,Darryl Wu,48,40-49,New,2013-05-24,159,3,4970,9,9,1656,994
481,AW00011480,Colleen Ma,42,40-49,New,2013-07-25,157,3,4935,7,6,1645,705
482,AW00011481,Erica Hu,48,40-49,Regular,2013-04-21,160,3,4978,6,6,1659,331
483,AW00011482,Adrienne Torres,48,40-49,VIP,2013-09-10,155,3,8143,5,5,2714,339
484,AW00011483,Calvin Chande,43,40-49,New,2013-07-19,157,3,4966,4,3,1655,709
485,AW00011484,Erick Sai,43,40-49,Regular,2013-03-30,161,3,4985,6,6,1661,356
486,AW00011485,Donald Chandra,48,40-49,VIP,2013-09-12,155,3,7049,7,7,2349,293
487,AW00011486,Ariana Rogers,44,40-49,New,2013-11-24,153,1,35,1,1,35,35
488,AW00011487,Morgan Jones,49,40-49,New,2013-12-15,152,1,54,1,1,54,54
489,AW00011488,Jermaine Lopez,49,40-49,VIP,2013-08-30,156,3,8090,5,5,2696,367
490,AW00011489,Deborah Goel,50,50 and above,VIP,2013-09-28,155,3,8127,7,7,2709,353
491,AW00011490,Danny Rubio,50,50 and above,New,2013-04-04,160,1,54,1,1,54,54
492,AW00011491,Andre Perez,44,40-49,VIP,2013-09-07,155,3,8158,7,7,2719,370
493,AW00011492,Terrence Chander,44,40-49,Regular,2013-02-19,162,2,4404,3,3,2202,367
494,AW00011493,Dawn Wu,50,50 and above,VIP,2013-09-12,155,3,6959,6,6,2319,316
495,AW00011494,Jimmy Gutierrez,50,50 and above,VIP,2013-09-30,155,3,6974,5,5,2324,332
496,AW00011495,Francis Jimenez,49,40-49,New,2013-10-26,154,1,14,2,2,14,14
497,AW00011496,Gary Ortega,50,50 and above,VIP,2013-11-05,153,3,7014,7,7,2338,292
498,AW00011497,Katrina Nath,45,40-49,New,2013-11-04,153,1,35,1,1,35,35
499,AW00011498,Arturo Sun,47,40-49,New,2014-01-09,151,16,560,30,18,35,50
500,AW00011499,Pedro Vance,46,40-49,New,2013-06-29,158,2,192,6,6,96,96
501,AW00011500,Sarah Simmons,46,40-49,Regular,2014-01-10,151,16,653,30,23,40,54
502,AW00011501,Brandy Chandra,45,40-49,New,2014-01-22,151,16,871,33,23,54,87
503,AW00011502,Jared Peterson,46,40-49,Regular,2014-01-27,151,16,1020,42,25,63,85
504,AW00011503,Dennis Wu,90,50 and above,New,2013-12-08,152,2,61,3,3,30,8
505,AW00011504,Jordan Baker,90,50 and above,New,2013-05-03,159,2,44,4,3,22,44
506,AW00011505,Jasmine Powell,54,50 and above,New,2013-12-24,152,16,845,36,22,52,84
507,AW00011506,Nicholas Brown,55,50 and above,New,2014-01-22,151,16,748,36,24,46,74
508,AW00011507,Isabella Russell,54,50 and above,New,2014-01-20,151,16,651,31,20,40,59
509,AW00011508,Elizabeth Wilson,54,50 and above,New,2013-05-14,159,2,77,4,4,38,77
510,AW00011509,Roger Harui,62,50 and above,New,2013-07-29,157,1,196,3,3,196,196
511,AW00011510,Seth Roberts,67,50 and above,New,2013-12-26,152,5,257,16,14,51,28
512,AW00011511,Caleb Perry,62,50 and above,New,2013-03-13,161,1,35,1,1,35,35
513,AW00011512,Natalie Campbell,50,50 and above,New,2013-12-28,152,1,2320,1,1,2320,2320
514,AW00011513,Alyssa Howard,61,50 and above,New,2013-06-08,158,1,863,5,5,863,863
515,AW00011514,Dalton Diaz,61,50 and above,New,2013-06-24,158,1,40,2,2,40,40
516,AW00011515,Shannon Huang,67,50 and above,VIP,2013-04-20,160,2,5930,4,4,2965,296
517,AW00011516,Mya Gonzales,50,50 and above,VIP,2013-06-16,158,2,5915,5,5,2957,281
518,AW00011517,Katherine Bryant,67,50 and above,New,2013-08-23,156,2,101,5,5,50,50
519,AW00011518,Edward Washington,66,50 and above,New,2013-11-11,153,2,82,6,6,41,82
520,AW00011519,Jerome Navarro,66,50 and above,New,2014-01-11,151,16,756,36,20,47,75
521,AW00011520,Jada Morgan,66,50 and above,New,2014-01-19,151,16,822,32,24,51,74
522,AW00011521,Ariana Peterson,49,40-49,New,2013-11-07,153,2,44,4,3,22,5
523,AW00011522,Christian Hughes,54,50 and above,VIP,2013-02-01,162,2,5888,4,4,2944,346
524,AW00011523,Lucas Taylor,64,50 and above,New,2013-02-15,162,1,2377,3,3,2377,2377
525,AW00011524,Alyssa Jackson,65,50 and above,New,2013-10-17,154,2,42,3,3,21,21
526,AW00011525,Ariana Cook,65,50 and above,VIP,2013-02-22,162,2,5935,4,4,2967,349
527,AW00011526,Katherine Diaz,53,50 and above,New,2013-02-03,162,1,2377,3,3,2377,2377
528,AW00011527,Jenna Green,65,50 and above,New,2013-11-01,153,2,39,3,2,19,4
529,AW00011528,Joan Washington,58,50 and above,VIP,2013-02-19,162,2,5959,6,6,2979,350
530,AW00011529,Austin Bryant,63,50 and above,VIP,2013-02-04,162,2,5944,6,6,2972,349
531,AW00011530,Andrew Martinez,63,50 and above,New,2013-12-30,152,16,572,26,18,35,52
532,AW00011531,Nina Yuan,64,50 and above,VIP,2013-02-08,162,2,5875,3,3,2937,326
533,AW00011532,Lauren Miller,64,50 and above,New,2013-12-27,152,2,44,4,3,22,5
534,AW00011533,Ebony Gill,58,50 and above,New,2014-01-10,151,2,37,2,2,18,4
535,AW00011534,Cameron Lewis,62,50 and above,VIP,2013-02-14,162,2,5919,4,4,2959,348
536,AW00011535,Devin Nelson,63,50 and above,VIP,2013-03-15,161,2,5919,6,6,2959,328
537,AW00011536,Logan Chow,57,50 and above,VIP,2013-03-21,161,2,5915,5,5,2957,328
538,AW00011537,Dakota Ross,63,50 and above,VIP,2013-03-24,161,2,5873,2,2,2936,326
539,AW00011538,Nicole Taylor,61,50 and above,VIP,2013-03-01,161,2,5895,3,3,2947,327
540,AW00011539,Justin Washington,56,50 and above,VIP,2013-03-25,161,2,5997,6,6,2998,333
541,AW00011540,Alberto Navarro,56,50 and above,VIP,2013-03-21,161,2,5958,5,5,2979,331
542,AW00011541,Aidan Ross,62,50 and above,VIP,2013-04-13,160,2,5973,5,5,2986,314
543,AW00011542,Alejandro Tang,47,40-49,New,2013-05-11,159,1,34,3,3,34,34
544,AW00011543,Sheena Chande,53,50 and above,New,2013-12-21,152,1,54,1,1,54,54
545,AW00011544,Joel Garcia,47,40-49,New,2013-08-28,156,1,89,2,2,89,89
546,AW00011545,Reginald Dominguez,53,50 and above,New,2013-07-13,157,1,54,1,1,54,54
547,AW00011546,Christine Chande,53,50 and above,New,2013-03-12,161,2,4460,5,4,2230,1486
548,AW00011547,Cindy Sai,47,40-49,New,2013-07-28,157,3,4976,5,4,1658,710
549,AW00011548,Raymond Sanchez,52,50 and above,VIP,2013-11-11,153,3,7068,9,8,2356,307
550,AW00011549,Crystal Liang,47,40-49,VIP,2013-12-12,152,3,7024,9,8,2341,292
551,AW00011550,Deb Torres,47,40-49,VIP,2013-03-16,161,3,5241,5,5,1747,374
552,AW00011551,Shannon Alvarez,NULL,50 and above,New,2013-03-01,161,1,54,1,1,54,54
553,AW00011552,Eddie Rubio,54,50 and above,New,2014-01-06,151,1,35,1,1,35,35
554,AW00011553,Sharon Luo,53,50 and above,New,2013-08-22,156,1,21,1,1,21,21
555,AW00011554,Sydney Simmons,94,50 and above,New,2013-05-08,159,1,35,1,1,35,35
556,AW00011555,Alexandria Henderson,89,50 and above,New,2013-05-08,159,1,35,1,1,35,35
557,AW00011556,Lucas Evans,54,50 and above,New,2013-12-21,152,1,21,1,1,21,21
558,AW00011557,Felicia Ramos,54,50 and above,New,2013-08-08,156,1,21,1,1,21,21
559,AW00011558,Ivan Malhotra,53,50 and above,New,2013-11-30,153,1,21,1,1,21,21
560,AW00011559,Frederick Subram,48,40-49,New,2013-11-29,153,1,35,1,1,35,35
561,AW00011560,Whitney Srini,48,40-49,New,2013-12-03,152,1,54,1,1,54,54
562,AW00011561,Briana Dominguez,54,50 and above,Regular,2013-03-11,161,2,4344,2,2,2172,334
563,AW00011562,Jarrod Gonzalez,NULL,50 and above,New,2013-06-26,158,1,85,2,2,85,85
564,AW00011563,Cesar Srini,55,50 and above,New,2013-07-05,157,1,54,1,1,54,54
565,AW00011564,Jorge Liang,54,50 and above,Regular,2013-03-18,161,2,4369,2,2,2184,336
566,AW00011565,Erik Diaz,55,50 and above,New,2013-09-08,155,1,35,1,1,35,35
567,AW00011566,April Shan,53,50 and above,Regular,2014-01-07,151,25,1002,58,15,40,83
568,AW00011567,Carla Perez,48,40-49,New,2013-03-15,161,1,54,1,1,54,54
569,AW00011568,Alexia Foster,54,50 and above,VIP,2013-09-20,155,3,6789,5,5,2263,339
570,AW00011569,Troy Malhotra,49,40-49,New,2013-11-20,153,1,35,1,1,35,35
571,AW00011570,Kristin Andersen,55,50 and above,Regular,2013-03-14,161,2,4391,2,2,2195,365
572,AW00011571,Joel Sai,55,50 and above,New,2013-03-20,161,2,4390,4,4,2195,1463
573,AW00011572,Billy Moreno,49,40-49,New,2013-03-08,161,2,4450,6,6,2225,1483
574,AW00011573,Meagan Subram,50,50 and above,New,2013-07-27,157,1,35,1,1,35,35
575,AW00011574,Karla Luo,55,50 and above,New,2013-03-15,161,1,35,1,1,35,35
576,AW00011575,Jackson Campbell,56,50 and above,VIP,2013-09-16,155,3,6806,7,7,2268,340
577,AW00011576,Micah Zhu,56,50 and above,New,2013-03-23,161,2,4486,3,3,2243,1495
578,AW00011577,Janet Serrano,55,50 and above,New,2013-03-12,161,2,4344,2,1,2172,1448
579,AW00011578,Trisha Huang,56,50 and above,New,2013-03-12,161,2,4406,4,4,2203,1101
580,AW00011579,Clayton Beck,45,40-49,New,2013-07-31,157,1,44,2,2,44,44
581,AW00011580,Melvin Raje,87,50 and above,New,2013-04-16,160,1,35,1,1,35,35
582,AW00011581,Cindy Jordan,NULL,50 and above,New,2013-11-22,153,5,237,11,9,47,26
583,AW00011582,Claudia Ma,52,50 and above,New,2013-03-23,161,2,4379,3,3,2189,1459
584,AW00011583,Karla Xu,55,50 and above,New,2013-04-08,160,2,4381,4,4,2190,1095
585,AW00011584,Devin Carter,55,50 and above,New,2013-09-16,155,1,9,1,1,9,9
586,AW00011585,Kari Perez,50,50 and above,New,2014-01-10,151,1,50,1,1,50,50
587,AW00011586,Alberto Romero,55,50 and above,New,2013-10-28,154,1,9,1,1,9,9
588,AW00011587,Kevin Bryant,51,50 and above,New,2013-04-09,160,2,4540,5,5,2270,908
589,AW00011588,Candace Mehta,56,50 and above,New,2013-05-12,159,2,4369,2,2,2184,728
590,AW00011589,Ebony Malhotra,51,50 and above,New,2013-06-04,158,1,15,2,2,15,15
591,AW00011590,Erika Diaz,46,40-49,New,2013-05-23,159,2,4384,4,4,2192,876
592,AW00011591,Stacey Lu,58,50 and above,VIP,2013-05-23,159,2,5895,3,3,2947,210
593,AW00011592,Darrell Raji,42,40-49,VIP,2013-05-12,159,2,5875,3,3,2937,209
594,AW00011593,Armando Moreno,44,40-49,VIP,2013-06-19,158,2,5908,3,3,2954,203
595,AW00011594,Corey Goel,41,40-49,New,2013-08-17,156,1,89,2,2,89,89
596,AW00011595,Sebastian Howard,42,40-49,New,2013-12-30,152,1,35,1,1,35,35
597,AW00011596,Roger Raje,57,50 and above,New,2013-10-01,154,1,50,3,3,50,50
598,AW00011597,Janelle Chandra,43,40-49,New,2014-01-05,151,1,35,1,1,35,35
599,AW00011598,Meredith Ruiz,43,40-49,Regular,2013-03-24,161,2,4548,5,4,2274,379
600,AW00011599,Melody Diaz,43,40-49,VIP,2013-06-12,158,2,5957,6,6,2978,205
601,AW00011600,Linda Rubio,44,40-49,New,2013-05-06,159,1,35,1,1,35,35
602,AW00011601,Ivan Raman,43,40-49,VIP,2013-06-07,158,2,5932,6,6,2966,204
603,AW00011602,Larry Gill,44,40-49,New,2013-07-10,157,1,35,1,1,35,35
604,AW00011603,Geoffrey Gonzalez,44,40-49,VIP,2013-10-08,154,3,6767,5,5,2255,322
605,AW00011604,Edgar Sanchez,44,40-49,VIP,2013-10-16,154,3,6786,7,7,2262,323
606,AW00011605,Heidi Subram,44,40-49,New,2013-02-28,162,2,4344,2,2,2172,394
607,AW00011606,Melody Ramos,40,40-49,VIP,2013-06-28,158,2,5922,5,5,2961,204
608,AW00011607,Clinton Moreno,40,40-49,VIP,2013-06-10,158,2,5913,4,4,2956,203
609,AW00011608,Cesar Madan,45,40-49,New,2013-12-13,152,1,35,1,1,35,35
610,AW00011609,Eugene Ye,45,40-49,VIP,2013-11-23,153,3,6872,9,9,2290,312
611,AW00011610,Blake Collins,46,40-49,VIP,2013-11-01,153,3,6786,6,6,2262,308
612,AW00011611,Ernest Lin,41,40-49,VIP,2013-06-29,158,2,5873,2,2,2936,202
613,AW00011612,Keith Andersen,41,40-49,VIP,2013-11-18,153,3,6795,6,6,2265,323
614,AW00011613,Meredith Prasad,45,40-49,New,2013-04-24,160,2,4381,4,4,2190,398
615,AW00011614,Katrina Sharma,45,40-49,New,2013-04-05,160,2,4438,5,5,2219,403
616,AW00011615,Dwayne Navarro,45,40-49,VIP,2013-04-13,160,3,5205,7,6,1735,371
617,AW00011616,Casey Nath,46,40-49,VIP,2013-04-15,160,3,5253,10,10,1751,375
618,AW00011617,Sean Brooks,62,50 and above,VIP,2013-04-07,160,2,5935,4,4,2967,312
619,AW00011618,Brian Ramirez,62,50 and above,New,2013-02-09,162,1,2370,4,4,2370,2370
620,AW00011619,Sierra Young,48,40-49,New,2013-12-02,152,16,633,29,18,39,63
621,AW00011620,Megan Rodriguez,48,40-49,New,2013-07-27,157,2,44,4,3,22,8
622,AW00011621,Leah She,48,40-49,New,2013-10-30,154,2,123,6,6,61,61
623,AW00011622,Gabriel Allen,47,40-49,New,2013-06-15,158,2,133,5,5,66,66
624,AW00011623,Angela Perry,48,40-49,VIP,2013-04-26,160,2,5948,5,5,2974,313
625,AW00011624,Ryan Smith,42,40-49,VIP,2013-04-24,160,2,5898,2,2,2949,310
626,AW00011625,Zachary Moore,48,40-49,VIP,2013-04-23,160,2,5913,4,4,2956,311
627,AW00011626,Destiny Rogers,48,40-49,VIP,2013-04-07,160,2,5959,4,4,2979,313
628,AW00011627,Dalton Gray,48,40-49,New,2013-11-09,153,2,50,4,4,25,16
629,AW00011628,Mariah Wood,49,40-49,VIP,2013-03-31,161,2,5875,3,3,2937,326
630,AW00011629,Isaiah Wright,50,50 and above,VIP,2013-04-18,160,2,5930,4,4,2965,312
631,AW00011630,Haley Powell,49,40-49,VIP,2013-04-27,160,2,5933,3,3,2966,312
632,AW00011631,Antonio Bennett,50,50 and above,New,2013-12-25,152,16,706,33,22,44,70
633,AW00011632,Alexandra Jenkins,44,40-49,Regular,2014-01-03,151,16,1001,34,23,62,83
634,AW00011633,Thomas Anderson,49,40-49,New,2014-01-14,151,2,77,4,4,38,38
635,AW00011634,Samuel Collins,49,40-49,New,2013-04-26,160,2,39,3,2,19,39
636,AW00011635,Darrell Chande,43,40-49,New,2013-09-21,155,2,42,3,3,21,6
637,AW00011636,Kimberly Cox,48,40-49,New,2014-01-18,151,2,77,4,4,38,19
638,AW00011637,Morgan Hernandez,43,40-49,New,2013-02-15,162,2,39,3,2,19,39
639,AW00011638,Antonio Powell,49,40-49,New,2013-10-19,154,2,77,4,4,38,77
640,AW00011639,Angelica Perry,48,40-49,New,2014-01-08,151,2,127,5,5,63,63
641,AW00011640,Chloe Wilson,51,50 and above,New,2013-12-29,152,5,408,15,14,81,45
642,AW00011641,James Chen,50,50 and above,New,2013-08-18,156,5,302,11,10,60,43
643,AW00011642,Morgan Hughes,50,50 and above,New,2014-01-24,151,5,481,15,14,96,43
644,AW00011643,Naomi Munoz,50,50 and above,New,2013-07-04,157,2,100,5,5,50,33
645,AW00011644,Charles Torres,51,50 and above,New,2014-01-05,151,2,42,3,3,21,5
646,AW00011645,Gabriella Turner,51,50 and above,New,2014-01-03,151,2,153,5,5,76,76
647,AW00011646,Anna Foster,46,40-49,New,2013-07-25,157,2,113,3,3,56,113
648,AW00011647,Randy Wu,51,50 and above,New,2013-02-15,162,1,2366,5,5,2366,2366
649,AW00011648,Kevin Scott,46,40-49,New,2013-09-02,155,2,89,2,2,44,89
650,AW00011649,Ian White,46,40-49,New,2013-04-23,160,2,91,3,3,45,91
651,AW00011650,Caleb Hayes,51,50 and above,New,2013-12-17,152,2,129,4,4,64,12
652,AW00011651,Patricia Garcia,44,40-49,New,2013-10-18,154,5,226,8,7,45,32
653,AW00011652,Samuel Russell,44,40-49,New,2013-12-18,152,5,310,14,11,62,51
654,AW00011653,Sydney Peterson,44,40-49,New,2013-10-12,154,2,179,5,5,89,29
655,AW00011654,Ariana Sanchez,49,40-49,VIP,2013-04-24,160,2,5955,4,4,2977,330
656,AW00011655,Tamara Sharma,44,40-49,New,2013-12-02,152,2,50,4,4,25,16
657,AW00011656,Katelyn Perez,49,40-49,New,2014-01-12,151,2,77,4,4,38,19
658,AW00011657,Megan Cox,50,50 and above,New,2014-01-28,151,2,179,5,5,89,22
659,AW00011658,Robert Mitchell,41,40-49,New,2013-07-24,157,2,112,5,5,56,37
660,AW00011659,Miguel Adams,52,50 and above,New,2014-01-06,151,5,234,10,9,46,29
661,AW00011660,Miranda Gonzales,46,40-49,New,2013-08-16,156,5,323,15,11,64,107
662,AW00011661,Jeremiah James,45,40-49,New,2013-12-14,152,5,287,11,10,57,35
663,AW00011662,Ethan Kumar,50,50 and above,New,2013-07-06,157,2,100,4,4,50,50
664,AW00011663,Seth Williams,51,50 and above,VIP,2013-02-15,162,2,5948,5,5,2974,371
665,AW00011664,Alyssa Morgan,51,50 and above,VIP,2013-02-21,162,2,5948,5,5,2974,371
666,AW00011665,Janet Dominguez,50,50 and above,VIP,2013-02-14,162,2,5930,4,4,2965,370
667,AW00011666,Angel Baker,45,40-49,VIP,2013-02-07,162,2,5948,5,5,2974,371
668,AW00011667,Blake Moore,54,50 and above,New,2013-12-19,152,2,91,3,3,45,18
669,AW00011668,Jada Collins,42,40-49,New,2014-01-04,151,2,129,4,4,64,129
670,AW00011669,Isabella Simmons,48,40-49,New,2013-08-19,156,2,113,6,6,56,113
671,AW00011670,Jacqueline Perry,53,50 and above,New,2013-09-18,155,2,100,4,4,50,20
672,AW00011671,Jessica Brown,55,50 and above,VIP,2013-04-08,160,2,5970,4,4,2985,331
673,AW00011672,Chad Jai,54,50 and above,New,2013-09-18,155,2,113,3,3,56,56
674,AW00011673,Susan Ye,49,40-49,New,2013-03-03,161,2,192,6,6,96,96
675,AW00011674,Morgan Rogers,54,50 and above,New,2013-08-18,156,2,96,4,4,48,32
676,AW00011675,Devin Martinez,49,40-49,VIP,2013-02-09,162,2,5898,2,2,2949,368
677,AW00011676,Alan Hu,55,50 and above,New,2013-12-09,152,2,91,3,3,45,22
678,AW00011677,Charles Walker,46,40-49,New,2013-11-30,153,5,297,10,10,59,42
679,AW00011678,Johnny Chavez,52,50 and above,VIP,2013-02-05,162,2,5900,3,3,2950,368
680,AW00011679,Dalton Richardson,52,50 and above,New,2013-11-29,153,2,146,4,4,73,146
681,AW00011680,Kaylee Nelson,51,50 and above,New,2014-01-19,151,2,94,3,3,47,23
682,AW00011681,Abigail Jones,51,50 and above,New,2013-11-25,153,2,138,5,5,69,17
683,AW00011682,Kaitlyn Hall,46,40-49,New,2013-12-09,152,2,253,4,4,126,84
684,AW00011683,Greg Taylor,52,50 and above,VIP,2013-02-07,162,2,5897,5,5,2948,368
685,AW00011684,Devin Parker,55,50 and above,New,2013-12-12,152,2,94,3,3,47,18
686,AW00011685,Jose Griffin,56,50 and above,New,2013-12-13,152,2,111,5,5,55,12
687,AW00011686,Luke Edwards,50,50 and above,New,2013-04-24,160,2,129,4,4,64,129
688,AW00011687,Cody Torres,50,50 and above,New,2013-06-21,158,2,98,3,3,49,49
689,AW00011688,Victoria Morris,50,50 and above,VIP,2013-02-14,162,2,5967,5,5,2983,372
690,AW00011689,Ian Diaz,55,50 and above,New,2013-09-02,155,2,89,2,2,44,89
691,AW00011690,Caroline Butler,50,50 and above,VIP,2013-04-26,160,2,5904,4,4,2952,328
692,AW00011691,Kaitlyn Wilson,52,50 and above,New,2013-05-19,159,2,120,4,4,60,40
693,AW00011692,Caleb Gonzales,57,50 and above,New,2014-01-18,151,2,94,3,3,47,15
694,AW00011693,Hailey Diaz,51,50 and above,New,2013-01-28,163,1,2295,1,1,2295,2295
695,AW00011694,Jonathon Ortega,57,50 and above,New,2013-09-28,155,2,129,4,4,64,25
696,AW00011695,Logan Campbell,57,50 and above,New,2013-08-19,156,2,129,4,4,64,32
697,AW00011696,Mackenzie Campbell,51,50 and above,VIP,2013-04-29,160,2,5873,2,2,2936,326
698,AW00011697,Eduardo Lee,51,50 and above,New,2013-10-04,154,2,153,5,5,76,76
699,AW00011698,Jackson Wright,51,50 and above,New,2014-01-14,151,5,255,7,7,51,25
700,AW00011699,Chase Peterson,58,50 and above,New,2013-08-09,156,2,122,5,5,61,40
701,AW00011700,Xavier Richardson,57,50 and above,New,2013-06-09,158,2,138,5,5,69,34
702,AW00011701,David Hayes,41,40-49,New,2013-05-04,159,2,129,4,4,64,129
703,AW00011702,Jenny Zhou,52,50 and above,New,2013-11-14,153,2,96,4,4,48,16
704,AW00011703,Kaylee Baker,53,50 and above,New,2013-11-16,153,2,100,4,4,50,11
705,AW00011704,Evan Hernandez,53,50 and above,New,2013-07-17,157,2,94,3,3,47,94
706,AW00011705,Brooke Richardson,47,40-49,VIP,2013-05-27,159,2,5940,5,5,2970,312
707,AW00011706,Blake Perez,58,50 and above,New,2013-10-04,154,2,89,2,2,44,12
708,AW00011707,Natalie Cook,57,50 and above,VIP,2013-05-24,159,2,6025,5,5,3012,317
709,AW00011708,Elizabeth Weisman,52,50 and above,VIP,2013-05-28,159,2,5908,4,4,2954,310
710,AW00011709,Hailey Collins,58,50 and above,New,2013-10-14,154,5,325,12,9,65,46
711,AW00011710,Zoe Ramirez,59,50 and above,New,2013-12-12,152,2,98,3,3,49,98
712,AW00011711,Daniel Davis,53,50 and above,New,2014-01-26,151,27,1104,55,27,40,100
713,AW00011712,Shelby Rogers,58,50 and above,New,2013-10-29,154,5,128,8,8,25,16
714,AW00011713,Kyle Zhang,59,50 and above,New,2013-11-21,153,2,192,6,6,96,48
715,AW00011714,Alexandria Long,58,50 and above,New,2013-05-14,159,2,94,3,3,47,31
716,AW00011715,Chloe Robinson,58,50 and above,New,2013-12-30,152,2,144,4,4,72,144
717,AW00011716,Evan Kelly,59,50 and above,New,2014-01-13,151,2,96,4,4,48,12
718,AW00011717,Marcus Jones,54,50 and above,New,2013-12-28,152,2,193,5,5,96,27
719,AW00011718,Sarah Jones,54,50 and above,New,2013-03-21,161,2,100,4,4,50,100
720,AW00011719,Blake Green,55,50 and above,New,2013-09-20,155,5,286,11,10,57,57
721,AW00011720,Morgan Morris,61,50 and above,New,2013-07-24,157,2,118,6,6,59,59
722,AW00011721,Jennifer Alexander,55,50 and above,New,2013-10-17,154,2,105,5,5,52,26
723,AW00011722,Julian Hughes,61,50 and above,New,2013-11-09,153,2,153,5,5,76,38
724,AW00011723,Luke Coleman,53,50 and above,Regular,2014-01-03,151,5,193,9,8,38,16
725,AW00011724,Jason Carter,54,50 and above,New,2013-12-14,152,5,210,13,11,42,21
726,AW00011725,Jose Li,53,50 and above,New,2013-05-02,159,2,124,5,5,62,124
727,AW00011726,Micah Liang,53,50 and above,New,2013-12-07,152,2,224,7,7,112,112
728,AW00011727,Benjamin Taylor,53,50 and above,VIP,2013-05-04,159,2,5962,4,4,2981,313
729,AW00011728,Logan White,61,50 and above,New,2013-11-06,153,2,110,4,4,55,22
730,AW00011729,Caleb Campbell,55,50 and above,New,2014-01-11,151,2,160,5,5,80,26
731,AW00011730,Emma Torres,60,50 and above,New,2014-01-08,151,2,134,5,4,67,16
732,AW00011731,Tanya Gill,60,50 and above,New,2013-08-04,156,2,121,5,5,60,24
733,AW00011732,Erick Sanchez,56,50 and above,New,2013-08-15,156,2,174,5,5,87,87
734,AW00011733,Kristi Schmidt,56,50 and above,New,2014-01-07,151,2,195,4,4,97,195
735,AW00011734,Omar Chen,56,50 and above,New,2013-07-07,157,2,136,4,4,68,136
736,AW00011735,Sydney Gray,62,50 and above,New,2013-12-22,152,2,110,4,4,55,11
737,AW00011736,Sebastian Sanchez,56,50 and above,New,2013-12-04,152,2,166,5,5,83,83
738,AW00011737,Megan Martin,56,50 and above,New,2013-07-17,157,2,77,4,4,38,15
739,AW00011738,Elijah Alexander,56,50 and above,New,2013-12-27,152,5,330,13,12,66,33
740,AW00011739,Aaron King,62,50 and above,New,2013-04-16,160,2,4758,6,6,2379,1586
741,AW00011740,Jan Hall,62,50 and above,New,2014-01-18,151,5,384,14,12,76,38
742,AW00011741,Tamara Chander,61,50 and above,VIP,2013-02-20,162,2,6079,4,4,3039,379
743,AW00011742,Edward Lewis,62,50 and above,VIP,2013-05-22,159,2,5915,5,5,2957,311
744,AW00011743,Chase Kelly,52,50 and above,VIP,2013-05-16,159,2,5898,2,2,2949,310
745,AW00011744,Stephanie Campbell,62,50 and above,New,2013-08-27,156,2,72,3,3,36,18
746,AW00011745,Allison Gonzalez,62,50 and above,VIP,2013-05-04,159,2,5948,5,5,2974,313
747,AW00011746,Seth Brooks,62,50 and above,New,2013-11-09,153,2,77,4,4,38,7
748,AW00011747,Destiny Davis,63,50 and above,New,2013-10-13,154,2,116,4,4,58,58
749,AW00011748,Blake Hill,62,50 and above,New,2013-11-01,153,5,132,8,7,26,26
750,AW00011749,Eduardo Jackson,46,40-49,New,2013-12-31,152,3,48,4,4,16,6
751,AW00011750,Latoya She,42,40-49,VIP,2013-10-01,154,3,8148,6,6,2716,301
752,AW00011751,Victoria Gonzales,50,50 and above,VIP,2013-07-17,157,3,8215,6,6,2738,342
753,AW00011752,Lauren Bryant,45,40-49,New,2013-12-06,152,3,138,8,8,46,13
754,AW00011753,Felicia Ortega,51,50 and above,New,2013-10-15,154,3,48,4,4,16,8
755,AW00011754,Janet Ortega,50,50 and above,VIP,2013-07-30,157,3,8163,5,5,2721,340
756,AW00011755,Willie Pal,53,50 and above,New,2013-08-17,156,3,46,5,4,15,15
757,AW00011756,Linda Ortega,52,50 and above,VIP,2013-10-25,154,3,8078,6,6,2692,299
758,AW00011757,Vincent Cai,47,40-49,New,2013-11-27,153,3,57,5,4,19,6
759,AW00011758,Colin Yuan,47,40-49,New,2013-11-24,153,3,57,5,4,19,7
760,AW00011759,Dawn Nath,46,40-49,VIP,2013-07-09,157,3,8054,3,3,2684,335
761,AW00011760,Melody Moreno,53,50 and above,New,2013-11-19,153,3,275,9,9,91,34
762,AW00011761,Edgar Mehta,54,50 and above,VIP,2013-07-29,157,3,8149,8,8,2716,354
763,AW00011762,Randall Gomez,42,40-49,VIP,2013-07-06,157,3,8228,7,7,2742,357
764,AW00011763,Ross Fernandez,54,50 and above,New,2013-11-12,153,3,76,7,6,25,7
765,AW00011764,Jessie Ramos,53,50 and above,VIP,2013-07-07,157,3,8129,6,6,2709,369
766,AW00011765,Marc Torres,43,40-49,VIP,2013-07-26,157,3,8143,5,5,2714,370
767,AW00011766,Candace Raman,54,50 and above,VIP,2013-07-10,157,3,8280,11,11,2760,376
768,AW00011767,Meagan Madan,49,40-49,VIP,2013-07-12,157,3,8319,7,7,2773,378
769,AW00011768,Clayton Nara,43,40-49,VIP,2013-07-14,157,3,8139,4,4,2713,369
770,AW00011769,Haley Hernandez,47,40-49,New,2013-09-18,155,5,478,17,14,95,95
771,AW00011770,Peter Nara,47,40-49,New,2013-10-21,154,2,77,4,4,38,38
772,AW00011771,Isaac Rivera,47,40-49,New,2013-07-24,157,2,94,3,3,47,23
773,AW00011772,Cameron Moore,42,40-49,VIP,2013-05-15,159,2,5913,4,4,2956,311
774,AW00011773,Gavin Diaz,47,40-49,VIP,2013-04-30,160,2,5984,4,4,2992,332
775,AW00011774,Emma Sanchez,48,40-49,VIP,2013-06-13,158,2,5900,3,3,2950,295
776,AW00011775,Sierra Roberts,NULL,50 and above,VIP,2013-06-03,158,2,5913,4,4,2956,295
777,AW00011776,Seth Mitchell,48,40-49,VIP,2013-06-03,158,2,6079,4,4,3039,303
778,AW00011777,Miranda Long,48,40-49,VIP,2013-06-22,158,2,5915,5,5,2957,295
779,AW00011778,Haley Henderson,50,50 and above,VIP,2013-06-29,158,2,5873,2,2,2936,293
780,AW00011779,Sarah Jackson,49,40-49,VIP,2013-06-23,158,2,5873,2,2,2936,293
781,AW00011780,Jessica Alexander,49,40-49,VIP,2013-06-18,158,2,5973,5,5,2986,298
782,AW00011781,Carlos Gray,50,50 and above,New,2013-12-09,152,2,134,5,5,67,14
783,AW00011782,Barbara Jai,44,40-49,New,2013-09-16,155,2,151,6,6,75,151
784,AW00011783,Sara Mitchell,44,40-49,New,2013-05-11,159,2,110,4,3,55,55
785,AW00011784,Jose Turner,48,40-49,New,2013-12-17,152,5,272,12,9,54,34
786,AW00011785,Theodore Diaz,43,40-49,New,2013-08-31,156,2,75,3,3,37,18
787,AW00011786,Ian Murphy,48,40-49,New,2014-01-23,151,2,127,4,3,63,127
788,AW00011787,Jerry Nath,48,40-49,New,2013-11-05,153,2,110,4,3,55,110
789,AW00011788,Destiny James,49,40-49,New,2013-08-20,156,2,255,5,5,127,85
790,AW00011789,Bailey Phillips,45,40-49,New,2013-04-28,160,2,72,3,3,36,72
791,AW00011790,Timothy Gonzalez,45,40-49,New,2013-05-22,159,2,147,5,5,73,73
792,AW00011791,Chase Morgan,51,50 and above,New,2013-12-01,152,2,120,3,3,60,40
793,AW00011792,Alexia Perry,52,50 and above,New,2013-06-30,158,2,120,3,3,60,120
794,AW00011793,Xavier Rogers,46,40-49,New,2013-02-10,162,2,102,4,4,51,102
795,AW00011794,Lauren Ross,51,50 and above,New,2014-01-28,151,2,77,4,4,38,38
796,AW00011795,Nicole Thomas,52,50 and above,New,2013-11-25,153,2,75,3,3,37,18
797,AW00011796,Isabel Jenkins,41,40-49,VIP,2013-05-30,159,2,5995,7,7,2997,315
798,AW00011797,Devin Coleman,46,40-49,VIP,2013-06-29,158,2,5972,6,6,2986,298
799,AW00011798,Brendan Chande,52,50 and above,VIP,2013-06-11,158,2,5953,3,3,2976,297
800,AW00011799,Jessie Wang,46,40-49,VIP,2013-06-09,158,2,5921,5,5,2960,296
801,AW00011800,Jennifer Baker,51,50 and above,New,2013-08-13,156,2,77,4,4,38,77
802,AW00011801,Aaron Sharma,51,50 and above,New,2013-12-31,152,2,87,3,3,43,87
803,AW00011802,Madison Taylor,49,40-49,New,2013-12-01,152,5,214,12,10,42,21
804,AW00011803,Jan Hernandez,49,40-49,New,2013-11-23,153,2,230,6,6,115,57
805,AW00011804,Haley Turner,50,50 and above,New,2013-08-12,156,2,134,5,5,67,44
806,AW00011805,Richard Green,50,50 and above,New,2013-11-05,153,2,129,4,4,64,18
807,AW00011806,Jennifer Stewart,44,40-49,New,2013-10-03,154,2,96,4,4,48,12
808,AW00011807,Lucas Baker,49,40-49,New,2013-09-12,155,2,153,5,5,76,30
809,AW00011808,James Parker,52,50 and above,New,2013-10-25,154,5,609,14,12,121,87
810,AW00011809,Juan Gray,53,50 and above,VIP,2013-06-10,158,2,5929,4,4,2964,296
811,AW00011810,Antonio Washington,48,40-49,VIP,2013-06-24,158,2,5973,5,5,2986,298
812,AW00011811,Abigail Brooks,48,40-49,VIP,2013-06-17,158,2,5898,2,2,2949,294
813,AW00011812,Andrew Rodriguez,53,50 and above,VIP,2013-06-18,158,2,5900,3,3,2950,295
814,AW00011813,Mary Patterson,53,50 and above,VIP,2013-06-28,158,2,5953,3,3,2976,297
815,AW00011814,Dalton Morgan,50,50 and above,New,2013-09-08,155,2,101,5,5,50,33
816,AW00011815,Hannah Patterson,45,40-49,VIP,2013-02-24,162,2,5948,5,5,2974,371
817,AW00011816,Joe Torres,45,40-49,VIP,2013-02-20,162,2,5933,3,3,2966,370
818,AW00011817,Morgan Miller,45,40-49,VIP,2013-02-12,162,2,5898,2,2,2949,368
819,AW00011818,Daniel Garcia,51,50 and above,VIP,2013-01-30,163,2,5954,5,5,2977,396
820,AW00011819,Jose Lal,53,50 and above,New,2014-01-16,151,2,96,4,4,48,8
821,AW00011820,Katelyn Lopez,49,40-49,New,2013-12-06,152,5,232,10,9,46,23
822,AW00011821,Austin Johnson,55,50 and above,New,2013-09-03,155,2,151,7,7,75,75
823,AW00011822,Rohinton Wadia,55,50 and above,New,2013-08-26,156,2,87,3,3,43,29
824,AW00011823,Morgan Turner,49,40-49,New,2014-01-23,151,5,263,16,11,52,32
825,AW00011824,Jill Martin,49,40-49,New,2014-01-09,151,5,240,11,10,48,24
826,AW00011825,Aimee She,55,50 and above,VIP,2013-02-12,162,2,5900,3,3,2950,368
827,AW00011826,Jessie Alonso,55,50 and above,VIP,2013-02-15,162,2,5898,2,2,2949,368
828,AW00011827,Sara Baker,46,40-49,New,2013-12-09,152,5,511,15,12,102,51
829,AW00011828,Katherine Martinez,46,40-49,New,2013-04-19,160,2,94,3,3,47,94
830,AW00011829,Sophia Campbell,51,50 and above,New,2013-06-21,158,2,131,6,6,65,43
831,AW00011830,Taylor Garcia,52,50 and above,VIP,2013-01-30,163,2,5930,4,4,2965,370
832,AW00011831,Christian Ross,51,50 and above,VIP,2013-02-10,162,2,5933,3,3,2966,370
833,AW00011832,Zoe Murphy,50,50 and above,New,2013-09-09,155,2,125,4,4,62,17
834,AW00011833,Oscar Price,44,40-49,New,2013-11-28,153,5,240,11,11,48,48
835,AW00011834,Fernando Flores,44,40-49,VIP,2013-02-13,162,2,5908,3,3,2954,369
836,AW00011835,Elijah Russell,56,50 and above,New,2013-05-18,159,2,4772,7,7,2386,1193
837,AW00011836,Garrett Travers,56,50 and above,New,2013-04-22,160,2,70,2,2,35,70
838,AW00011837,Haley Alexander,50,50 and above,VIP,2013-02-20,162,2,5923,5,5,2961,370
839,AW00011838,Justin Rodriguez,56,50 and above,New,2013-08-28,156,2,135,6,6,67,45
840,AW00011839,Tyler Brown,50,50 and above,VIP,2013-06-12,158,2,5955,4,4,2977,297
841,AW00011840,Julian Patterson,50,50 and above,New,2013-05-04,159,2,87,3,3,43,87
842,AW00011841,Sean Nelson,57,50 and above,New,2013-11-06,153,5,307,13,10,61,51
843,AW00011842,Justin Wilson,56,50 and above,New,2013-12-04,152,2,99,4,4,49,14
844,AW00011843,Christy Nara,51,50 and above,New,2013-03-08,161,2,116,5,5,58,116
845,AW00011844,Michele Alvarez,57,50 and above,New,2014-01-11,151,2,125,4,4,62,41
846,AW00011845,Natalie Jones,96,50 and above,New,2013-12-09,152,4,197,11,8,49,19
847,AW00011846,Savannah Reed,57,50 and above,New,2013-07-10,157,2,85,2,2,42,28
848,AW00011847,Cassidy Diaz,56,50 and above,New,2013-11-15,153,2,125,4,4,62,25
849,AW00011848,Joshua Lewis,51,50 and above,New,2013-12-06,152,2,92,4,4,46,18
850,AW00011849,Faith Reed,56,50 and above,New,2014-01-11,151,2,258,5,5,129,129
851,AW00011850,Brooke Ramirez,46,40-49,New,2013-06-03,158,2,149,5,5,74,74
852,AW00011851,Jada Mitchell,57,50 and above,New,2013-12-05,152,2,85,2,2,42,14
853,AW00011852,Kyle Russell,57,50 and above,New,2013-09-02,155,2,125,4,4,62,62
854,AW00011853,Grace Jones,47,40-49,New,2013-06-20,158,2,90,3,3,45,90
855,AW00011854,Jason Mitchell,53,50 and above,VIP,2013-06-15,158,2,5985,8,8,2992,299
856,AW00011855,Christian Walker,52,50 and above,New,2013-09-11,155,2,90,3,3,45,18
857,AW00011856,Seth Hernandez,57,50 and above,New,2013-12-31,152,2,134,5,5,67,134
858,AW00011857,Isabella Young,52,50 and above,New,2013-12-05,152,2,125,4,4,62,62
859,AW00011858,Jordan Coleman,58,50 and above,New,2013-07-12,157,2,85,2,2,42,21
860,AW00011859,Blake Garcia,58,50 and above,New,2013-12-01,152,2,72,3,3,36,9
861,AW00011860,Nicole Walker,59,50 and above,New,2013-11-12,153,2,70,2,2,35,17
862,AW00011861,Katherine Carter,59,50 and above,New,2013-12-22,152,5,287,13,11,57,41
863,AW00011862,Olivia Peterson,54,50 and above,New,2013-10-23,154,2,209,5,5,104,41
864,AW00011863,Jessica Wood,59,50 and above,New,2013-09-04,155,2,48,3,3,24,48
865,AW00011864,Elizabeth Thompson,59,50 and above,New,2013-06-06,158,2,48,3,3,24,16
866,AW00011865,Chloe Rivera,60,50 and above,New,2013-10-06,154,2,115,4,4,57,14
867,AW00011866,Lucas Scott,60,50 and above,New,2013-04-27,160,2,43,2,2,21,21
868,AW00011867,Nathaniel James,55,50 and above,New,2013-10-23,154,2,83,4,4,41,20
869,AW00011868,Jessica Peterson,53,50 and above,New,2013-12-17,152,5,248,11,10,49,24
870,AW00011869,Kaitlyn Adams,42,40-49,New,2014-01-16,151,5,268,14,12,53,26
871,AW00011870,Jillian Garcia,48,40-49,New,2014-01-17,151,2,242,5,5,121,40
872,AW00011871,Dalton Bennett,48,40-49,New,2013-05-29,159,2,70,2,2,35,23
873,AW00011872,Faith Patterson,48,40-49,VIP,2013-06-25,158,2,5948,5,5,2974,297
874,AW00011873,Ryan Zhang,54,50 and above,VIP,2013-06-06,158,2,5923,5,5,2961,296
875,AW00011874,Adrian Bell,48,40-49,New,2014-01-18,151,2,72,5,5,36,12
876,AW00011875,Jonathan Brown,60,50 and above,New,2014-01-27,151,5,292,11,10,58,32
877,AW00011876,Madison White,60,50 and above,New,2013-09-24,155,2,83,4,4,41,27
878,AW00011877,Alexis Diaz,60,50 and above,New,2013-12-28,152,2,43,2,2,21,21
879,AW00011878,Christine Nara,55,50 and above,New,2013-12-12,152,2,83,4,4,41,83
880,AW00011879,Edgar Sai,55,50 and above,New,2013-11-02,153,2,107,5,5,53,11
881,AW00011880,Melissa Sanchez,61,50 and above,New,2013-11-03,153,2,50,4,4,25,7
882,AW00011881,Richard Mitchell,61,50 and above,New,2013-12-17,152,2,149,7,7,74,149
883,AW00011882,Patrick Stewart,51,50 and above,New,2013-07-12,157,2,48,3,3,24,9
884,AW00011883,Hannah Anderson,61,50 and above,New,2013-11-14,153,2,77,4,4,38,8
885,AW00011884,Latoya Shen,56,50 and above,New,2013-12-29,152,2,110,4,3,55,11
886,AW00011885,Kurt Sharma,56,50 and above,VIP,2013-02-04,162,2,5900,3,3,2950,368
887,AW00011886,Katelyn Parker,63,50 and above,VIP,2013-06-17,158,2,5897,4,4,2948,294
888,AW00011887,Joseph White,63,50 and above,New,2013-06-27,158,2,83,4,4,41,83
889,AW00011888,Aaron Ross,57,50 and above,New,2013-03-18,161,1,2377,3,3,2377,2377
890,AW00011889,Blake Patterson,63,50 and above,New,2013-03-04,161,2,50,4,4,25,50
891,AW00011890,Whitney Lopez,62,50 and above,New,2013-07-05,157,2,130,6,6,65,32
892,AW00011891,Jamie Liang,57,50 and above,New,2013-06-30,158,2,110,4,4,55,36
893,AW00011892,Julio Ortega,51,50 and above,VIP,2013-07-22,157,3,8119,5,5,2706,369
894,AW00011893,Orlando Carlson,52,50 and above,VIP,2013-07-23,157,3,8123,5,5,2707,353
895,AW00011894,Ann Gonzalez,46,40-49,VIP,2013-07-06,157,3,8223,9,9,2741,373
896,AW00011895,Dustin Chander,51,50 and above,VIP,2013-07-25,157,3,8149,5,5,2716,370
897,AW00011896,Frank Carlson,51,50 and above,VIP,2013-07-11,157,3,8118,6,6,2706,369
898,AW00011897,Orlando Ashe,52,50 and above,VIP,2013-10-14,154,3,8203,6,5,2734,315
899,AW00011898,Angela Henderson,51,50 and above,VIP,2013-07-23,157,3,8179,6,6,2726,371
900,AW00011899,Brenda Perez,50,50 and above,VIP,2013-07-08,157,3,8189,7,7,2729,372
901,AW00011900,Byron Carlson,45,40-49,VIP,2013-07-11,157,3,8257,7,7,2752,375
902,AW00011901,Stacy Alvarez,53,50 and above,VIP,2013-11-09,153,3,8248,7,6,2749,317
903,AW00011902,Drew Pal,54,50 and above,New,2013-12-29,152,3,62,6,5,20,6
904,AW00011903,Kate Raji,41,40-49,VIP,2013-07-13,157,3,8108,4,4,2702,368
905,AW00011904,Kaylee Cook,40,40-49,VIP,2013-07-01,157,3,8214,7,7,2738,373
906,AW00011905,Isaiah Ramirez,52,50 and above,VIP,2013-07-06,157,3,8156,7,7,2718,354
907,AW00011906,Gabriella Sanders,54,50 and above,VIP,2013-07-12,157,3,8151,7,7,2717,370
908,AW00011907,Sarah Garcia,53,50 and above,VIP,2013-07-20,157,3,8135,5,5,2711,369
909,AW00011908,Rafael Tang,54,50 and above,VIP,2013-08-23,156,3,8079,3,3,2693,351
910,AW00011909,Nichole She,55,50 and above,VIP,2013-08-01,156,3,8105,7,7,2701,352
911,AW00011910,Jaclyn Zheng,55,50 and above,VIP,2013-08-03,156,3,8113,5,5,2704,368
912,AW00011911,Rachael Kapoor,54,50 and above,New,2013-12-21,152,3,62,4,4,20,10
913,AW00011912,Rachael Sai,NULL,50 and above,VIP,2013-11-22,153,3,8095,6,6,2698,323
914,AW00011913,Rebecca Robinson,56,50 and above,New,2013-12-26,152,3,41,4,4,13,41
915,AW00011914,Meagan Rana,47,40-49,VIP,2013-08-23,156,3,8166,8,8,2722,371
916,AW00011915,Philip Carlson,NULL,50 and above,VIP,2013-08-24,156,3,8143,8,7,2714,370
917,AW00011916,Joe Rana,50,50 and above,VIP,2013-08-21,156,3,8179,7,7,2726,371
918,AW00011917,Roy Sanz,55,50 and above,VIP,2013-08-19,156,3,8121,6,6,2707,369
919,AW00011918,Kaylee Hill,57,50 and above,VIP,2013-11-25,153,3,8205,8,8,2735,328
920,AW00011919,Warren Andersen,57,50 and above,VIP,2013-12-21,152,3,8172,8,8,2724,314
921,AW00011920,Adrienne Gomez,51,50 and above,VIP,2013-12-11,152,3,8156,7,7,2718,313
922,AW00011921,Gilbert Zhu,56,50 and above,New,2013-11-23,153,3,63,5,5,21,31
923,AW00011922,James Davis,41,40-49,New,2013-10-23,154,5,276,12,10,55,34
924,AW00011923,Sarah Bryant,41,40-49,New,2014-01-09,151,2,43,2,2,21,3
925,AW00011924,Ian Long,41,40-49,VIP,2013-06-19,158,2,5897,5,5,2948,294
926,AW00011925,Ashlee Jai,42,40-49,VIP,2013-06-19,158,2,5968,5,5,2984,298
927,AW00011926,Eduardo Foster,43,40-49,New,2013-06-18,158,2,48,3,3,24,48
928,AW00011927,Nicole Murphy,42,40-49,New,2014-01-28,151,2,52,3,3,26,52
929,AW00011928,Isabella Morris,42,40-49,New,2013-12-13,152,2,48,3,3,24,6
930,AW00011929,Virginia Gonzalez,64,50 and above,Regular,2013-12-17,152,3,4965,8,7,1655,190
931,AW00011930,Jaclyn Nara,74,50 and above,VIP,2013-12-16,152,3,5035,5,5,1678,193
932,AW00011931,Marcus Adams,42,40-49,New,2013-11-03,153,2,234,7,7,117,26
933,AW00011932,Elizabeth Coleman,42,40-49,New,2013-07-25,157,2,136,6,6,68,45
934,AW00011933,Mathew Rubio,44,40-49,VIP,2013-06-27,158,2,5933,3,3,2966,296
935,AW00011934,Justin Shan,43,40-49,VIP,2013-06-10,158,2,5994,5,5,2997,315
936,AW00011935,Jessica Taylor,43,40-49,New,2013-06-06,158,1,35,1,1,35,35
937,AW00011936,Hunter Clark,44,40-49,New,2013-04-05,160,1,42,3,3,42,42
938,AW00011937,Devin Perez,44,40-49,VIP,2013-07-02,157,2,5888,4,4,2944,280
939,AW00011938,Seth Alexander,43,40-49,New,2014-01-09,151,2,43,2,2,21,4
940,AW00011939,Kevin Washington,44,40-49,VIP,2013-06-19,158,2,5977,5,5,2988,314
941,AW00011940,Tyler Miller,43,40-49,New,2013-12-25,152,2,70,2,2,35,17
942,AW00011941,Adam Roberts,44,40-49,New,2013-11-02,153,2,109,5,5,54,36
943,AW00011942,George Gonzalez,72,50 and above,Regular,2013-12-19,152,3,4827,8,6,1609,185
944,AW00011943,Dawn Huang,72,50 and above,Regular,2013-12-13,152,3,4734,7,7,1578,182
945,AW00011944,Rachael Rodriguez,70,50 and above,Regular,2013-12-20,152,3,4776,9,8,1592,183
946,AW00011945,Dennis Huang,40,40-49,VIP,2013-09-28,155,2,5910,4,4,2955,256
947,AW00011946,Brandy Saunders,70,50 and above,Regular,2013-12-22,152,3,4697,5,5,1565,180
948,AW00011947,Jenny Zheng,69,50 and above,Regular,2013-12-27,152,3,4747,6,6,1582,182
949,AW00011948,Tasha Xu,70,50 and above,New,2013-10-06,154,2,82,4,4,41,82
950,AW00011949,Julia Brooks,40,40-49,New,2013-09-24,155,2,70,2,2,35,35
951,AW00011950,Jordan Carter,41,40-49,New,2013-11-07,153,2,110,4,4,55,12
952,AW00011951,Lacey Huang,68,50 and above,New,2013-11-12,153,3,63,8,6,21,21
953,AW00011952,Dorothy Robinson,66,50 and above,VIP,2013-08-07,156,3,8169,7,7,2723,371
954,AW00011953,Courtney Wright,45,40-49,New,2013-09-16,155,2,65,6,6,32,9
955,AW00011954,Joseph Garcia,45,40-49,VIP,2013-06-18,158,2,5910,4,4,2955,311
956,AW00011955,Gabriel Green,46,40-49,VIP,2013-06-28,158,2,5953,3,3,2976,297
957,AW00011956,Alexandria Sandberg,41,40-49,VIP,2013-06-01,158,2,5873,2,2,2936,293
958,AW00011957,Courtney Hernandez,47,40-49,New,2014-01-08,151,2,91,6,6,45,8
959,AW00011958,Dylan Lal,48,40-49,New,2013-11-10,153,2,160,5,5,80,32
960,AW00011959,Elizabeth Davis,48,40-49,New,2013-11-10,153,2,139,4,4,69,17
961,AW00011960,Ana Griffin,48,40-49,New,2013-07-28,157,2,75,3,3,37,18
962,AW00011961,Anne Alvarez,48,40-49,New,2013-10-08,154,2,72,3,3,36,9
963,AW00011962,Alexandra Roberts,44,40-49,New,2013-08-16,156,2,103,4,4,51,103
964,AW00011963,Antonio Patterson,66,50 and above,VIP,2013-08-23,156,3,8068,5,5,2689,366
965,AW00011964,Sharon Salavaria,59,50 and above,VIP,2013-08-09,156,3,8173,6,6,2724,371
966,AW00011965,Katie She,64,50 and above,New,2013-12-01,152,3,118,6,6,39,11
967,AW00011966,Rafael Black,59,50 and above,New,2013-12-18,152,3,55,4,4,18,55
968,AW00011967,Latasha Munoz,64,50 and above,VIP,2013-08-07,156,3,8153,6,6,2717,370
969,AW00011968,Kelsey Becker,62,50 and above,VIP,2013-08-17,156,3,8079,3,3,2693,367
970,AW00011969,Randy Xu,62,50 and above,VIP,2013-08-16,156,3,8173,6,6,2724,371
971,AW00011970,Bailey Collins,42,40-49,New,2013-09-21,155,2,110,4,3,55,27
972,AW00011971,Amanda Adams,47,40-49,New,2013-11-25,153,2,134,5,5,67,19
973,AW00011972,Katherine Williams,47,40-49,New,2013-12-22,152,2,65,6,6,32,65
974,AW00011973,Caroline Barnes,47,40-49,New,2013-03-10,161,2,89,5,5,44,89
975,AW00011974,Randy Sun,47,40-49,New,2013-12-05,152,2,113,6,6,56,56
976,AW00011975,Destiny Garcia,46,40-49,New,2013-10-14,154,2,209,6,6,104,69
977,AW00011976,Audrey Ramos,56,50 and above,VIP,2013-08-25,156,3,8087,6,6,2695,367
978,AW00011977,Bonnie Jai,62,50 and above,VIP,2013-08-15,156,3,8213,8,8,2737,391
979,AW00011978,Jackson Washington,49,40-49,New,2013-11-13,153,2,75,3,3,37,8
980,AW00011979,Christopher Johnson,64,50 and above,New,2013-05-08,159,2,4814,8,8,2407,1604
981,AW00011980,Kimberly Richardson,63,50 and above,New,2013-11-28,153,2,108,5,5,54,54
982,AW00011981,Alexandria Howard,64,50 and above,New,2014-01-28,151,2,120,6,6,60,13
983,AW00011982,Alexandra Foster,64,50 and above,New,2013-10-02,154,2,105,5,5,52,52
984,AW00011983,Cheryl Ortega,58,50 and above,VIP,2013-02-21,162,2,5873,2,2,2936,391
985,AW00011984,Alex Campbell,64,50 and above,New,2013-05-06,159,2,4730,6,6,2365,1576
986,AW00011985,Melanie Hughes,63,50 and above,New,2014-01-05,151,2,90,3,3,45,8
987,AW00011986,Max Alvarez,57,50 and above,VIP,2013-08-27,156,3,8245,11,11,2748,392
988,AW00011987,Diane Vazquez,53,50 and above,New,2013-11-10,153,3,278,8,7,92,55
989,AW00011988,Kathryn Chapman,58,50 and above,VIP,2013-08-06,156,3,8078,6,6,2692,384
990,AW00011989,Kara Anand,42,40-49,VIP,2013-08-06,156,3,8140,5,5,2713,387
991,AW00011990,Joanna Vazquez,58,50 and above,VIP,2013-08-22,156,3,8164,7,6,2721,388
992,AW00011991,Frederick Martinez,58,50 and above,VIP,2013-12-19,152,3,8128,6,6,2709,325
993,AW00011992,Tonya Chande,54,50 and above,VIP,2013-12-11,152,3,8123,5,5,2707,324
994,AW00011993,Rosa Wang,49,40-49,VIP,2013-12-23,152,3,8131,7,7,2710,325
995,AW00011994,Leah Hu,49,40-49,VIP,2013-08-23,156,3,8169,5,5,2723,389
996,AW00011995,Kelvin Carson,61,50 and above,VIP,2013-12-10,152,3,8249,7,7,2749,329
997,AW00011996,Veronica Srini,60,50 and above,VIP,2013-08-02,156,3,7059,11,10,2353,336
998,AW00011997,Kristina Kapoor,55,50 and above,VIP,2013-08-14,156,3,7030,7,7,2343,334
999,AW00011998,Donna Sharma,60,50 and above,VIP,2013-08-28,156,3,6962,7,7,2320,331
1000,AW00011999,Johnny Shan,61,50 and above,VIP,2013-08-02,156,3,7043,9,9,2347,335
1001,AW00012000,Ashley Russell,56,50 and above,VIP,2013-08-15,156,3,8183,8,8,2727,389
1002,AW00012001,Shannon Yang,45,40-49,VIP,2013-08-14,156,3,8113,7,7,2704,386
1003,AW00012002,Adriana Lopez,57,50 and above,VIP,2013-08-03,156,3,8145,6,6,2715,387
1004,AW00012003,Audrey Munoz,47,40-49,VIP,2013-08-10,156,3,8256,8,8,2752,393
1005,AW00012004,Jarrod Suri,52,50 and above,VIP,2013-08-08,156,3,8114,4,4,2704,386
1006,AW00012005,Gilbert Shen,53,50 and above,VIP,2013-08-17,156,3,6985,6,6,2328,332
1007,AW00012006,Richard Blue,53,50 and above,New,2013-07-29,157,3,144,6,6,48,72
1008,AW00012007,Shannon Sun,59,50 and above,VIP,2013-09-21,155,3,7024,8,7,2341,334
1009,AW00012008,Sharon Yuan,59,50 and above,New,2014-01-20,151,3,79,5,5,26,11
1010,AW00012009,Ann Martinez,63,50 and above,VIP,2013-08-13,156,3,8195,7,7,2731,409
1011,AW00012010,Max Serrano,64,50 and above,VIP,2013-08-06,156,3,8203,8,8,2734,410
1012,AW00012011,Morgan Johnson,86,50 and above,Regular,2013-12-15,152,3,4736,6,6,1578,197
1013,AW00012012,Monica Schmidt,55,50 and above,New,2013-08-12,156,3,74,4,4,24,12
1014,AW00012013,Kayla Lewis,68,50 and above,Regular,2013-03-09,161,2,3950,3,3,1975,263
1015,AW00012014,Devin Sanders,72,50 and above,Regular,2013-05-29,159,2,3950,3,3,1975,232
1016,AW00012015,Jacob White,44,40-49,New,2013-04-22,160,1,62,3,3,62,62
1017,AW00012016,Meredith Serrano,45,40-49,VIP,2013-06-01,158,2,5913,4,4,2956,311
1018,AW00012017,David Simmons,44,40-49,New,2013-03-20,161,1,2340,3,3,2340,2340
1019,AW00012018,Devin Henderson,40,40-49,VIP,2013-09-24,155,2,6012,6,6,3006,261
1020,AW00012019,Gabrielle Cox,40,40-49,New,2013-09-25,155,1,75,3,3,75,75
1021,AW00012020,Olivia Rogers,41,40-49,New,2013-10-12,154,1,804,3,3,804,804
1022,AW00012021,Deborah Yuan,75,50 and above,Regular,2013-05-13,159,2,4044,5,5,2022,237
1023,AW00012022,Jose Wright,40,40-49,New,2013-09-02,155,2,136,6,6,68,136
1024,AW00012023,Fernando Johnson,42,40-49,VIP,2013-10-03,154,2,5933,3,3,2966,247
1025,AW00012024,Samuel Edwards,43,40-49,New,2013-08-17,156,2,84,4,4,42,14
1026,AW00012025,Logan Diaz,43,40-49,VIP,2013-06-13,158,2,5910,4,4,2955,311
1027,AW00012026,Lucas Flores,42,40-49,VIP,2013-06-01,158,2,5977,5,5,2988,314
1028,AW00012027,Haley Wood,42,40-49,VIP,2013-07-26,157,2,5913,4,4,2956,295
1029,AW00012028,Sarah Lewis,43,40-49,New,2013-09-26,155,1,40,2,2,40,40
1030,AW00012029,Damien Hu,43,40-49,New,2013-08-02,156,1,55,4,4,55,55
1031,AW00012030,Ana Washington,44,40-49,VIP,2013-07-26,157,2,5970,4,4,2985,298
1032,AW00012031,Logan Jai,41,40-49,New,2013-11-06,153,1,769,1,1,769,769
1033,AW00012032,Tyler Taylor,42,40-49,New,2013-02-20,162,1,615,4,4,615,615
1034,AW00012033,Kristen Guo,42,40-49,VIP,2013-07-13,157,2,5949,4,4,2974,297
1035,AW00012034,Julian Long,80,50 and above,New,2014-01-20,151,3,74,6,4,24,18
1036,AW00012035,Gerald Prasad,80,50 and above,New,2013-05-14,159,3,81,6,5,27,27
1037,AW00012036,Summer Lopez,80,50 and above,New,2013-10-08,154,3,69,5,4,23,9
1038,AW00012037,Patricia Chapman,77,50 and above,VIP,2013-09-09,155,3,7107,8,8,2369,338
1039,AW00012038,George Vance,77,50 and above,New,2014-01-26,151,3,91,5,5,30,11
1040,AW00012039,Ricardo Nath,78,50 and above,VIP,2013-08-06,156,3,8212,9,8,2737,410
1041,AW00012040,Richard Torres,44,40-49,New,2014-01-06,151,2,51,4,4,25,4
1042,AW00012041,Seth Martin,40,40-49,VIP,2013-07-01,157,2,5998,6,6,2999,299
1043,AW00012042,Alex Carter,45,40-49,VIP,2013-07-12,157,2,5975,4,4,2987,298
1044,AW00012043,Carson Patterson,46,40-49,New,2013-12-13,152,2,104,4,4,52,34
1045,AW00012044,Madeline Lopez,47,40-49,New,2013-12-01,152,2,106,5,5,53,106
1046,AW00012045,Luis Russell,47,40-49,New,2013-11-02,153,2,66,3,3,33,11
1047,AW00012046,Alexa Cook,46,40-49,New,2013-04-18,160,2,44,2,2,22,22
1048,AW00012047,Alexandra Davis,47,40-49,New,2013-10-17,154,2,44,2,2,22,8
1049,AW00012048,Kayla Coleman,43,40-49,New,2013-11-26,153,2,134,5,5,67,67
1050,AW00012049,Angela Russell,53,50 and above,New,2013-11-09,153,2,171,6,6,85,57
1051,AW00012050,Aaron Young,48,40-49,VIP,2013-02-06,162,2,6024,6,6,3012,401
1052,AW00012051,Isaiah Scott,42,40-49,New,2013-05-31,159,2,90,3,3,45,30
1053,AW00012052,Makayla Ward,54,50 and above,VIP,2013-02-09,162,2,5935,4,4,2967,395
1054,AW00012053,Cedric Gao,54,50 and above,VIP,2013-01-30,163,2,5973,5,5,2986,398
1055,AW00012054,Luke Diaz,53,50 and above,New,2013-12-17,152,5,403,11,8,80,36
1056,AW00012055,Arianna Richardson,52,50 and above,New,2014-01-16,151,4,104,8,7,26,9
1057,AW00012056,Ian Ward,79,50 and above,New,2014-01-03,151,4,254,11,8,63,36
1058,AW00012057,Madeline Collins,78,50 and above,New,2013-07-07,157,2,87,3,3,43,17
1059,AW00012058,Chloe Nelson,78,50 and above,VIP,2013-02-03,162,2,5936,4,4,2968,395
1060,AW00012059,Jason Jenkins,78,50 and above,VIP,2013-02-22,162,2,5930,4,4,2965,395
1061,AW00012060,Andrew Wedge,78,50 and above,New,2013-06-25,158,2,4812,5,5,2406,962
1062,AW00012061,Bryce Brooks,78,50 and above,New,2013-09-29,155,4,140,10,8,35,17
1063,AW00012062,Edward Long,77,50 and above,New,2014-01-13,151,2,87,3,3,43,7
1064,AW00012063,Xavier Martinez,76,50 and above,New,2013-11-13,153,2,85,2,2,42,42
1065,AW00012064,John White,71,50 and above,New,2013-11-28,153,2,122,5,5,61,15
1066,AW00012065,Isaiah Collins,77,50 and above,New,2013-04-01,160,2,92,4,4,46,92
1067,AW00012066,Wyatt Powell,76,50 and above,New,2013-09-18,155,2,85,2,2,42,14
1068,AW00012067,Aaron Bryant,76,50 and above,New,2013-07-26,157,2,134,5,5,67,44
1069,AW00012068,Maria Jenkins,77,50 and above,New,2013-11-26,153,2,94,3,3,47,23
1070,AW00012069,Garrett Kelly,76,50 and above,VIP,2013-02-27,162,2,5897,4,4,2948,368
1071,AW00012070,Luke Ross,76,50 and above,New,2013-12-26,152,2,85,2,2,42,85
1072,AW00012071,Robert Robinson,77,50 and above,VIP,2013-02-17,162,2,5973,5,5,2986,398
1073,AW00012072,Tristan Ross,76,50 and above,VIP,2013-03-12,161,2,5951,6,6,2975,371
1074,AW00012073,Thomas Rodriguez,76,50 and above,New,2013-04-25,160,2,134,5,5,67,134
1075,AW00012074,Megan Jenkins,65,50 and above,New,2013-10-26,154,4,261,13,10,65,130
1076,AW00012075,Cameron Griffin,77,50 and above,VIP,2013-07-25,157,2,5933,3,3,2966,296
1077,AW00012076,Chloe Washington,71,50 and above,VIP,2013-03-15,161,2,5873,2,2,2936,367
1078,AW00012077,Nicole Sandberg,70,50 and above,Regular,2014-01-18,151,4,174,9,9,43,14
1079,AW00012078,Jose Edwards,76,50 and above,VIP,2013-07-04,157,2,5975,4,4,2987,298
1080,AW00012079,Nathaniel Cooper,70,50 and above,VIP,2013-07-02,157,2,6008,8,8,3004,300
1081,AW00012080,Grace Sanchez,75,50 and above,New,2013-03-31,161,1,2355,2,2,2355,2355
1082,AW00012081,Kaitlyn Perez,69,50 and above,New,2013-05-08,159,1,2367,3,3,2367,2367
1083,AW00012082,Lauren Sanchez,74,50 and above,VIP,2013-03-25,161,2,5913,4,4,2956,369
1084,AW00012083,Kayla Alexander,75,50 and above,VIP,2013-03-02,161,2,5993,3,3,2996,374
1085,AW00012084,Aidan Perry,73,50 and above,VIP,2013-07-19,157,2,5985,6,6,2992,299
1086,AW00012085,Tyler Rodriguez,73,50 and above,New,2013-08-24,156,2,108,5,5,54,54
1087,AW00012086,Emily Clark,73,50 and above,New,2013-05-14,159,1,2295,1,1,2295,2295
1088,AW00012087,Sean Cook,68,50 and above,New,2014-01-15,151,2,92,4,4,46,30
1089,AW00012088,Lauren Thompson,73,50 and above,New,2014-01-25,151,2,171,6,5,85,171
1090,AW00012089,Nathaniel Richardson,68,50 and above,New,2013-06-19,158,2,4710,4,4,2355,1177
1091,AW00012090,Savannah Carter,72,50 and above,New,2013-05-08,159,1,2351,3,3,2351,2351
1092,AW00012091,Eddie Munoz,67,50 and above,New,2013-09-02,155,2,84,4,4,42,12
1093,AW00012092,Austin White,73,50 and above,New,2013-06-03,158,2,51,4,4,25,51
1094,AW00012093,Levi Chandra,72,50 and above,New,2014-01-22,151,2,46,3,3,23,23
1095,AW00012094,Bailey Bailey,72,50 and above,VIP,2013-07-25,157,2,5962,6,6,2981,298
1096,AW00012095,Austin Griffin,73,50 and above,New,2013-08-03,156,2,57,4,4,28,19
1097,AW00012096,Caitlin Brooks,73,50 and above,VIP,2013-07-20,157,2,5900,3,3,2950,295
1098,AW00012097,Sean Allen,71,50 and above,New,2014-01-19,151,4,238,10,9,59,29
1099,AW00012098,Grace Clark,71,50 and above,New,2013-12-11,152,2,84,4,4,42,7
1100,AW00012099,Sydney Hall,71,50 and above,New,2013-11-05,153,2,44,2,2,22,6
1101,AW00012100,Jon Sun,72,50 and above,New,2013-09-17,155,2,130,4,4,65,130
1102,AW00012101,Logan Patterson,72,50 and above,New,2013-06-06,158,2,92,4,4,46,30
1103,AW00012102,Devin Simmons,72,50 and above,VIP,2013-02-28,162,2,5903,4,4,2951,393
1104,AW00012103,Chloe White,66,50 and above,VIP,2013-03-21,161,2,5997,6,6,2998,374
1105,AW00012104,Mariah Ross,66,50 and above,VIP,2013-03-08,161,2,5908,3,3,2954,347
1106,AW00012105,Abigail Foster,72,50 and above,VIP,2013-03-04,161,2,5993,3,3,2996,374
1107,AW00012106,Isaiah Baker,71,50 and above,New,2013-10-12,154,4,169,7,6,42,42
1108,AW00012107,Nathan Gonzales,65,50 and above,New,2013-07-29,157,4,222,8,7,55,44
1109,AW00012108,James Walker,65,50 and above,VIP,2013-07-08,157,2,5946,5,5,2973,297
1110,AW00012109,Morgan Foster,71,50 and above,VIP,2013-07-13,157,2,5930,4,4,2965,296
1111,AW00012110,Bianca Guo,71,50 and above,VIP,2013-07-27,157,2,5888,4,4,2944,294
1112,AW00012111,Jacqueline Gonzales,70,50 and above,New,2013-09-23,155,2,195,4,4,97,97
1113,AW00012112,Arianna Henderson,71,50 and above,VIP,2013-03-18,161,2,5930,4,4,2965,370
1114,AW00012113,Nathan Hughes,58,50 and above,New,2013-06-01,158,2,4737,5,5,2368,1184
1115,AW00012114,Charles Richardson,69,50 and above,New,2013-06-28,158,2,4719,5,5,2359,1573
1116,AW00012115,Chloe Richardson,70,50 and above,New,2013-06-21,158,2,90,3,3,45,90
1117,AW00012116,Amanda Gray,70,50 and above,VIP,2013-03-22,161,2,5933,3,3,2966,370
1118,AW00012117,Cameron Yang,69,50 and above,New,2013-12-18,152,2,160,3,3,80,40
1119,AW00012118,Miguel Sanchez,59,50 and above,VIP,2013-07-28,157,2,6004,8,8,3002,300
1120,AW00012119,Keith Raje,70,50 and above,New,2013-11-05,153,2,162,4,4,81,27
1121,AW00012120,Xavier Simmons,68,50 and above,VIP,2013-07-29,157,2,5908,3,3,2954,295
1122,AW00012121,Logan Wilson,68,50 and above,VIP,2013-07-29,157,2,5946,5,5,2973,297
1123,AW00012122,Destiny Coleman,68,50 and above,New,2013-06-11,158,2,4814,5,5,2407,1604
1124,AW00012123,Wesley Liang,NULL,50 and above,VIP,2013-11-20,153,4,5837,12,11,1459,277
1125,AW00012124,Brandi Gill,64,50 and above,VIP,2013-10-07,154,5,13195,12,11,2639,399
1126,AW00012125,Diana Ortega,64,50 and above,VIP,2013-11-17,153,4,8595,10,10,2148,477
1127,AW00012126,Tammy Raman,63,50 and above,New,2013-08-15,156,2,81,4,4,40,20
1128,AW00012127,Grace Davis,64,50 and above,New,2013-11-10,153,1,35,1,1,35,35
1129,AW00012128,Kristy Munoz,59,50 and above,VIP,2013-12-04,152,4,8681,9,8,2170,456
1130,AW00012129,Wendy Alvarez,64,50 and above,VIP,2013-12-25,152,4,8557,9,8,2139,450
1131,AW00012130,Suzanne Zhou,64,50 and above,VIP,2013-11-14,153,4,7987,10,9,1996,443
1132,AW00012131,Randall Dominguez,65,50 and above,VIP,2013-10-10,154,5,13265,11,11,2653,414
1133,AW00012132,Kaitlyn Henderson,65,50 and above,VIP,2013-10-17,154,5,13294,14,13,2658,402
1134,AW00012133,Colleen Xie,65,50 and above,VIP,2013-12-01,152,4,5830,10,9,1457,265
1135,AW00012134,Hector Alonso,60,50 and above,New,2013-10-09,154,2,97,5,5,48,32
1136,AW00012135,Fernando Taylor,64,50 and above,New,2013-07-01,157,2,85,2,2,42,42
1137,AW00012136,Blake Turner,88,50 and above,New,2014-01-23,151,4,181,10,10,45,20
1138,AW00012137,Jack Green,88,50 and above,New,2013-05-11,159,2,92,4,4,46,46
1139,AW00012138,Colin Jai,87,50 and above,New,2013-08-31,156,2,120,5,5,60,120
1140,AW00012139,Franklin Yang,82,50 and above,New,2013-12-20,152,2,103,4,4,51,20
1141,AW00012140,Oscar Russell,56,50 and above,New,2013-10-29,154,4,118,10,8,29,29
1142,AW00012141,Kaitlyn Lee,50,50 and above,VIP,2013-03-10,161,2,5979,5,5,2989,373
1143,AW00012142,Gabriella Torres,45,40-49,VIP,2013-03-02,161,2,5945,6,6,2972,371
1144,AW00012143,Logan Turner,55,50 and above,VIP,2013-03-19,161,2,5993,3,3,2996,374
1145,AW00012144,Kelly Jenkins,55,50 and above,New,2013-11-05,153,2,50,4,4,25,6
1146,AW00012145,Brandon Butler,50,50 and above,New,2013-12-31,152,2,133,5,5,66,133
1147,AW00012146,Xavier Thomas,55,50 and above,New,2013-11-08,153,2,227,6,6,113,45
1148,AW00012147,Taylor Patterson,56,50 and above,New,2013-11-13,153,4,271,13,10,67,54
1149,AW00012148,Gabrielle Morris,56,50 and above,New,2013-12-30,152,2,83,4,4,41,83
1150,AW00012149,Bailey Scott,51,50 and above,New,2014-01-08,151,2,83,4,4,41,10
1151,AW00012150,Logan Wang,51,50 and above,New,2013-09-04,155,2,43,2,2,21,43
1152,AW00012151,Steven Kelly,57,50 and above,VIP,2013-03-06,161,2,5895,3,3,2947,368
1153,AW00012152,Adrian Ramirez,51,50 and above,VIP,2013-03-07,161,2,5937,5,5,2968,349
1154,AW00012153,Kaitlyn Bailey,64,50 and above,VIP,2013-03-04,161,2,5938,5,5,2969,371
1155,AW00012154,Hailey Adams,59,50 and above,New,2013-07-23,157,2,4798,5,5,2399,1199
1156,AW00012155,Gabriella Lopez,59,50 and above,VIP,2013-03-26,161,2,5930,4,4,2965,370
1157,AW00012156,Bonnie Raji,87,50 and above,VIP,2013-03-04,161,2,5920,3,3,2960,370
1158,AW00012157,William White,86,50 and above,New,2013-11-29,153,2,43,2,2,21,7
1159,AW00012158,Kyle Phillips,47,40-49,New,2013-12-12,152,4,202,11,7,50,67
1160,AW00012159,Kaitlyn Scott,52,50 and above,New,2014-01-15,151,4,259,12,8,64,23
1161,AW00012160,Jaclyn Zhang,57,50 and above,VIP,2013-03-08,161,2,5945,4,4,2972,371
1162,AW00012161,Alexandria Rogers,52,50 and above,New,2013-11-25,153,2,207,4,4,103,25
1163,AW00012162,Luke Mitchell,52,50 and above,VIP,2013-03-25,161,2,5913,4,4,2956,369
1164,AW00012163,Aaron Wang,57,50 and above,VIP,2013-03-04,161,2,5944,4,4,2972,371
1165,AW00012164,Noah Butler,52,50 and above,VIP,2013-03-01,161,2,5908,3,3,2954,369
1166,AW00012165,Caleb Flores,59,50 and above,New,2013-07-05,157,4,280,13,11,70,46
1167,AW00012166,Jared Rogers,42,40-49,New,2013-11-11,153,4,162,9,8,40,40
1168,AW00012167,Sebastian Stewart,58,50 and above,VIP,2013-03-13,161,2,5975,4,4,2987,351
1169,AW00012168,Hunter Jackson,60,50 and above,New,2013-08-23,156,2,73,4,3,36,12
1170,AW00012169,Abigail Howard,54,50 and above,VIP,2013-03-18,161,2,5948,5,5,2974,349
1171,AW00012170,Sara Reed,54,50 and above,VIP,2013-03-08,161,2,5908,3,3,2954,369
1172,AW00012171,Alyssa Cooper,54,50 and above,VIP,2013-03-07,161,2,5984,4,4,2992,374
1173,AW00012172,Eduardo Alexander,54,50 and above,VIP,2013-03-18,161,2,5930,4,4,2965,370
1174,AW00012173,Dalton Edwards,59,50 and above,VIP,2013-03-05,161,2,5929,4,4,2964,370
1175,AW00012174,Charles Phillips,60,50 and above,VIP,2013-03-22,161,2,5873,2,2,2936,391
1176,AW00012175,Luke Powell,60,50 and above,New,2013-11-20,153,2,155,2,2,77,155
1177,AW00012176,Cody James,60,50 and above,New,2014-01-14,151,2,162,4,4,81,14
1178,AW00012177,Kevin Campbell,66,50 and above,New,2013-07-18,157,2,4811,8,8,2405,1202
1179,AW00012178,Ethan Shan,67,50 and above,VIP,2013-03-02,161,2,5933,3,3,2966,395
1180,AW00012179,Alexis Jones,85,50 and above,VIP,2013-07-08,157,2,5913,4,4,2956,311
1181,AW00012180,Holly Mehta,84,50 and above,VIP,2013-07-04,157,2,5930,4,4,2965,312
1182,AW00012181,Katelyn Sanders,84,50 and above,VIP,2013-03-12,161,2,5959,4,4,2979,397
1183,AW00012182,Erin Torres,60,50 and above,New,2013-10-22,154,4,87,6,5,21,12
1184,AW00012183,Emily Robinson,60,50 and above,New,2013-07-09,157,4,229,10,8,57,45
1185,AW00012184,Isaiah Perez,60,50 and above,VIP,2013-03-18,161,2,5875,3,3,2937,391
1186,AW00012185,Kaitlyn Patterson,60,50 and above,New,2013-04-15,160,2,50,4,4,25,50
1187,AW00012186,Bryant Srini,55,50 and above,VIP,2013-03-08,161,2,5913,4,4,2956,394
1188,AW00012187,Ruben Subram,60,50 and above,VIP,2013-03-11,161,2,5908,3,3,2954,393
1189,AW00012188,Ashley Thomas,NULL,50 and above,VIP,2013-03-10,161,2,5933,3,3,2966,395
1190,AW00012189,Sophia Wright,55,50 and above,VIP,2013-03-17,161,2,5950,4,4,2975,396
1191,AW00012190,Justin Gonzales,60,50 and above,VIP,2013-03-04,161,2,5890,5,5,2945,392
1192,AW00012191,Melissa Washington,61,50 and above,New,2013-09-28,155,2,246,5,5,123,49
1193,AW00012192,Jocelyn Hayes,66,50 and above,New,2013-12-22,152,2,160,3,3,80,20
1194,AW00012193,Caleb Simmons,67,50 and above,New,2013-07-07,157,2,4833,6,6,2416,1208
1195,AW00012194,Destiny Foster,67,50 and above,New,2013-05-09,159,2,83,4,4,41,83
1196,AW00012195,Erin Morris,56,50 and above,New,2013-07-27,157,2,124,5,5,62,62
1197,AW00012196,Alexis Miller,67,50 and above,New,2014-01-13,151,4,160,8,6,40,17
1198,AW00012197,Adam Hernandez,68,50 and above,New,2013-05-07,159,2,48,3,3,24,16
1199,AW00012198,Noah Scott,68,50 and above,VIP,2013-07-09,157,2,5969,7,7,2984,314
1200,AW00012199,Christina Richardson,69,50 and above,New,2013-11-13,153,2,195,4,4,97,39
1201,AW00012200,Rafael Sharma,83,50 and above,VIP,2013-03-09,161,2,5935,4,4,2967,395
1202,AW00012201,Mindy Yuan,82,50 and above,New,2013-08-09,156,2,58,5,4,29,29
1203,AW00012202,Xavier Ross,83,50 and above,New,2013-10-04,154,4,171,13,8,42,21
1204,AW00012203,Zachary Hughes,83,50 and above,New,2014-01-05,151,4,200,12,10,50,33
1205,AW00012204,Bradley Jai,83,50 and above,New,2013-06-22,158,2,120,7,7,60,24
1206,AW00012205,Madison Long,82,50 and above,New,2013-12-30,152,2,51,4,4,25,25
1207,AW00012206,Sierra Parker,82,50 and above,VIP,2013-03-08,161,2,5908,3,3,2954,393
1208,AW00012207,Samuel Hill,81,50 and above,VIP,2013-04-11,160,2,5875,3,3,2937,367
1209,AW00012208,Dominique Sanchez,81,50 and above,VIP,2013-04-16,160,2,5954,5,5,2977,372
1210,AW00012209,Mindy Jai,81,50 and above,VIP,2013-04-21,160,2,5908,3,3,2954,369
1211,AW00012210,Alan He,42,40-49,VIP,2013-11-11,153,3,6825,6,5,2275,341
1212,AW00012211,Victor Romero,41,40-49,VIP,2013-07-15,157,2,5908,3,3,2954,211
1213,AW00012212,Shawna Xie,52,50 and above,VIP,2013-07-07,157,2,5898,2,2,2949,210
1214,AW00012213,Alejandro Lal,52,50 and above,New,2013-04-01,160,2,4419,5,5,2209,401
1215,AW00012214,Julie Raje,58,50 and above,VIP,2013-12-17,152,3,6803,8,8,2267,323
1216,AW00012215,Karla She,58,50 and above,VIP,2013-12-21,152,3,6890,9,9,2296,328
1217,AW00012216,Gerald Rodriguez,59,50 and above,VIP,2013-12-17,152,3,6955,9,8,2318,331
1218,AW00012217,Kyle Roberts,60,50 and above,VIP,2013-07-07,157,2,5873,2,2,2936,209
1219,AW00012218,Mitchell Xu,59,50 and above,New,2013-04-25,160,2,4472,5,4,2236,406
1220,AW00012219,Kurt Nara,49,40-49,VIP,2013-07-27,157,2,5967,5,5,2983,213
1221,AW00012220,Virginia Sara,60,50 and above,VIP,2013-07-29,157,2,5950,4,4,2975,212
1222,AW00012221,Brandi Ruiz,60,50 and above,VIP,2013-07-20,157,2,5968,4,4,2984,213
1223,AW00012222,Jenny Xu,60,50 and above,VIP,2013-12-07,152,3,6909,8,7,2303,329
1224,AW00012223,Felicia Vazquez,60,50 and above,New,2013-08-08,156,1,35,1,1,35,35
1225,AW00012224,Tristan Henderson,85,50 and above,New,2013-11-15,153,1,85,2,2,85,85
1226,AW00012225,Kathleen Ortega,62,50 and above,Regular,2013-05-15,159,2,4381,4,4,2190,365
1227,AW00012226,Faith Ward,58,50 and above,Regular,2013-05-02,159,2,4368,5,5,2184,364
1228,AW00012227,Kelsey Raje,63,50 and above,New,2013-04-29,160,1,44,2,2,44,44
1229,AW00012228,Mayra Martinez,63,50 and above,New,2013-05-21,159,2,4401,3,3,2200,400
1230,AW00012229,Kari Gomez,64,50 and above,New,2013-05-23,159,2,4415,4,4,2207,401
1231,AW00012230,Wesley Zheng,65,50 and above,Regular,2013-06-14,158,2,4401,4,4,2200,366
1232,AW00012231,Isabelle Patterson,66,50 and above,Regular,2013-06-22,158,2,4354,3,2,2177,362
1233,AW00012232,Sean Hernandez,66,50 and above,Regular,2013-06-10,158,2,4376,3,3,2188,364
1234,AW00012233,Jerry Yuan,66,50 and above,New,2014-01-17,151,1,35,1,1,35,35
1235,AW00012234,Clarence Zeng,67,50 and above,New,2013-04-26,160,1,35,1,1,35,35
1236,AW00012235,Donna Rai,77,50 and above,New,2013-07-06,157,2,62,4,4,31,15
1237,AW00012236,Kendra Gill,80,50 and above,New,2013-07-13,157,1,35,1,1,35,35
1238,AW00012237,Ruth Madan,74,50 and above,Regular,2013-06-02,158,2,4470,5,5,2235,372
1239,AW00012238,Monica Raman,74,50 and above,New,2013-07-09,157,1,35,1,1,35,35
1240,AW00012239,Alberto Ramos,79,50 and above,VIP,2013-12-17,152,3,6901,8,7,2300,328
1241,AW00012240,Clayton Sharma,40,40-49,Regular,2013-06-03,158,2,3965,2,2,1982,220
1242,AW00012241,Kristine Sandberg,41,40-49,Regular,2013-06-20,158,2,3989,4,4,1994,221
1243,AW00012242,Gilbert Liang,42,40-49,Regular,2013-06-11,158,2,3949,3,3,1974,219
1244,AW00012243,Kristy Rubio,41,40-49,Regular,2013-06-19,158,2,3915,2,2,1957,217
1245,AW00012244,Amy Huang,40,40-49,New,2013-05-17,159,2,115,4,4,57,38
1246,AW00012245,Francisco Gonzalez,42,40-49,Regular,2013-06-13,158,2,3967,4,4,1983,220
1247,AW00012246,Shawn Luo,41,40-49,Regular,2013-06-16,158,2,3947,5,5,1973,219
1248,AW00012247,Brandy Raman,41,40-49,New,2013-05-03,159,2,77,3,3,38,25
1249,AW00012248,Devin Taylor,NULL,50 and above,Regular,2013-07-10,157,2,3940,2,2,1970,207
1250,AW00012249,Jessie Cai,42,40-49,New,2013-10-21,154,2,115,4,4,57,16
1251,AW00012250,Andrea Collins,44,40-49,Regular,2013-07-10,157,2,3965,2,2,1982,208
1252,AW00012251,Troy Suri,44,40-49,Regular,2013-07-19,157,2,3925,3,3,1962,206
1253,AW00012252,Omar Liu,43,40-49,Regular,2013-07-25,157,2,3939,5,5,1969,207
1254,AW00012253,Jenny Sun,44,40-49,Regular,2013-07-16,157,2,4067,6,6,2033,214
1255,AW00012254,Calvin Deng,78,50 and above,VIP,2013-07-29,157,2,5968,5,5,2984,213
1256,AW00012255,Robyn Alvarez,48,40-49,VIP,2013-07-20,157,2,5883,3,3,2941,210
1257,AW00012256,Wendy Ramos,54,50 and above,VIP,2013-08-16,156,2,5953,3,3,2976,205
1258,AW00012257,Ross Ruiz,60,50 and above,New,2013-12-05,152,1,50,1,1,50,50
1259,AW00012258,Jamie Li,59,50 and above,New,2013-10-01,154,1,50,1,1,50,50
1260,AW00012259,Cindy Madan,54,50 and above,New,2013-06-19,158,2,86,5,5,43,28
1261,AW00012260,Melinda Romero,54,50 and above,New,2013-07-29,157,2,241,5,5,120,48
1262,AW00012261,Kaitlin Sanchez,60,50 and above,VIP,2013-08-21,156,2,5973,5,5,2986,213
1263,AW00012262,Morgan Sanchez,61,50 and above,New,2013-03-31,161,2,119,5,5,59,119
1264,AW00012263,Emmanuel Garcia,61,50 and above,VIP,2013-12-27,152,3,6829,8,8,2276,325
1265,AW00012264,Bruce Ashe,50,50 and above,VIP,2013-05-25,159,3,5663,7,7,1887,435
1266,AW00012265,Alan Guo,62,50 and above,VIP,2013-08-06,156,2,5964,5,5,2982,213
1267,AW00012266,Tiffany Lin,56,50 and above,Regular,2013-06-10,158,2,4401,3,3,2200,366
1268,AW00012267,Clifford Garcia,63,50 and above,VIP,2013-08-16,156,2,5873,2,2,2936,209
1269,AW00012268,Edwin Shan,63,50 and above,New,2013-04-16,160,1,50,1,1,50,50
1270,AW00012269,Warren Zheng,55,50 and above,New,2013-06-27,158,1,44,2,2,44,44
1271,AW00012270,Ebony Ramos,60,50 and above,Regular,2013-07-10,157,2,4455,4,4,2227,342
1272,AW00012271,Tyrone Hernandez,61,50 and above,VIP,2013-05-18,159,3,5683,7,6,1894,437
1273,AW00012272,Justin Alexander,61,50 and above,VIP,2013-04-08,160,3,5139,5,5,1713,428
1274,AW00012273,Nelson Carlson,62,50 and above,New,2013-08-01,156,1,50,1,1,50,50
1275,AW00012274,Javier Torres,50,50 and above,New,2013-10-07,154,1,35,1,1,35,35
1276,AW00012275,Adriana Madan,45,40-49,Regular,2013-07-30,157,2,4435,5,5,2217,369
1277,AW00012276,Alisha Shan,50,50 and above,Regular,2013-07-16,157,2,4416,5,5,2208,368
1278,AW00012277,Beth Ortega,52,50 and above,VIP,2013-05-25,159,3,5666,8,7,1888,435
1279,AW00012278,Meredith Johnsen,52,50 and above,New,2013-06-22,158,1,50,1,1,50,50
1280,AW00012279,Mathew Suarez,51,50 and above,VIP,2013-08-13,156,2,5974,4,4,2987,221
1281,AW00012280,Theresa Alvarez,45,40-49,VIP,2013-08-13,156,2,5923,5,5,2961,219
1282,AW00012281,Janelle Sanchez,45,40-49,VIP,2013-04-03,160,3,5169,7,7,1723,430
1283,AW00012282,Nicolas Tang,45,40-49,VIP,2013-04-07,160,3,5111,3,3,1703,425
1284,AW00012283,Todd Zeng,46,40-49,VIP,2013-05-11,159,3,5583,6,6,1861,398
1285,AW00012284,Cristina Beck,46,40-49,VIP,2013-05-21,159,3,5625,5,5,1875,432
1286,AW00012285,Bethany Chande,51,50 and above,VIP,2013-08-14,156,2,5968,4,4,2984,221
1287,AW00012286,Nathan Jenkins,51,50 and above,New,2013-04-18,160,3,5255,9,9,1751,477
1288,AW00012287,Andre Arun,69,50 and above,VIP,2013-05-26,159,3,5720,10,9,1906,476
1289,AW00012288,Sara Brooks,42,40-49,New,2014-01-09,151,2,148,5,5,74,49
1290,AW00012289,Joseph Taylor,42,40-49,VIP,2013-05-22,159,3,5646,8,8,1882,470
1291,AW00012290,Kaylee Morris,53,50 and above,VIP,2013-08-04,156,2,5873,2,2,2936,217
1292,AW00012291,Johnathan Suri,77,50 and above,VIP,2013-11-20,153,4,8067,11,10,2016,504
1293,AW00012292,Nicolas Kumar,71,50 and above,VIP,2013-11-07,153,3,5027,6,6,1675,279
1294,AW00012293,Tammy Garcia,77,50 and above,New,2013-10-11,154,2,86,4,4,43,21
1295,AW00012294,Shane Kovar,76,50 and above,New,2013-08-16,156,2,75,2,2,37,25
1296,AW00012295,Dwayne Gomez,70,50 and above,New,2013-09-26,155,4,174,9,9,43,24
1297,AW00012296,Francisco Sara,65,50 and above,VIP,2013-10-25,154,5,13164,12,9,2632,453
1298,AW00012297,Felicia Blanco,76,50 and above,VIP,2013-11-09,153,4,8022,11,10,2005,534
1299,AW00012298,Crystal Zeng,76,50 and above,VIP,2013-12-11,152,4,8052,10,10,2013,503
1300,AW00012299,Walter Serrano,76,50 and above,Regular,2013-11-09,153,3,4977,7,7,1659,276
1301,AW00012300,Adriana Gonzalez,74,50 and above,VIP,2013-10-17,154,5,13242,10,10,2648,456
1302,AW00012301,Nichole Nara,74,50 and above,VIP,2013-11-20,153,5,13294,13,11,2658,443
1303,AW00012302,Kevin Coleman,75,50 and above,VIP,2013-12-26,152,4,8091,12,12,2022,505
1304,AW00012303,Kristi Alvarez,75,50 and above,New,2013-10-02,154,2,84,3,3,42,42
1305,AW00012304,Alejandro Zhou,69,50 and above,New,2013-12-28,152,2,123,5,5,61,41
1306,AW00012305,Xavier Bailey,66,50 and above,Regular,2013-10-29,154,3,4940,4,3,1646,308
1307,AW00012306,Logan Parker,68,50 and above,New,2013-06-08,158,2,75,3,2,37,75
1308,AW00012307,Brad She,66,50 and above,VIP,2013-11-17,153,5,13172,11,10,2634,439
1309,AW00012308,Margaret He,56,50 and above,VIP,2013-11-19,153,5,13268,14,14,2653,457
1310,AW00012309,Omar Raje,66,50 and above,New,2013-05-14,159,2,101,4,4,50,50
1311,AW00012310,Stacy Munoz,66,50 and above,New,2013-10-22,154,2,104,4,4,52,104
1312,AW00012311,Stanley Weber,61,50 and above,New,2013-12-21,152,2,116,7,7,58,38
1313,AW00012312,Jake Zhao,56,50 and above,New,2013-10-28,154,1,35,1,1,35,35
1314,AW00012313,Jaime Chande,68,50 and above,New,2014-01-15,151,1,44,2,2,44,44
1315,AW00012314,Jill Suarez,67,50 and above,VIP,2013-12-28,152,4,7997,8,7,1999,499
1316,AW00012315,Ann Rodriguez,67,50 and above,New,2013-03-14,161,3,6803,6,6,2267,755
1317,AW00012316,Alejandro Luo,62,50 and above,New,2013-03-19,161,3,6799,6,6,2266,679
1318,AW00012317,Carl She,67,50 and above,New,2013-03-24,161,3,6823,9,8,2274,758
1319,AW00012318,Kristina Schmidt,68,50 and above,New,2013-03-08,161,3,6808,4,4,2269,756
1320,AW00012319,Shannon Ye,68,50 and above,New,2013-12-03,152,2,79,3,3,39,9
1321,AW00012320,Cheryl Alvarez,63,50 and above,New,2013-10-26,154,2,78,4,4,39,39
1322,AW00012321,Rosa Hu,70,50 and above,VIP,2013-11-21,153,5,13215,15,12,2643,455
1323,AW00012322,Kari Mehta,69,50 and above,New,2013-12-22,152,1,50,1,1,50,50
1324,AW00012323,Lawrence Alonso,64,50 and above,VIP,2013-05-15,159,4,10836,11,11,2709,471
1325,AW00012324,Dale Lal,70,50 and above,New,2013-11-14,153,2,66,4,4,33,66
1326,AW00012325,Gloria Martin,70,50 and above,New,2013-12-26,152,2,133,5,5,66,33
1327,AW00012326,Glenn Zhou,70,50 and above,New,2013-11-30,153,2,64,2,2,32,32
1328,AW00012327,Edwin Liang,65,50 and above,New,2013-07-06,157,2,14,2,2,7,2
1329,AW00012328,Eugene Zhao,71,50 and above,New,2013-03-21,161,3,6792,8,7,2264,754
1330,AW00012329,Bonnie Shan,70,50 and above,New,2013-09-26,155,2,119,4,4,59,29
1331,AW00012330,Preston Raman,72,50 and above,VIP,2013-12-24,152,4,7932,10,8,1983,495
1332,AW00012331,Meagan Chandra,72,50 and above,New,2013-03-05,161,1,50,1,1,50,50
1333,AW00012332,Andres Nara,72,50 and above,VIP,2013-06-24,158,4,10789,10,10,2697,449
1334,AW00012333,Terrance Rodriguez,72,50 and above,VIP,2013-06-05,158,4,10829,11,9,2707,451
1335,AW00012334,Roy Jimenez,67,50 and above,New,2014-01-18,151,2,94,5,5,47,13
1336,AW00012335,Francisco Ashe,67,50 and above,New,2013-03-22,161,3,6912,9,8,2304,768
1337,AW00012336,Wyatt Price,73,50 and above,New,2013-12-16,152,2,79,2,2,39,7
1338,AW00012337,Dustin Goldstein,45,40-49,VIP,2013-08-08,156,3,8137,7,6,2712,406
1339,AW00012338,Monica Vance,44,40-49,VIP,2013-08-17,156,3,8265,8,8,2755,413
1340,AW00012339,Clayton Jai,44,40-49,VIP,2013-08-03,156,3,6865,5,5,2288,361
1341,AW00012340,Stacy Diaz,44,40-49,VIP,2013-09-23,155,3,6752,6,6,2250,337
1342,AW00012341,Katie Kumar,44,40-49,VIP,2013-09-09,155,3,6840,7,6,2280,342
1343,AW00012342,Morgan Young,46,40-49,VIP,2013-09-23,155,3,6838,7,7,2279,341
1344,AW00012343,Gloria Ruiz,47,40-49,VIP,2013-09-20,155,3,5568,4,4,1856,278
1345,AW00012344,Dominique Perez,46,40-49,New,2013-08-13,156,3,68,6,6,22,13
1346,AW00012345,Alison Raje,46,40-49,New,2014-01-12,151,3,68,6,6,22,6
1347,AW00012346,Wesley Gao,46,40-49,VIP,2013-09-18,155,3,6864,5,5,2288,343
1348,AW00012347,Summer Madan,46,40-49,VIP,2013-09-24,155,3,6839,6,5,2279,341
1349,AW00012348,Jimmy Vazquez,47,40-49,VIP,2013-09-12,155,3,6906,10,9,2302,345
1350,AW00012349,Lacey Yuan,46,40-49,VIP,2013-09-01,155,3,6772,5,5,2257,322
1351,AW00012350,Logan Hernandez,42,40-49,VIP,2013-09-25,155,3,6791,6,5,2263,339
1352,AW00012351,Cara Zhang,42,40-49,New,2014-01-27,151,3,186,7,7,62,26
1353,AW00012352,Ramon Zhang,48,40-49,New,2013-11-19,153,3,273,7,6,91,136
1354,AW00012353,Joe Ramos,42,40-49,VIP,2013-08-29,156,3,6765,5,5,2255,356
1355,AW00012354,Lance Ortega,42,40-49,VIP,2013-09-02,155,3,6797,6,6,2265,339
1356,AW00012355,Monique Ortega,42,40-49,VIP,2013-09-17,155,3,6818,7,7,2272,324
1357,AW00012356,Julia Wood,49,40-49,VIP,2013-09-19,155,3,6810,5,5,2270,340
1358,AW00012357,Susan Lu,44,40-49,New,2014-01-11,151,3,117,6,5,39,39
1359,AW00012358,Lacey Raje,51,50 and above,VIP,2013-09-04,155,3,6787,5,5,2262,339
1360,AW00012359,Veronica Raman,51,50 and above,New,2013-10-07,154,3,95,6,6,31,95
1361,AW00012360,Mario Goel,49,40-49,VIP,2013-09-24,155,3,6750,3,3,2250,337
1362,AW00012361,Dana Diaz,44,40-49,New,2013-11-18,153,3,217,5,5,72,108
1363,AW00012362,Thomas Harrison,74,50 and above,VIP,2013-04-21,160,2,5904,4,4,2952,369
1364,AW00012363,Kayla Thompson,79,50 and above,New,2013-10-01,154,4,274,11,9,68,39
1365,AW00012364,Erin Rogers,79,50 and above,VIP,2013-03-31,161,2,5898,2,2,2949,393
1366,AW00012365,Alex Evans,73,50 and above,New,2013-06-06,158,2,54,4,4,27,27
1367,AW00012366,Stephanie Cox,78,50 and above,New,2013-11-27,153,2,89,5,5,44,12
1368,AW00012367,Trinity Townsend,47,40-49,New,2013-11-10,153,2,160,5,5,80,17
1369,AW00012368,Rodney Rubio,48,40-49,New,2013-11-27,153,1,35,1,1,35,35
1370,AW00012369,Terrence Lal,57,50 and above,New,2013-12-14,152,3,94,6,5,31,31
1371,AW00012370,Preston Perez,58,50 and above,New,2013-06-02,158,3,61,6,4,20,15
1372,AW00012371,Stefanie Subram,58,50 and above,New,2013-11-25,153,3,213,7,6,71,53
1373,AW00012372,Darren Prasad,57,50 and above,New,2013-07-19,157,3,98,7,5,32,24
1374,AW00012373,Isaac Gray,41,40-49,Regular,2013-08-17,156,2,3593,3,3,1796,138
1375,AW00012374,Marie Kapoor,41,40-49,New,2013-02-07,162,1,35,1,1,35,35
1376,AW00012375,Jarrod Raman,41,40-49,New,2014-01-11,151,1,44,2,2,44,44
1377,AW00012376,Holly Perez,41,40-49,New,2013-06-04,158,2,75,3,3,37,75
1378,AW00012377,Christopher Miller,41,40-49,New,2013-06-24,158,1,50,1,1,50,50
1379,AW00012378,Brianna Sanchez,41,40-49,New,2013-07-25,157,2,4366,2,2,2183,396
1380,AW00012379,Bridget Chande,42,40-49,New,2013-04-21,160,1,50,1,1,50,50
1381,AW00012380,Omar Yuan,47,40-49,VIP,2013-06-19,158,3,5570,5,5,1856,464
1382,AW00012381,Johnny Lal,41,40-49,New,2013-04-18,160,3,5161,6,5,1720,516
1383,AW00012382,Tamara Chen,43,40-49,VIP,2013-06-06,158,3,5606,3,2,1868,467
1384,AW00012383,Albert Gomez,48,40-49,VIP,2013-08-08,156,2,5898,2,2,2949,218
1385,AW00012384,Jacquelyn Gutierrez,47,40-49,New,2013-04-10,160,3,5056,8,8,1685,632
1386,AW00012385,Tara Raji,48,40-49,New,2013-04-03,160,3,5118,4,4,1706,511
1387,AW00012386,Katherine Perry,49,40-49,New,2013-07-05,157,2,4497,6,5,2248,408
1388,AW00012387,Meredith Vazquez,43,40-49,New,2013-09-21,155,1,35,1,1,35,35
1389,AW00012388,Casey Kumar,48,40-49,Regular,2013-08-20,156,2,4379,3,3,2189,364
1390,AW00012389,Albert JimÔö£┬«nez,48,40-49,New,2013-11-13,153,1,50,1,1,50,50
1391,AW00012390,Denise Martinez,43,40-49,New,2013-05-26,159,3,4977,7,7,1659,553
1392,AW00012391,Olivia Kelly,43,40-49,New,2013-05-29,159,3,5121,4,3,1707,465
1393,AW00012392,Nichole Nath,49,40-49,New,2013-03-15,161,2,75,3,3,37,37
1394,AW00012393,Brenda Sai,49,40-49,New,2013-09-27,155,1,74,2,2,74,74
1395,AW00012394,Erika Serrano,44,40-49,VIP,2013-06-14,158,3,5636,5,5,1878,469
1396,AW00012395,Kyle Carter,44,40-49,VIP,2013-09-24,155,2,5968,4,4,2984,221
1397,AW00012396,Susan Yang,50,50 and above,New,2013-10-15,154,1,50,1,1,50,50
1398,AW00012397,Shaun Chapman,51,50 and above,New,2013-05-24,159,3,4968,7,7,1656,552
1399,AW00012398,Ashley Clark,49,40-49,VIP,2013-09-17,155,3,6498,6,6,2166,240
1400,AW00012399,Henry Chapman,49,40-49,New,2013-08-23,156,1,59,4,4,59,59
1401,AW00012400,Andy Martin,49,40-49,New,2013-08-09,156,1,69,3,3,69,69
1402,AW00012401,Kimberly Rivera,44,40-49,New,2013-09-19,155,1,37,2,2,37,37
1403,AW00012402,Albert Moreno,50,50 and above,VIP,2013-06-02,158,3,5218,6,6,1739,434
1404,AW00012403,Henry Young,50,50 and above,New,2013-11-20,153,1,67,3,3,67,67
1405,AW00012404,Krystal Liang,44,40-49,New,2013-06-03,158,3,5251,8,8,1750,477
1406,AW00012405,Cole Sanchez,50,50 and above,New,2014-01-07,151,1,37,2,2,37,37
1407,AW00012406,Ross Gutierrez,51,50 and above,New,2013-12-16,152,1,35,1,1,35,35
1408,AW00012407,Shawn Raji,45,40-49,New,2013-10-26,154,1,75,3,3,75,75
1409,AW00012408,Jon Lu,51,50 and above,New,2013-09-30,155,1,42,3,3,42,42
1410,AW00012409,Savannah Hill,46,40-49,New,2013-11-07,153,2,155,2,2,77,25
1411,AW00012410,Mariah Richardson,45,40-49,New,2014-01-16,151,2,160,3,3,80,17
1412,AW00012411,Kevin Alexander,45,40-49,New,2013-10-17,154,2,160,3,3,80,40
1413,AW00012412,Mackenzie Wright,90,50 and above,New,2013-11-11,153,2,259,5,5,129,259
1414,AW00012413,James Gonzales,49,40-49,New,2013-08-13,156,2,162,4,4,81,81
1415,AW00012414,Ethan Lal,55,50 and above,New,2013-08-31,156,2,157,3,3,78,52
1416,AW00012415,Brianna Richardson,54,50 and above,New,2013-11-22,153,1,75,3,3,75,75
1417,AW00012416,Veronica Martinez,43,40-49,New,2013-06-29,158,1,40,2,2,40,40
1418,AW00012417,Alexis Bryant,49,40-49,New,2014-01-05,151,1,59,3,3,59,59
1419,AW00012418,Robert Hernandez,67,50 and above,VIP,2013-11-06,153,2,5969,5,5,2984,259
1420,AW00012419,Destiny Bell,68,50 and above,New,2013-06-10,158,1,35,1,1,35,35
1421,AW00012420,Spencer Hayes,67,50 and above,New,2013-03-15,161,1,42,3,3,42,42
1422,AW00012421,Cameron Hughes,62,50 and above,New,2013-03-12,161,1,75,3,3,75,75
1423,AW00012422,Hailey Evans,67,50 and above,New,2013-10-13,154,1,35,1,1,35,35
1424,AW00012423,Sarah Thompson,56,50 and above,VIP,2013-11-18,153,2,5908,3,3,2954,256
1425,AW00012424,Rebecca Mitchell,61,50 and above,New,2013-08-25,156,1,99,4,4,99,99
1426,AW00012425,Brandon White,67,50 and above,New,2013-11-17,153,1,90,3,3,90,90
1427,AW00012426,Cody Cox,66,50 and above,New,2013-11-05,153,1,99,4,4,99,99
1428,AW00012427,Kimberly Stewart,67,50 and above,New,2013-06-04,158,1,40,2,2,40,40
1429,AW00012428,Sean Morris,66,50 and above,New,2013-10-26,154,1,75,3,3,75,75
1430,AW00012429,Melvin Black,65,50 and above,New,2013-03-05,161,1,35,1,1,35,35
1431,AW00012430,Kaitlyn Thompson,66,50 and above,New,2014-01-10,151,4,289,11,9,72,32
1432,AW00012431,Wyatt Thomas,66,50 and above,New,2014-01-08,151,4,224,8,7,56,22
1433,AW00012432,Nathan Clark,65,50 and above,New,2013-10-26,154,1,92,3,3,92,92
1434,AW00012433,Antonio Price,60,50 and above,New,2013-03-30,161,1,75,3,3,75,75
1435,AW00012434,Thomas Kumar,66,50 and above,New,2013-11-20,153,1,75,3,3,75,75
1436,AW00012435,Christy Zhou,65,50 and above,VIP,2013-07-29,157,2,5920,3,3,2960,311
1437,AW00012436,Albert Diaz,66,50 and above,New,2013-06-16,158,1,42,3,3,42,42
1438,AW00012437,Jeremy Young,55,50 and above,VIP,2013-07-18,157,2,5983,5,5,2991,314
1439,AW00012438,Bailey Rogers,60,50 and above,VIP,2013-04-06,160,2,5898,2,2,2949,368
1440,AW00012439,Megan Bennett,65,50 and above,New,2013-03-25,161,1,125,4,4,125,125
1441,AW00012440,Francisco Chandra,64,50 and above,VIP,2013-07-06,157,2,5913,4,4,2956,295
1442,AW00012441,Trevor Simmons,63,50 and above,VIP,2013-07-22,157,2,5875,3,3,2937,309
1443,AW00012442,Allison Richardson,63,50 and above,VIP,2013-08-02,156,2,5900,3,3,2950,280
1444,AW00012443,Garrett James,64,50 and above,New,2014-01-18,151,1,30,2,2,30,30
1445,AW00012444,Mackenzie Phillips,64,50 and above,New,2014-01-25,151,4,293,11,9,73,29
1446,AW00012445,Cameron Taylor,64,50 and above,New,2013-08-08,156,1,22,1,1,22,22
1447,AW00012446,Jasmine Hall,63,50 and above,VIP,2013-08-25,156,2,5944,4,4,2972,297
1448,AW00012447,Carson Hayes,63,50 and above,New,2013-05-03,159,1,2332,4,4,2332,2332
1449,AW00012448,Hailey Cox,52,50 and above,VIP,2013-07-31,157,2,5915,5,5,2957,311
1450,AW00012449,Dylan Brown,63,50 and above,New,2013-06-10,158,1,2352,3,3,2352,2352
1451,AW00012450,Cody Cook,62,50 and above,VIP,2013-08-18,156,2,5955,4,4,2977,297
1452,AW00012451,Anna Simmons,62,50 and above,New,2013-06-20,158,1,2368,4,4,2368,2368
1453,AW00012452,Sean Sanchez,62,50 and above,VIP,2013-07-31,157,2,5935,4,4,2967,312
1454,AW00012453,Madison Bennett,63,50 and above,New,2013-05-20,159,1,22,1,1,22,22
1455,AW00012454,Samuel Griffin,62,50 and above,New,2013-04-08,160,1,72,4,4,72,72
1456,AW00012455,Benjamin Lewis,62,50 and above,New,2013-11-17,153,1,22,1,1,22,22
1457,AW00012456,Thomas Chen,61,50 and above,New,2014-01-16,151,1,22,1,1,22,22
1458,AW00012457,Misty Rai,61,50 and above,New,2013-04-04,160,1,24,2,2,24,24
1459,AW00012458,Veronica Sanchez,53,50 and above,New,2013-09-04,155,1,50,1,1,50,50
1460,AW00012459,Stefanie Rodriguez,52,50 and above,New,2013-06-16,158,3,5618,5,5,1872,510
1461,AW00012460,Dominique Malhotra,52,50 and above,New,2013-06-19,158,3,5679,6,6,1893,516
1462,AW00012461,Ruth Suri,47,40-49,New,2013-05-21,159,3,5030,9,6,1676,558
1463,AW00012462,Levi Suri,53,50 and above,New,2013-05-09,159,3,5048,8,8,1682,631
1464,AW00012463,Todd Huang,52,50 and above,New,2013-06-06,158,3,5201,7,7,1733,472
1465,AW00012464,Jared Cook,53,50 and above,VIP,2013-09-13,155,2,5898,2,2,2949,226
1466,AW00012465,Cassandra Patel,48,40-49,New,2013-08-28,156,2,83,4,4,41,16
1467,AW00012466,Willie He,54,50 and above,New,2013-03-19,161,1,59,2,2,59,59
1468,AW00012467,Jennifer Jones,43,40-49,New,2013-04-21,160,1,59,2,2,59,59
1469,AW00012468,Wayne Nath,48,40-49,VIP,2013-09-17,155,2,5875,3,3,2937,225
1470,AW00012469,Shane Srini,54,50 and above,New,2013-09-19,155,1,50,1,1,50,50
1471,AW00012470,Barbara He,55,50 and above,New,2013-11-23,153,1,50,1,1,50,50
1472,AW00012471,Lacey Zeng,54,50 and above,New,2013-03-16,161,1,84,4,4,84,84
1473,AW00012472,Jeffery Zhang,49,40-49,New,2013-08-09,156,1,50,1,1,50,50
1474,AW00012473,Sergio Sai,54,50 and above,New,2013-06-30,158,3,5665,7,7,1888,515
1475,AW00012474,Tammy Chandra,49,40-49,VIP,2013-09-10,155,2,5928,3,3,2964,228
1476,AW00012475,Logan Carter,56,50 and above,New,2013-08-23,156,2,4438,4,4,2219,403
1477,AW00012476,Rodney Jimenez,45,40-49,New,2013-10-24,154,2,73,3,3,36,73
1478,AW00012477,Robin Gill,55,50 and above,New,2013-12-09,152,1,50,1,1,50,50
1479,AW00012478,Ruben Mehta,56,50 and above,New,2013-12-30,152,1,9,1,1,9,9
1480,AW00012479,Priscilla Tang,56,50 and above,New,2013-08-19,156,2,4401,3,3,2200,400
1481,AW00012480,Meredith Alvarez,46,40-49,VIP,2013-09-25,155,2,5908,3,3,2954,227
1482,AW00012481,Victor Diaz,56,50 and above,New,2013-03-08,161,1,9,1,1,9,9
1483,AW00012482,Jerome Browning,57,50 and above,New,2013-12-25,152,1,50,1,1,50,50
1484,AW00012483,Amanda Perez,57,50 and above,VIP,2013-09-15,155,2,5898,2,2,2949,226
1485,AW00012484,Lori Suarez,51,50 and above,New,2013-08-21,156,2,4441,6,6,2220,403
1486,AW00012485,Veronica Subram,51,50 and above,VIP,2013-09-23,155,2,5923,6,6,2961,227
1487,AW00012486,Kristen Ye,46,40-49,VIP,2013-07-06,157,3,5652,7,7,1884,471
1488,AW00012487,Willie Zhu,51,50 and above,New,2013-08-15,156,2,4401,3,3,2200,400
1489,AW00012488,Jay Garcia,58,50 and above,New,2013-09-20,155,1,9,1,1,9,9
1490,AW00012489,Wayne Rai,49,40-49,New,2014-01-09,151,4,158,8,7,39,15
1491,AW00012490,Trisha He,54,50 and above,New,2013-09-03,155,3,168,8,8,56,28
1492,AW00012491,Alvin Huang,55,50 and above,New,2013-08-02,156,1,87,3,3,87,87
1493,AW00012492,Brittany Price,54,50 and above,VIP,2013-08-05,156,3,5166,6,6,1722,397
1494,AW00012493,Dwayne Vazquez,56,50 and above,New,2013-05-15,159,1,70,2,2,70,70
1495,AW00012494,Abby Sandberg,51,50 and above,VIP,2013-10-22,154,2,5948,5,5,2974,220
1496,AW00012495,Lucas Miller,57,50 and above,New,2013-08-18,156,2,4416,5,5,2208,401
1497,AW00012496,Melanie Cox,46,40-49,New,2013-08-20,156,1,205,4,4,205,205
1498,AW00012497,Ashlee Kumar,57,50 and above,New,2013-07-01,157,1,42,3,3,42,42
1499,AW00012498,Eduardo Diaz,47,40-49,New,2013-06-29,158,1,40,2,2,40,40
1500,AW00012499,Heather Wang,42,40-49,New,2013-08-27,156,2,4379,3,3,2189,398
1501,AW00012500,Kathleen Vazquez,42,40-49,Regular,2013-09-04,155,2,4475,6,6,2237,372
1502,AW00012501,Cory Sai,41,40-49,Regular,2013-09-09,155,2,4416,5,5,2208,368
1503,AW00012502,Darren Sanchez,41,40-49,New,2013-09-07,155,2,110,4,4,55,15
1504,AW00012503,Casey Shen,41,40-49,New,2013-09-25,155,2,84,4,4,42,12
1505,AW00012504,Arthur Gutierrez,58,50 and above,New,2013-04-25,160,1,61,3,3,61,61
1506,AW00012505,Dalton Martin,58,50 and above,New,2013-03-01,161,1,37,2,2,37,37
1507,AW00012506,Preston Sanchez,58,50 and above,New,2013-02-11,162,1,120,2,2,120,120
1508,AW00012507,Ian Bell,53,50 and above,New,2013-04-11,160,1,9,1,1,9,9
1509,AW00012508,Nichole Anand,58,50 and above,New,2013-05-31,159,1,133,3,3,133,133
1510,AW00012509,Marc Ferrier,59,50 and above,New,2013-09-01,155,3,83,6,6,27,11
1511,AW00012510,Roberto Sanz,58,50 and above,VIP,2013-09-20,155,3,6440,6,6,2146,257
1512,AW00012511,Grant Chander,43,40-49,New,2013-06-28,158,1,9,1,1,9,9
1513,AW00012512,Carolyn Gomez,43,40-49,New,2013-03-23,161,1,9,1,1,9,9
1514,AW00012513,Austin Thompson,43,40-49,New,2013-10-11,154,2,241,5,5,120,60
1515,AW00012514,Lacey Becker,43,40-49,New,2013-02-14,162,1,9,1,1,9,9
1516,AW00012515,Shelby Bailey,44,40-49,New,2013-07-24,157,1,9,1,1,9,9
1517,AW00012516,Shawna Chander,44,40-49,New,2013-12-16,152,1,9,1,1,9,9
1518,AW00012517,Alexa Watson,43,40-49,New,2013-10-19,154,1,9,1,1,9,9
1519,AW00012518,Jacquelyn Dominguez,43,40-49,New,2013-08-01,156,1,9,1,1,9,9
1520,AW00012519,Casey Gutierrez,43,40-49,New,2014-01-12,151,2,71,2,2,35,8
1521,AW00012520,Seth Jackson,44,40-49,VIP,2013-10-12,154,2,5919,4,4,2959,227
1522,AW00012521,Meredith Dominguez,46,40-49,New,2013-09-24,155,2,4438,4,4,2219,403
1523,AW00012522,Brandy Sanchez,44,40-49,VIP,2013-10-11,154,2,5888,4,4,2944,226
1524,AW00012523,Steve Wagner,44,40-49,VIP,2013-10-25,154,2,5933,3,3,2966,228
1525,AW00012524,Kate Shan,46,40-49,New,2013-06-13,158,1,9,1,1,9,9
1526,AW00012525,Chelsea Rodriguez,46,40-49,New,2013-05-25,159,1,120,2,2,120,120
1527,AW00012526,Michele Suarez,40,40-49,VIP,2013-10-01,154,3,5229,9,9,1743,348
1528,AW00012527,JosÔö£┬« Rodriguez,61,50 and above,New,2013-12-17,152,1,87,3,3,87,87
1529,AW00012528,Devin Wilson,62,50 and above,New,2013-08-28,156,1,72,2,2,72,72
1530,AW00012529,Isaiah Allen,61,50 and above,New,2014-01-19,151,1,86,2,2,86,86
1531,AW00012530,Isabel Coleman,49,40-49,New,2013-12-08,152,4,338,11,10,84,33
1532,AW00012531,Autumn Xu,49,40-49,New,2013-03-18,161,1,22,1,1,22,22
1533,AW00012532,Jose Carter,48,40-49,New,2013-12-24,152,4,235,9,9,58,78
1534,AW00012533,Luis Washington,80,50 and above,New,2013-04-13,160,2,272,7,7,136,136
1535,AW00012534,Katie Shan,59,50 and above,New,2013-09-08,155,1,9,1,1,9,9
1536,AW00012535,Clifford Kapoor,53,50 and above,New,2013-09-18,155,1,9,1,1,9,9
1537,AW00012536,Javier Dominguez,60,50 and above,New,2013-11-21,153,1,9,1,1,9,9
1538,AW00012537,Terrence Luo,54,50 and above,New,2013-06-24,158,1,9,1,1,9,9
1539,AW00012538,Paula Blanco,59,50 and above,New,2013-05-27,159,1,9,1,1,9,9
1540,AW00012539,Marc Dominguez,86,50 and above,New,2013-11-30,153,1,9,1,1,9,9
1541,AW00012540,Levi Sara,84,50 and above,New,2013-08-18,156,2,75,3,3,37,15
1542,AW00012541,Jonathan Zhang,58,50 and above,New,2013-06-15,158,1,9,1,1,9,9
1543,AW00012542,Preston Patel,59,50 and above,New,2014-01-11,151,1,9,1,1,9,9
1544,AW00012543,Ruben Alvarez,63,50 and above,New,2013-05-04,159,1,9,1,1,9,9
1545,AW00012544,Bruce Jordan,63,50 and above,New,2013-12-21,152,1,9,1,1,9,9
1546,AW00012545,Marc Ruiz,58,50 and above,New,2013-10-29,154,2,119,5,5,59,39
1547,AW00012546,Clarence Andersen,64,50 and above,New,2013-09-05,155,2,4416,5,5,2208,401
1548,AW00012547,Bradley Nara,48,40-49,VIP,2013-10-01,154,2,5898,2,2,2949,226
1549,AW00012548,Alexandra Collins,66,50 and above,New,2013-08-29,156,2,4368,5,5,2184,436
1550,AW00012549,Donna Xie,66,50 and above,VIP,2013-10-21,154,2,5908,3,3,2954,227
1551,AW00012550,Austin Diaz,66,50 and above,New,2013-12-09,152,2,86,5,5,43,14
1552,AW00012551,Julio Ramos,78,50 and above,New,2014-01-17,151,2,75,3,3,37,15
1553,AW00012552,Bruce Torres,82,50 and above,New,2013-10-13,154,1,9,1,1,9,9
1554,AW00012553,Toni Fernandez,82,50 and above,New,2013-05-11,159,1,10,1,1,10,10
1555,AW00012554,Barry Rodriguez,83,50 and above,New,2013-10-18,154,2,88,3,3,44,29
1556,AW00012555,Edgar Malhotra,82,50 and above,New,2013-09-03,155,1,69,3,3,69,69
1557,AW00012556,Manuel Kapoor,81,50 and above,New,2013-11-27,153,1,9,1,1,9,9
1558,AW00012557,Phillip Lopez,81,50 and above,New,2013-05-07,159,1,50,3,3,50,50
1559,AW00012558,Amanda Evans,80,50 and above,New,2013-09-02,155,1,15,2,2,15,15
1560,AW00012559,Emmanuel Lopez,80,50 and above,VIP,2013-08-18,156,3,5634,6,6,1878,433
1561,AW00012560,Mandy Gao,81,50 and above,VIP,2013-08-17,156,3,5637,7,7,1879,433
1562,AW00012561,Trisha Lin,79,50 and above,VIP,2013-10-13,154,2,5888,4,4,2944,235
1563,AW00012562,Kristina Chandra,79,50 and above,New,2013-03-14,161,1,59,4,4,59,59
1564,AW00012563,Alejandro Lin,80,50 and above,New,2013-07-01,157,2,119,4,4,59,119
1565,AW00012564,Marshall Yang,80,50 and above,New,2013-11-16,153,2,110,5,5,55,13
1566,AW00012565,Kendra Gutierrez,79,50 and above,New,2013-10-05,154,1,93,4,4,93,93
1567,AW00012566,Omar Yang,79,50 and above,New,2013-09-25,155,2,148,5,5,74,37
1568,AW00012567,Carmen Arthur,73,50 and above,New,2013-10-05,154,2,43,3,3,21,5
1569,AW00012568,Stacey Ye,79,50 and above,New,2013-03-17,161,2,67,4,4,33,67
1570,AW00012569,Kristin Rai,79,50 and above,New,2013-07-21,157,1,75,3,3,75,75
1571,AW00012570,Casey Munoz,41,40-49,Regular,2013-08-12,156,2,2654,5,5,1327,139
1572,AW00012571,Jennifer Green,41,40-49,Regular,2013-08-04,156,2,2641,4,4,1320,132
1573,AW00012572,Alisha Chander,41,40-49,Regular,2013-09-11,155,2,2611,2,2,1305,130
1574,AW00012573,Grant Rai,41,40-49,Regular,2013-08-31,156,2,2668,3,3,1334,140
1575,AW00012574,Derek Raje,41,40-49,Regular,2013-09-20,155,2,2626,4,4,1313,131
1576,AW00012575,Jaclyn Shen,41,40-49,Regular,2013-09-27,155,2,2668,3,3,1334,133
1577,AW00012576,Walter Dominguez,42,40-49,Regular,2013-09-19,155,2,2653,4,4,1326,132
1578,AW00012577,Francis Sanz,41,40-49,Regular,2013-09-20,155,2,2614,3,3,1307,137
1579,AW00012578,Gavin Perry,41,40-49,Regular,2013-10-23,154,2,2668,3,3,1334,133
1580,AW00012579,Lydia Sanchez,42,40-49,Regular,2013-10-11,154,2,2589,2,2,1294,129
1581,AW00012580,Cedric She,42,40-49,Regular,2013-10-20,154,2,2589,2,2,1294,129
1582,AW00012581,Kristina Fernandez,43,40-49,Regular,2013-10-17,154,2,2646,3,3,1323,132
1583,AW00012582,Carmen Sara,44,40-49,New,2013-11-02,153,2,84,3,3,42,21
1584,AW00012583,Tyrone Ortega,44,40-49,Regular,2013-10-10,154,2,2646,3,3,1323,132
1585,AW00012584,Brittney Ma,44,40-49,Regular,2013-11-16,153,2,2633,3,3,1316,125
1586,AW00012585,Ian Martinez,42,40-49,Regular,2013-11-06,153,2,2629,4,4,1314,125
1587,AW00012586,Kellie Hernandez,42,40-49,Regular,2013-11-23,153,2,2636,2,2,1318,125
1588,AW00012587,Danny Travers,42,40-49,New,2013-12-25,152,2,77,3,3,38,77
1589,AW00012588,Tracy Chande,43,40-49,Regular,2013-11-03,153,2,2639,3,3,1319,119
1590,AW00012589,Ruben Rodriguez,44,40-49,Regular,2013-11-08,153,2,2665,4,4,1332,126
1591,AW00012590,Mario Chander,78,50 and above,New,2013-10-28,154,2,67,4,4,33,67
1592,AW00012591,Meredith Madan,54,50 and above,New,2013-08-05,156,1,50,3,3,50,50
1593,AW00012592,Amy Li,59,50 and above,New,2013-12-07,152,2,52,4,3,26,8
1594,AW00012593,Benjamin Zhang,60,50 and above,New,2013-08-29,156,2,43,3,3,21,7
1595,AW00012594,Sandra Gao,60,50 and above,New,2013-12-16,152,2,38,2,2,19,38
1596,AW00012595,Mathew Blanco,60,50 and above,New,2013-08-04,156,2,40,3,3,20,8
1597,AW00012596,Armando Romero,60,50 and above,New,2014-01-10,151,2,78,4,4,39,19
1598,AW00012597,Franklin Zhang,61,50 and above,New,2013-09-30,155,2,53,5,5,26,53
1599,AW00012598,Alexandra Bryant,61,50 and above,New,2013-10-03,154,2,43,3,3,21,21
1600,AW00012599,Jillian Fernandez,56,50 and above,VIP,2013-08-10,156,3,5649,8,8,1883,470
1601,AW00012600,Larry Romero,63,50 and above,New,2013-09-08,155,1,50,3,3,50,50
1602,AW00012601,Randy Zhang,55,50 and above,New,2014-01-14,151,2,65,6,6,32,13
1603,AW00012602,Francisco Srini,60,50 and above,New,2013-12-26,152,2,45,4,4,22,4
1604,AW00012603,Cole Reed,55,50 and above,New,2013-09-24,155,2,117,5,5,58,23
1605,AW00012604,Nathan Lee,50,50 and above,New,2013-05-30,159,1,24,3,3,24,24
1606,AW00012605,Carol Cooper,49,40-49,New,2013-05-12,159,1,10,1,1,10,10
1607,AW00012606,Arthur Van,61,50 and above,New,2014-01-25,151,3,333,11,10,111,83
1608,AW00012607,Tamara Zhu,60,50 and above,VIP,2013-09-11,155,3,6489,7,7,2163,270
1609,AW00012608,Brett Sanchez,56,50 and above,VIP,2013-09-25,155,3,5690,8,7,1896,437
1610,AW00012609,Linda Carlson,61,50 and above,VIP,2013-09-21,155,3,5637,7,7,1879,433
1611,AW00012610,Wendy Gutierrez,62,50 and above,New,2013-09-16,155,2,102,5,4,51,51
1612,AW00012611,Manuel Sara,45,40-49,New,2013-12-04,152,2,67,4,4,33,13
1613,AW00012612,Shannon Torres,52,50 and above,VIP,2013-09-04,155,3,5658,6,6,1886,435
1614,AW00012613,Joel Prasad,45,40-49,VIP,2013-10-08,154,2,5984,4,4,2992,230
1615,AW00012614,Lance Gill,51,50 and above,VIP,2013-10-21,154,2,5918,4,4,2959,236
1616,AW00012615,Nathan Hill,41,40-49,VIP,2013-10-20,154,3,5663,5,4,1887,404
1617,AW00012616,Kelsey Tang,46,40-49,New,2013-05-20,159,1,15,2,2,15,15
1618,AW00012617,Jake Ma,51,50 and above,New,2013-07-18,157,1,39,3,3,39,39
1619,AW00012618,Dawn Lal,52,50 and above,VIP,2013-11-14,153,2,5923,5,5,2961,227
1620,AW00012619,Priscilla Rai,51,50 and above,VIP,2013-10-08,154,3,5200,6,6,1733,371
1621,AW00012620,Maurice Lal,52,50 and above,VIP,2013-09-26,155,3,6480,7,7,2160,270
1622,AW00012621,Barry Martinez,46,40-49,VIP,2013-09-22,155,3,6471,7,7,2157,269
1623,AW00012622,Micheal Rubio,52,50 and above,VIP,2013-11-01,153,3,5135,6,6,1711,342
1624,AW00012623,Jesse Sanchez,68,50 and above,VIP,2013-10-05,154,3,5630,7,6,1876,402
1625,AW00012624,Jamie Xu,68,50 and above,New,2013-09-26,155,2,4379,3,2,2189,398
1626,AW00012625,Carly Andersen,69,50 and above,New,2013-09-04,155,1,100,4,4,100,100
1627,AW00012626,Cassie Lal,70,50 and above,New,2013-11-17,153,2,78,4,4,39,78
1628,AW00012627,Leah Zheng,48,40-49,New,2013-06-30,158,2,111,6,6,55,55
1629,AW00012628,Arturo Ma,47,40-49,New,2013-07-07,157,1,15,2,2,15,15
1630,AW00012629,Russell Nara,47,40-49,New,2013-11-16,153,1,54,3,3,54,54
1631,AW00012630,Kevin Simmons,66,50 and above,New,2013-04-26,160,3,6825,6,6,2275,853
1632,AW00012631,Clarence Gao,77,50 and above,VIP,2013-06-07,158,4,10799,11,10,2699,539
1633,AW00012632,Bonnie Nath,65,50 and above,VIP,2013-06-16,158,4,10793,6,6,2698,539
1634,AW00012633,Shannon Suarez,76,50 and above,New,2013-09-30,155,2,86,4,4,43,43
1635,AW00012634,Derrick Ruiz,75,50 and above,New,2013-04-24,160,3,6787,5,5,2262,848
1636,AW00012635,Brad Beck,69,50 and above,New,2013-03-22,161,1,50,1,1,50,50
1637,AW00012636,Tamer Salah,74,50 and above,New,2013-07-14,157,2,49,3,3,24,24
1638,AW00012637,Leonard Nath,75,50 and above,New,2013-04-29,160,3,6845,6,6,2281,977
1639,AW00012638,Sebastian Brooks,62,50 and above,New,2013-11-02,153,2,38,3,3,19,38
1640,AW00012639,Ruben Lopez,67,50 and above,New,2013-02-18,162,1,50,1,1,50,50
1641,AW00012640,Angel Richardson,62,50 and above,New,2013-04-27,160,3,6752,6,5,2250,964
1642,AW00012641,Willie Raje,67,50 and above,New,2013-12-02,152,1,9,1,1,9,9
1643,AW00012642,Jimmy Carlson,61,50 and above,New,2013-05-15,159,1,9,1,1,9,9
1644,AW00012643,Kristina Perez,67,50 and above,New,2014-01-26,151,2,103,4,4,51,9
1645,AW00012644,Rachel Reed,68,50 and above,New,2013-04-20,160,3,6838,7,7,2279,976
1646,AW00012645,Audrey Ruiz,62,50 and above,New,2013-04-14,160,3,6847,6,5,2282,978
1647,AW00012646,Kenneth Xu,68,50 and above,New,2013-12-31,152,2,14,2,2,7,1
1648,AW00012647,Colleen Anand,63,50 and above,New,2013-04-20,160,3,6886,9,9,2295,860
1649,AW00012648,Lori Dominguez,69,50 and above,New,2013-05-01,159,3,6817,8,8,2272,852
1650,AW00012649,Omar Goel,69,50 and above,New,2013-09-29,155,1,9,1,1,9,9
1651,AW00012650,Aaron Wright,71,50 and above,VIP,2013-06-25,158,4,10813,9,9,2703,540
1652,AW00012651,Martin Malhotra,71,50 and above,New,2013-10-05,154,1,9,1,1,9,9
1653,AW00012652,Carolyn Martin,70,50 and above,New,2013-11-23,153,2,183,6,6,91,91
1654,AW00012653,Nichole Andersen,71,50 and above,New,2013-05-28,159,3,6859,10,8,2286,857
1655,AW00012654,Briana Gill,70,50 and above,New,2013-06-26,158,2,45,4,4,22,11
1656,AW00012655,Larry Vazquez,72,50 and above,VIP,2013-06-17,158,4,10899,11,11,2724,544
1657,AW00012656,Blake Roberts,66,50 and above,New,2013-05-17,159,1,9,1,1,9,9
1658,AW00012657,Audrey Blanco,72,50 and above,VIP,2013-12-23,152,4,7384,8,8,1846,527
1659,AW00012658,Joy Gomez,66,50 and above,New,2013-05-13,159,3,6863,7,5,2287,857
1660,AW00012659,Damien Chande,73,50 and above,New,2013-04-16,160,1,74,3,3,74,74
1661,AW00012660,Toni Sanchez,73,50 and above,New,2013-11-30,153,1,45,2,2,45,45
1662,AW00012661,Deborah Pal,73,50 and above,New,2013-03-31,161,1,50,3,3,50,50
1663,AW00012662,Jessie Huang,74,50 and above,New,2013-12-12,152,1,15,2,2,15,15
1664,AW00012663,Morgan Adams,74,50 and above,New,2013-11-17,153,1,69,3,3,69,69
1665,AW00012664,Krista Gill,74,50 and above,New,2013-10-09,154,2,78,4,4,39,15
1666,AW00012665,Joy Suarez,45,40-49,New,2013-09-27,155,3,74,6,4,24,24
1667,AW00012666,Jessie Zhu,45,40-49,New,2013-12-29,152,3,34,4,3,11,34
1668,AW00012667,Maria Wood,44,40-49,VIP,2013-09-16,155,3,6813,7,7,2271,358
1669,AW00012668,Melissa Patterson,45,40-49,VIP,2013-09-19,155,3,6839,5,5,2279,359
1670,AW0
