customer_key,customer_id,customer_number,first_name,last_name,country,marital_status,gender,birthdate,create_date
1,11000,AW00011000,Jon,Yang,Australia,Married,Male,1971-10-06,2025-10-06
2,11001,AW00011001,Eugene,Huang,Australia,Single,Male,1976-05-10,2025-10-06
3,11002,AW00011002,Ruben,Torres,Australia,Married,Male,1971-02-09,2025-10-06
4,11003,AW00011003,Christy,Zhu,Australia,Single,Female,1973-08-14,2025-10-06
5,11004,AW00011004,Elizabeth,Johnson,Australia,Single,Female,1979-08-05,2025-10-06
6,11005,AW00011005,Julio,Ruiz,Australia,Single,Male,1976-08-01,2025-10-06
7,11006,AW00011006,Janet,Alvarez,Australia,Single,Female,1976-12-02,2025-10-06
8,11007,AW00011007,Marco,Mehta,Australia,Married,Male,1969-11-06,2025-10-06
9,11008,AW00011008,Rob,Verhoff,Australia,Single,Female,1975-07-04,2025-10-06
10,11009,AW00011009,Shannon,Carlson,Australia,Single,Male,1969-09-29,2025-10-06
11,11010,AW00011010,Jacquelyn,Suarez,Australia,Single,Female,1969-08-05,2025-10-06
12,11011,AW00011011,Curtis,Lu,Australia,Married,Male,1969-05-03,2025-10-06
13,11012,AW00011012,Lauren,Walker,United States,Married,Female,1979-01-14,2025-10-06
14,11013,AW00011013,Ian,Jenkins,United States,Married,Male,1979-08-03,2025-10-06
15,11014,AW00011014,Sydney,Bennett,United States,Single,Female,1973-11-06,2025-10-06
16,11015,AW00011015,Chloe,Young,United States,Single,Female,1984-08-26,2025-10-06
17,11016,AW00011016,Wyatt,Hill,United States,Married,Male,1984-10-25,2025-10-07
18,11017,AW00011017,Shannon,Wang,Australia,Single,Female,1949-12-24,2025-10-07
19,11018,AW00011018,Clarence,Rai,Australia,Single,Male,1955-10-06,2025-10-07
20,11019,AW00011019,Luke,Lal,Canada,Single,Male,1983-09-04,2025-10-07
21,11020,AW00011020,Jordan,King,Canada,Single,Male,1984-03-19,2025-10-07
22,11021,AW00011021,Destiny,Wilson,United States,Single,Female,1984-03-02,2025-10-07
23,11022,AW00011022,Ethan,Zhang,United States,Married,Male,1984-04-10,2025-10-07
24,11023,AW00011023,Seth,Edwards,United States,Married,Male,1984-04-09,2025-10-07
25,11024,AW00011024,Russell,Xie,United States,Married,Male,1984-03-16,2025-10-07
26,11025,AW00011025,Alejandro,Beck,Australia,Married,Male,1951-06-22,2025-10-07
27,11026,AW00011026,Harold,Sai,Australia,Single,Male,1951-10-01,2025-10-07
28,11027,AW00011027,Jessie,Zhao,Australia,Married,Male,1952-06-05,2025-10-07
29,11028,AW00011028,Jill,Jimenez,Australia,Married,Female,1951-10-09,2025-10-07
30,11029,AW00011029,Jimmy,Moreno,Australia,Married,Male,1952-06-19,2025-10-07
31,11030,AW00011030,Bethany,Yuan,Australia,Married,Female,1958-02-18,2025-10-07
32,11031,AW00011031,Theresa,Ramos,Australia,Married,Female,1953-02-18,2025-10-07
33,11032,AW00011032,Denise,Stone,Australia,Married,Female,1952-12-08,2025-10-07
34,11033,AW00011033,Jaime,Nath,Australia,Married,Male,1958-09-19,2025-10-07
35,11034,AW00011034,Ebony,Gonzalez,Australia,Married,Female,1952-12-16,2025-10-07
36,11035,AW00011035,Wendy,Dominguez,Australia,Married,Female,1953-08-23,2025-10-07
37,11036,AW00011036,Jennifer,Russell,United States,Married,Female,1984-06-16,2025-10-07
38,11037,AW00011037,Chloe,Garcia,Canada,Single,Female,1983-05-27,2025-10-07
39,11038,AW00011038,Diana,Hernandez,Australia,Married,Female,1953-09-20,2025-10-07
40,11039,AW00011039,Marc,Martin,Australia,Married,Male,1954-06-16,2025-10-07
41,11040,AW00011040,Jesse,Murphy,United States,Married,Male,1983-01-29,2025-10-07
42,11041,AW00011041,Amanda,Carter,United States,Married,Female,1983-04-15,2025-10-07
43,11042,AW00011042,Megan,Sanchez,United States,Married,Female,1982-12-11,2025-10-07
44,11043,AW00011043,Nathan,Simmons,United States,Married,Male,1981-08-23,2025-10-07
45,11044,AW00011044,Adam,Flores,Australia,Married,Male,1954-11-21,2025-10-07
46,11045,AW00011045,Leonard,Nara,Australia,Single,Male,1955-11-16,2025-10-07
47,11046,AW00011046,Christine,Yuan,Australia,Married,Female,1955-09-19,2025-10-07
48,11047,AW00011047,Jaclyn,Lu,Australia,Married,Female,1955-08-27,2025-10-07
49,11048,AW00011048,Jeremy,Powell,Australia,Married,Male,1956-05-21,2025-10-07
50,11049,AW00011049,Carol,Rai,United States,Single,Female,1986-01-15,2025-10-07
51,11050,AW00011050,Alan,Zheng,Australia,Married,Male,1957-03-06,2025-10-07
52,11051,AW00011051,Daniel,Johnson,Australia,Single,Male,1957-01-31,2025-10-07
53,11052,AW00011052,Heidi,Lopez,Australia,Single,Female,1957-02-03,2025-10-07
54,11053,AW00011053,Ana,Price,United States,Married,Female,1986-02-17,2025-10-07
55,11054,AW00011054,Deanna,Munoz,Australia,Married,Female,1957-09-07,2025-10-07
56,11055,AW00011055,Gilbert,Raje,Australia,Married,Male,1957-09-02,2025-10-07
57,11056,AW00011056,Michele,Nath,Australia,Married,Female,1958-10-01,2025-10-07
58,11057,AW00011057,Carl,Andersen,Australia,Married,Male,1970-04-07,2025-10-07
59,11058,AW00011058,Marc,Diaz,Australia,Married,Male,1965-04-23,2025-10-07
60,11059,AW00011059,Ashlee,Andersen,Australia,Single,Female,1959-09-29,2025-10-07
61,11060,AW00011060,Jon,Zhou,Australia,Married,Male,1959-09-14,2025-10-07
62,11061,AW00011061,Todd,Gao,Australia,Married,Male,1976-02-20,2025-10-07
63,11062,AW00011062,Noah,Powell,United States,Married,Male,1981-03-01,2025-10-07
64,11063,AW00011063,Angela,Murphy,United States,Single,Female,1980-10-04,2025-10-07
65,11064,AW00011064,Chase,Reed,United States,Married,Male,1981-06-05,2025-10-07
66,11065,AW00011065,Jessica,Henderson,United States,Married,Female,1979-04-08,2025-10-07
67,11066,AW00011066,Grace,Butler,United States,Married,Female,1979-05-27,2025-10-07
68,11067,AW00011067,Caleb,Carter,United States,Single,Male,1982-03-25,2025-10-07
69,11068,AW00011068,Tiffany,Liang,Australia,Single,Female,1966-09-19,2025-10-07
70,11069,AW00011069,Carolyn,Navarro,Australia,Single,Female,1966-09-17,2025-10-07
71,11070,AW00011070,Willie,Raji,Australia,Married,Male,1960-10-02,2025-10-07
72,11071,AW00011071,Linda,Serrano,Australia,Single,Female,1960-12-23,2025-10-07
73,11072,AW00011072,Casey,Luo,Australia,Single,Female,1960-08-05,2025-10-07
74,11073,AW00011073,Amy,Ye,Australia,Single,Female,1962-02-11,2025-10-07
75,11074,AW00011074,Levi,Arun,Australia,Single,Male,1962-02-25,2025-10-07
76,11075,AW00011075,Felicia,Jimenez,Australia,Single,Female,1963-05-16,2025-10-07
77,11076,AW00011076,Blake,Anderson,Australia,Single,Male,1963-01-10,2025-10-07
78,11077,AW00011077,Leah,Ye,Australia,Single,Female,1963-03-19,2025-10-07
79,11078,AW00011078,Gina,Martin,Canada,Single,Female,1985-01-06,2025-10-07
80,11079,AW00011079,Donald,Gonzalez,Australia,Single,Male,1970-03-07,2025-10-07
81,11080,AW00011080,Damien,Chander,Australia,Married,Male,1965-01-13,2025-10-07
82,11081,AW00011081,Savannah,Baker,United States,Married,Female,1972-01-21,2025-10-07
83,11082,AW00011082,Angela,Butler,United States,Single,Female,1972-02-01,2025-10-07
84,11083,AW00011083,Alyssa,Cox,United States,Married,Female,1977-03-11,2025-10-07
85,11084,AW00011084,Lucas,Phillips,United States,Single,Male,1963-03-12,2025-10-07
86,11085,AW00011085,Emily,Johnson,United States,Single,Female,1963-01-16,2025-10-07
87,11086,AW00011086,Ryan,Brown,United States,Married,Male,1963-06-22,2025-10-07
88,11087,AW00011087,Tamara,Liang,United States,Married,Female,1963-04-02,2025-10-07
89,11088,AW00011088,Hunter,Davis,United States,Married,Male,1963-05-25,2025-10-07
90,11089,AW00011089,Abigail,Price,United States,Single,Female,1962-08-05,2025-10-07
91,11090,AW00011090,Trevor,Bryant,United States,Single,Male,1968-12-13,2025-10-07
92,11091,AW00011091,Dalton,Perez,Canada,Married,Male,1962-10-02,2025-10-07
93,11092,AW00011092,Cheryl,Diaz,Australia,Married,Female,1972-11-02,2025-10-07
94,11093,AW00011093,Aimee,He,Australia,Married,Female,1978-09-06,2025-10-07
95,11094,AW00011094,Cedric,Ma,Australia,Single,Male,1967-09-29,2025-10-07
96,11095,AW00011095,Chad,Kumar,Australia,Single,Male,1968-02-29,2025-10-07
97,11096,AW00011096,AndrÔö£┬«s,Anand,Australia,Married,Male,1968-02-07,2025-10-07
98,11097,AW00011097,Edwin,Nara,Australia,Married,Male,1972-10-23,2025-10-07
99,11098,AW00011098,Mallory,Rubio,Australia,Single,Female,1966-10-29,2025-10-07
100,11099,AW00011099,Adam,Ross,Australia,Married,Male,1966-09-05,2025-10-07
101,11100,AW00011100,Latasha,Navarro,Australia,Single,Female,1966-03-15,2025-10-07
102,11101,AW00011101,Abby,Sai,Australia,Single,Female,1970-11-05,2025-10-07
103,11102,AW00011102,Julia,Nelson,Australia,Single,Female,1970-10-19,2025-10-07
104,11103,AW00011103,Cassie,Chande,Australia,Single,Female,1981-04-12,2025-10-07
105,11104,AW00011104,Edgar,Sara,Australia,Married,Male,1975-03-08,2025-10-07
106,11105,AW00011105,Candace,Fernandez,Australia,Single,Female,1970-06-27,2025-10-07
107,11106,AW00011106,Jessie,Liu,Australia,Single,Male,1970-03-11,2025-10-07
108,11107,AW00011107,Bianca,Lin,Australia,Married,Female,1976-03-04,2025-10-07
109,11108,AW00011108,Kari,Alvarez,Australia,Single,Female,1969-01-10,2025-10-07
110,11109,AW00011109,Ruben,Kapoor,Australia,Single,Male,1980-04-30,2025-10-07
111,11110,AW00011110,Curtis,Yang,Australia,Married,Male,1967-12-04,2025-10-07
112,11111,AW00011111,Meredith,Gutierrez,Australia,Married,Female,1967-08-23,2025-10-07
113,11112,AW00011112,Crystal,Wang,Australia,Married,Female,1968-03-08,2025-10-07
114,11113,AW00011113,Micheal,Blanco,Australia,Married,Male,1973-02-17,2025-10-07
115,11114,AW00011114,Leslie,Moreno,Australia,Single,Female,1967-11-25,2025-10-07
116,11115,AW00011115,Alvin,Cai,Australia,Married,Male,1967-08-12,2025-10-07
117,11116,AW00011116,Clinton,Carlson,Australia,Married,Male,1979-04-02,2025-10-07
118,11117,AW00011117,April,Deng,Australia,Married,Female,1966-08-21,2025-10-07
119,11118,AW00011118,Alvin,Zeng,Australia,Single,Male,1962-12-31,2025-10-07
120,11119,AW00011119,Evan,James,Australia,Single,Male,1940-10-07,2025-10-07
121,11120,AW00011120,Beth,JimÔö£┬«nez,Australia,Single,Female,1942-02-06,2025-10-07
122,11121,AW00011121,Orlando,Suarez,Australia,Married,Male,1966-05-18,2025-10-07
123,11122,AW00011122,Byron,Vazquez,Australia,Married,Male,1965-09-30,2025-10-07
124,11123,AW00011123,Philip,Alvarez,Australia,Married,Male,1965-12-18,2025-10-07
125,11124,AW00011124,Ross,Jordan,Australia,Single,Male,1968-07-23,2025-10-07
126,11125,AW00011125,Dana,Navarro,Australia,Single,Female,1961-10-06,2025-10-07
127,11126,AW00011126,Shaun,Carson,Australia,Married,Male,1954-10-05,2025-10-07
128,11127,AW00011127,Jan,Edwards,United States,Married,Female,1981-04-19,2025-10-07
129,11128,AW00011128,Samantha,Long,United States,Married,Female,1981-06-03,2025-10-07
130,11129,AW00011129,Julia,Wright,United States,Single,Female,1981-02-01,2025-10-07
131,11130,AW00011130,Caroline,Russell,United States,Married,Female,1985-07-05,2025-10-07
132,11131,AW00011131,Amanda,Rivera,Canada,Married,Female,1985-09-09,2025-10-07
133,11132,AW00011132,Melissa,Richardson,Canada,Single,Female,1986-04-25,2025-10-07
134,11133,AW00011133,Angela,Griffin,United States,Single,Female,1986-03-08,2025-10-07
135,11134,AW00011134,Larry,Townsend,Australia,Single,Male,1957-02-22,2025-10-07
136,11135,AW00011135,Marcus,Harris,United States,Single,Male,1985-05-02,2025-10-07
137,11136,AW00011136,Brianna,Morgan,Canada,Single,Female,1984-04-24,2025-10-07
138,11137,AW00011137,Jasmine,Taylor,United States,Married,Female,1984-01-17,2025-10-07
139,11138,AW00011138,Lauren,Davis,United States,Married,Female,1984-03-14,2025-10-07
140,11139,AW00011139,Tanya,Moreno,Australia,Single,Female,1949-11-05,2025-10-07
141,11140,AW00011140,Javier,Alvarez,United States,Single,Male,1982-08-11,2025-10-07
142,11141,AW00011141,Nicole,Ramirez,United States,Married,Female,1982-12-19,2025-10-07
143,11142,AW00011142,Eduardo,Patterson,Canada,Single,Male,1983-02-11,2025-10-07
144,11143,AW00011143,Jonathan,Henderson,United States,Married,Male,1982-08-04,2025-10-07
145,11144,AW00011144,Edward,Hernandez,United States,Single,Male,1985-03-08,2025-10-07
146,11145,AW00011145,Jasmine,Coleman,United States,Single,Female,1985-06-06,2025-10-07
147,11146,AW00011146,Karla,Goel,Australia,Single,Female,1945-02-22,2025-10-07
148,11147,AW00011147,Ernest,Wu,Australia,Married,Male,1944-08-04,2025-10-07
149,11148,AW00011148,Ross,Vazquez,Australia,Married,Male,1947-02-13,2025-10-07
150,11149,AW00011149,Theodore,Gill,Australia,Married,Male,1946-10-18,2025-10-07
151,11150,AW00011150,Russell,Shen,Australia,Single,Male,1946-09-12,2025-10-07
152,11151,AW00011151,Melinda,Gill,Australia,Single,Female,1947-08-25,2025-10-07
153,11152,AW00011152,James,Williams,United States,Single,Male,1981-07-09,2025-10-07
154,11153,AW00011153,Angela,James,United States,Married,Female,1981-12-21,2025-10-07
155,11154,AW00011154,Megan,Walker,United States,Single,Female,1982-02-18,2025-10-07
156,11155,AW00011155,Hunter,Robinson,United States,Single,Male,1981-07-25,2025-10-07
157,11156,AW00011156,Maria,Roberts,United States,Single,Female,1981-08-06,2025-10-07
158,11157,AW00011157,Hannah,Long,United States,Married,Female,1980-12-08,2025-10-07
159,11158,AW00011158,Jason,Wright,United States,Single,Male,1981-04-06,2025-10-07
160,11159,AW00011159,Brianna,Hughes,United States,Single,Female,1981-03-16,2025-10-07
161,11160,AW00011160,Maurice,Tang,United States,Single,Male,1979-07-08,2025-10-07
162,11161,AW00011161,Emily,Wood,United States,Single,Female,1979-10-20,2025-10-07
163,11162,AW00011162,Chase,Cox,United States,Single,Male,1979-09-02,2025-10-07
164,11163,AW00011163,Gabriel,Wang,United States,Married,Male,1980-06-18,2025-10-07
165,11164,AW00011164,Devin,Brooks,United States,Single,Male,1979-11-02,2025-10-07
166,11165,AW00011165,Jocelyn,Alexander,United States,Married,Female,1979-01-15,2025-10-07
167,11166,AW00011166,Ashley,Martinez,United States,Single,Female,1977-10-22,2025-10-07
168,11167,AW00011167,Jasmine,Barnes,United States,Single,Female,1978-01-29,2025-10-07
169,11168,AW00011168,David,Rodriguez,United States,Single,Male,1973-11-12,2025-10-07
170,11169,AW00011169,Bryce,Richardson,United States,Married,Male,1973-12-20,2025-10-07
171,11170,AW00011170,Carol,Howard,United States,Married,Female,1973-08-04,2025-10-07
172,11171,AW00011171,Jonathan,Hill,United States,Single,Male,1978-10-05,2025-10-07
173,11172,AW00011172,Gabrielle,Adams,United States,Married,Female,1973-05-20,2025-10-07
174,11173,AW00011173,Sarah,Thomas,United States,Single,Female,1973-02-28,2025-10-07
175,11174,AW00011174,Nicholas,Robinson,United States,Married,Male,1973-01-09,2025-10-07
176,11175,AW00011175,Luis,Wang,United States,Single,Male,1968-09-01,2025-10-07
177,11176,AW00011176,Mason,Roberts,Canada,Married,Male,1979-01-21,2025-10-07
178,11177,AW00011177,Jose,Flores,United States,Married,Male,1948-01-01,2025-10-07
179,11178,AW00011178,Nathan,Johnson,United States,Married,Male,1954-08-20,2025-10-07
180,11179,AW00011179,Molly,Rodriguez,United States,Married,Female,1959-12-08,2025-10-07
181,11180,AW00011180,April,Anand,United States,Married,Female,1948-07-01,2025-10-07
182,11181,AW00011181,Devin,Martin,United States,Married,Male,1960-02-01,2025-10-07
183,11182,AW00011182,Stephanie,Torres,United States,Single,Female,1950-02-22,2025-10-07
184,11183,AW00011183,Jasmine,Lee,United States,Single,Female,1950-01-12,2025-10-07
185,11184,AW00011184,Meghan,Hernandez,United States,Single,Female,1955-11-13,2025-10-07
186,11185,AW00011185,Ashley,Henderson,Canada,Single,Female,1950-04-07,2025-10-07
187,11186,AW00011186,Sarah,Price,United States,Single,Female,1949-11-18,2025-10-07
188,11187,AW00011187,Jennifer,Cooper,United States,Married,Female,1949-08-21,2025-10-07
189,11188,AW00011188,Catherine,Morris,United States,Married,Female,1950-03-06,2025-10-07
190,11189,AW00011189,Lawrence,Blanco,United States,Single,Male,1950-01-12,2025-10-07
191,11190,AW00011190,Carson,Bryant,United States,Married,Male,1949-12-20,2025-10-07
192,11191,AW00011191,Kristi,Perez,United States,Single,Female,1951-06-17,2025-10-07
193,11192,AW00011192,James,Brown,United States,Married,Male,1951-03-13,2025-10-07
194,11193,AW00011193,Ian,Gray,United States,Married,Male,1950-08-13,2025-10-07
195,11194,AW00011194,Jacqueline,Price,United States,Married,Female,1950-12-08,2025-10-07
196,11195,AW00011195,Megan,Henderson,United States,Married,Female,1951-08-10,2025-10-07
197,11196,AW00011196,Alfredo,Romero,United States,Married,Male,1951-12-05,2025-10-07
198,11197,AW00011197,Andrea,Morris,United States,Married,Female,1951-12-16,2025-10-08
199,11198,AW00011198,Brooke,Sanders,United States,Single,Female,1952-05-25,2025-10-08
200,11199,AW00011199,Jacqueline,Bennett,United States,Married,Female,1957-11-02,2025-10-08
201,11200,AW00011200,Jason,Griffin,Canada,Married,Male,1953-05-21,2025-10-08
202,11201,AW00011201,Amanda,Foster,United States,Married,Female,1953-02-14,2025-10-08
203,11202,AW00011202,Alexia,Price,United States,Married,Female,1958-08-22,2025-10-08
204,11203,AW00011203,Luis,Diaz,Canada,Married,Male,1959-08-18,2025-10-08
205,11204,AW00011204,Destiny,Rivera,United States,Married,Female,1953-11-29,2025-10-08
206,11205,AW00011205,Abby,Fernandez,United States,Married,Female,1954-01-21,2025-10-08
207,11206,AW00011206,Blake,Flores,United States,Married,Male,1954-03-24,2025-10-08
208,11207,AW00011207,Danielle,Cox,United States,Single,Female,1954-01-16,2025-10-08
209,11208,AW00011208,Maria,Reed,United States,Married,Female,1953-08-03,2025-10-08
210,11209,AW00011209,Allison,Evans,United States,Married,Female,1953-07-12,2025-10-08
211,11210,AW00011210,Edward,Wood,United States,Married,Male,1953-12-06,2025-10-08
212,11211,AW00011211,Samantha,Russell,Canada,Married,Female,1960-10-08,2025-10-08
213,11212,AW00011212,Chloe,Campbell,Canada,Married,Female,1955-05-05,2025-10-08
214,11213,AW00011213,Stephanie,Murphy,United States,Single,Female,1954-11-11,2025-10-08
215,11214,AW00011214,Charles,Miller,United States,Single,Male,1955-05-07,2025-10-08
216,11215,AW00011215,Ana,Perry,Canada,Married,Female,1961-06-17,2025-10-08
217,11216,AW00011216,Jasmine,Torres,United States,Single,Female,1955-11-17,2025-10-08
218,11217,AW00011217,Natalie,Adams,United States,Single,Female,1955-08-11,2025-10-08
219,11218,AW00011218,Olivia,Brown,United States,Single,Female,1961-09-07,2025-10-08
220,11219,AW00011219,Charles,Cook,United States,Married,Male,1956-05-31,2025-10-08
221,11220,AW00011220,Erica,Huang,United States,Married,Female,1961-02-19,2025-10-08
222,11221,AW00011221,Nathan,Perry,United States,Married,Male,1955-12-08,2025-10-08
223,11222,AW00011222,Alexandra,Rivera,United States,Married,Female,1956-02-14,2025-10-08
224,11223,AW00011223,Hailey,Patterson,Canada,Single,Female,1957-03-15,2025-10-08
225,11224,AW00011224,Tiffany,Li,United States,Single,Female,1957-03-05,2025-10-08
226,11225,AW00011225,Madison,Lee,United States,Married,Female,1962-02-12,2025-10-08
227,11226,AW00011226,Sydney,Ross,United States,Married,Female,1962-09-23,2025-10-08
228,11227,AW00011227,Marshall,Chavez,United States,Single,Male,1962-08-08,2025-10-08
229,11228,AW00011228,Ashley,Jones,United States,Married,Female,1956-10-16,2025-10-08
230,11229,AW00011229,Adrian,Stewart,United States,Single,Male,1957-06-01,2025-10-08
231,11230,AW00011230,Amber,Turner,United States,Married,Female,1956-09-30,2025-10-08
232,11231,AW00011231,Dennis,Zhang,United States,Married,Male,1963-11-11,2025-10-08
233,11232,AW00011232,Hailey,Bryant,United States,Married,Female,1958-03-27,2025-10-08
234,11233,AW00011233,Todd,Li,United States,Married,Male,1963-09-06,2025-10-08
235,11234,AW00011234,Anna,Griffin,United States,Single,Female,1958-05-19,2025-10-08
236,11235,AW00011235,Angel,Stewart,United States,Married,Male,1957-08-07,2025-10-08
237,11236,AW00011236,Jeremy,Butler,United States,Single,Male,1957-09-02,2025-10-08
238,11237,AW00011237,Clarence,Anand,Germany,Single,Male,1964-03-22,2025-10-08
239,11238,AW00011238,Mayra,Prasad,United Kingdom,Single,Female,1964-02-07,2025-10-08
240,11239,AW00011239,Latoya,Goel,United Kingdom,Married,Female,1969-10-02,2025-10-08
241,11240,AW00011240,Anne,Hernandez,United Kingdom,Married,Female,1964-06-09,2025-10-08
242,11241,AW00011241,Lisa,Cai,France,Single,Female,1974-04-06,2025-10-08
243,11242,AW00011242,Larry,Munoz,France,Married,Male,1963-05-11,2025-10-08
244,11243,AW00011243,Robin,Alvarez,United Kingdom,Married,Female,1963-04-08,2025-10-08
245,11244,AW00011244,Alexis,Coleman,United Kingdom,Single,Female,1968-11-22,2025-10-08
246,11245,AW00011245,Ricky,Vazquez,Germany,Married,Male,1962-04-26,2025-10-08
247,11246,AW00011246,Latasha,Rubio,Germany,Married,Female,1962-04-08,2025-10-08
248,11247,AW00011247,Claudia,Zhou,United Kingdom,Single,Female,1961-12-04,2025-10-08
249,11248,AW00011248,Tristan,Alexander,France,Married,Male,1966-03-22,2025-10-08
250,11249,AW00011249,Cindy,Patel,Germany,Married,Female,1966-07-09,2025-10-08
251,11250,AW00011250,Shannon,Liu,United Kingdom,Married,Female,1966-03-08,2025-10-08
252,11251,AW00011251,Xavier,Long,Canada,Single,Male,1938-01-01,2025-10-08
253,11252,AW00011252,Nicholas,Thompson,United States,Single,Male,1937-12-05,2025-10-08
254,11253,AW00011253,JosÔö£┬«,Hernandez,Canada,Married,Male,1949-08-24,2025-10-08
255,11254,AW00011254,Johnathan,Vance,United States,Married,Male,1938-08-31,2025-10-08
256,11255,AW00011255,Colin,Lin,United States,Married,Male,1938-10-02,2025-10-08
257,11256,AW00011256,Katelyn,Hernandez,United States,Married,Female,1939-03-20,2025-10-08
258,11257,AW00011257,Jacqueline,Powell,United States,Single,Female,NULL,2025-10-08
259,11258,AW00011258,Xavier,Hill,United States,Married,Male,1938-12-26,2025-10-08
260,11259,AW00011259,Victoria,Stewart,United States,Married,Female,1970-09-24,2025-10-08
261,11260,AW00011260,Katelyn,Kelly,United States,Married,Female,1976-04-08,2025-10-08
262,11261,AW00011261,Stephanie,Collins,United States,Married,Female,1970-10-22,2025-10-08
263,11262,AW00011262,Jennifer,Simmons,Canada,Married,Female,1975-05-01,2025-10-08
264,11263,AW00011263,Trinity,Richardson,United States,Married,Female,1970-03-11,2025-10-08
265,11264,AW00011264,Eduardo,Martin,United States,Single,Male,1969-12-15,2025-10-08
266,11265,AW00011265,Elizabeth,Jones,United States,Married,Female,1970-01-10,2025-10-08
267,11266,AW00011266,Taylor,Howard,United States,Single,Female,1969-11-02,2025-10-08
268,11267,AW00011267,David,Diaz,United States,Single,Male,1975-09-29,2025-10-08
269,11268,AW00011268,Katelyn,Carter,United States,Married,Female,1969-10-31,2025-10-08
270,11269,AW00011269,Ryan,Foster,United States,Married,Male,1975-10-10,2025-10-08
271,11270,AW00011270,Robert,Lee,United States,Married,Male,1975-05-01,2025-10-08
272,11271,AW00011271,Danielle,Reed,United States,Single,Female,1969-12-03,2025-10-08
273,11272,AW00011272,Lauren,Martinez,United States,Single,Female,1962-05-10,2025-10-08
274,11273,AW00011273,Nathan,Lal,United States,Married,Male,1962-03-31,2025-10-08
275,11274,AW00011274,Kyle,Foster,United States,Married,Male,1939-10-10,2025-10-08
276,11275,AW00011275,Jenny,Rai,United States,Married,Female,1939-07-18,2025-10-08
277,11276,AW00011276,Nancy,Chapman,Canada,Married,Female,1974-09-15,2025-10-08
278,11277,AW00011277,Charles,Jackson,Canada,Married,Male,1968-12-07,2025-10-08
279,11278,AW00011278,Jonathan,Phillips,United States,Single,Male,1969-02-16,2025-10-08
280,11279,AW00011279,Amanda,Cook,United States,Married,Female,1974-09-08,2025-10-08
281,11280,AW00011280,Robert,Collins,United States,Married,Male,1969-02-17,2025-10-08
282,11281,AW00011281,Megan,Barnes,United States,Single,Female,1974-10-06,2025-10-08
283,11282,AW00011282,Christian,Thomas,United States,Married,Male,1967-07-16,2025-10-08
284,11283,AW00011283,Arturo,Lal,United States,Married,Male,1968-04-24,2025-10-08
285,11284,AW00011284,Theresa,Serrano,United States,Married,Female,1967-09-24,2025-10-08
286,11285,AW00011285,Jeremy,Anderson,United States,Married,Male,1973-03-15,2025-10-08
287,11286,AW00011286,Hunter,Griffin,United States,Married,Male,1967-08-31,2025-10-08
288,11287,AW00011287,Henry,Garcia,Canada,Married,Male,1966-07-16,2025-10-08
289,11288,AW00011288,Cindy,Sanchez,United States,Married,Female,1978-03-12,2025-10-08
290,11289,AW00011289,Maria,Carter,United States,Married,Female,1972-03-03,2025-10-08
291,11290,AW00011290,Katelyn,Sanchez,United States,Married,Female,1972-08-14,2025-10-08
292,11291,AW00011291,Jenna,Wright,United States,Married,Female,1972-05-01,2025-10-08
293,11292,AW00011292,Seth,Phillips,United States,Single,Male,1967-05-05,2025-10-08
294,11293,AW00011293,Luke,Long,United States,Single,Male,1960-11-23,2025-10-08
295,11294,AW00011294,Dalton,Clark,United States,Married,Male,1961-03-02,2025-10-08
296,11295,AW00011295,Taylor,Lewis,United States,Single,Female,1959-11-13,2025-10-08
297,11296,AW00011296,Haley,Richardson,United States,Single,Female,1941-04-05,2025-10-08
298,11297,AW00011297,Noah,Coleman,United States,Single,Male,1940-08-01,2025-10-08
299,11298,AW00011298,Jon,Luo,United States,Married,Male,1940-08-30,2025-10-08
300,11299,AW00011299,Orlando,Vazquez,United States,Married,Male,1941-09-29,2025-10-08
301,11300,AW00011300,Fernando,Barnes,Canada,Married,Male,1965-08-31,2025-10-08
302,11301,AW00011301,Cameron,Rodriguez,United States,Married,Male,1965-12-07,2025-10-08
303,11302,AW00011302,Spencer,Russell,United States,Single,Male,1971-12-09,2025-10-08
304,11303,AW00011303,Julia,Coleman,United States,Single,Female,1966-04-10,2025-10-08
305,11304,AW00011304,Julia,Garcia,United States,Married,Female,1971-03-14,2025-10-08
306,11305,AW00011305,Sean,Evans,United States,Married,Male,1965-12-17,2025-10-08
307,11306,AW00011306,Micah,Zhou,United States,Married,Male,1965-12-20,2025-10-08
308,11307,AW00011307,Hunter,Rodriguez,United States,Married,Male,1965-10-31,2025-10-08
309,11308,AW00011308,Ian,Gonzales,United States,Married,Male,1959-09-02,2025-10-08
310,11309,AW00011309,Victoria,Lewis,United States,Single,Female,1959-12-10,2025-10-08
311,11310,AW00011310,Erin,Sanders,United States,Single,Female,1964-07-05,2025-10-08
312,11311,AW00011311,Gabrielle,Lopez,United States,Single,Female,1959-02-21,2025-10-08
313,11312,AW00011312,Sara,Richardson,United States,Single,Female,1958-10-01,2025-10-08
314,11313,AW00011313,Trevor,Jenkins,United States,Single,Male,1958-08-27,2025-10-08
315,11314,AW00011314,Mya,Flores,United States,Single,Female,1970-06-16,2025-10-08
316,11315,AW00011315,Hailey,Ward,United States,Single,Female,1959-03-31,2025-10-08
317,11316,AW00011316,Luke,Allen,Canada,Married,Male,1959-05-17,2025-10-08
318,11317,AW00011317,Victoria,Russell,United States,Single,Female,1963-09-14,2025-10-08
319,11318,AW00011318,Jessica,Wilson,United States,Single,Female,1958-04-25,2025-10-08
320,11319,AW00011319,Jade,Bailey,United States,Married,Female,1948-04-23,2025-10-08
321,11320,AW00011320,Morgan,Hill,United States,Married,Female,1942-12-24,2025-10-08
322,11321,AW00011321,Terrance,Raman,United States,Married,Male,1944-01-05,2025-10-08
323,11322,AW00011322,Sydney,Garcia,United States,Married,Female,1943-09-12,2025-10-08
324,11323,AW00011323,Jose,Patterson,United States,Single,Male,1943-12-18,2025-10-08
325,11324,AW00011324,Zachary,Anderson,United States,Married,Male,1944-11-10,2025-10-08
326,11325,AW00011325,Elijah,Ross,United States,Single,Male,1944-12-29,2025-10-08
327,11326,AW00011326,Rafael,Xie,United States,Married,Male,1944-12-23,2025-10-08
328,11327,AW00011327,Jaime,Moreno,United States,Married,Male,1945-09-01,2025-10-08
329,11328,AW00011328,Julian,Griffin,Canada,Married,Male,1945-06-30,2025-10-08
330,11329,AW00011329,Andy,Alvarez,United States,Single,Male,1946-01-22,2025-10-08
331,11330,AW00011330,Ryan,Thompson,Canada,Married,Male,1945-11-10,2025-10-08
332,11331,AW00011331,Samantha,Jenkins,Canada,Married,Female,1974-01-03,2025-10-08
333,11332,AW00011332,Deanna,Ramos,Germany,Single,Female,1968-04-02,2025-10-08
334,11333,AW00011333,Emily,Miller,United Kingdom,Married,Female,1968-01-07,2025-10-08
335,11334,AW00011334,Nicole,Brown,United Kingdom,Married,Female,1966-09-19,2025-10-08
336,11335,AW00011335,Carla,Raman,Germany,Married,Female,1977-12-18,2025-10-08
337,11336,AW00011336,Shaun,Raji,France,Married,Male,1973-03-08,2025-10-08
338,11337,AW00011337,Jerome,Romero,United Kingdom,Married,Male,1967-03-21,2025-10-08
339,11338,AW00011338,Frank,Navarro,Germany,Married,Male,1972-08-06,2025-10-08
340,11339,AW00011339,Dennis,She,France,Single,Male,1967-01-05,2025-10-08
341,11340,AW00011340,Melody,Munoz,France,Married,Female,1947-04-03,2025-10-08
342,11341,AW00011341,Randy,Zeng,United Kingdom,Married,Male,1942-02-18,2025-10-08
343,11342,AW00011342,Marshall,Wang,France,Married,Male,1973-03-07,2025-10-08
344,11343,AW00011343,Arthur,Carlson,United Kingdom,Married,Male,1975-03-09,2025-10-08
345,11344,AW00011344,Jessie,Jimenez,United Kingdom,Married,Female,1963-01-21,2025-10-08
346,11345,AW00011345,Robin,Ramos,France,Single,Female,1962-09-09,2025-10-08
347,11346,AW00011346,Deanna,Gutierrez,France,Single,Female,1966-05-18,2025-10-08
348,11347,AW00011347,Roy,Navarro,Germany,Married,Male,1972-06-17,2025-10-08
349,11348,AW00011348,Shawn,Rai,Germany,Married,Male,1961-03-21,2025-10-08
350,11349,AW00011349,Mindy,Luo,Germany,Married,Female,1965-08-30,2025-10-08
351,11350,AW00011350,Cara,Zhou,United Kingdom,Married,Female,1942-07-14,2025-10-08
352,11351,AW00011351,Anne,Ramos,United Kingdom,Single,Female,1950-04-02,2025-10-08
353,11352,AW00011352,Raymond,Rodriguez,France,Married,Male,1945-09-04,2025-10-08
354,11353,AW00011353,Carrie,Ortega,United Kingdom,Single,Female,1946-12-09,2025-10-08
355,11354,AW00011354,Deanna,Suarez,Germany,Married,Female,1947-08-23,2025-10-08
356,11355,AW00011355,Roberto,Gutierrez,United Kingdom,Married,Male,1948-06-26,2025-10-08
357,11356,AW00011356,Terrence,Carson,Australia,Single,Male,1985-11-24,2025-10-08
358,11357,AW00011357,Ramon,Ye,Australia,Single,Male,1984-09-19,2025-10-08
359,11358,AW00011358,Cynthia,Malhotra,Australia,Single,Female,1984-05-10,2025-10-08
360,11359,AW00011359,Jarrod,Prasad,Australia,Single,Male,1984-03-03,2025-10-08
361,11360,AW00011360,Tyrone,Serrano,Australia,Single,Male,1984-01-30,2025-10-08
362,11361,AW00011361,Cindy,Ramos,Australia,Married,Female,1982-10-26,2025-10-08
363,11362,AW00011362,Damien,Shan,Australia,Married,Male,1983-05-11,2025-10-08
364,11363,AW00011363,Julian,Ross,Australia,Single,Male,1983-04-19,2025-10-08
365,11364,AW00011364,Jennifer,Collins,Australia,Single,Female,1985-03-22,2025-10-08
366,11365,AW00011365,Brittney,Sun,Australia,Single,Female,1984-12-06,2025-10-08
367,11366,AW00011366,Virginia,Patel,Australia,Married,Female,1985-04-23,2025-10-08
368,11367,AW00011367,Calvin,Nara,Australia,Married,Male,1984-08-21,2025-10-08
369,11368,AW00011368,Edward,Miller,Australia,Single,Male,1984-05-24,2025-10-08
370,11369,AW00011369,Ashlee,Tang,Australia,Married,Female,1984-02-01,2025-10-08
371,11370,AW00011370,Alicia,Xu,Australia,Married,Female,1983-09-29,2025-10-08
372,11371,AW00011371,Lacey,Jai,Australia,Married,Female,1983-11-24,2025-10-08
373,11372,AW00011372,Wendy,Romero,Australia,Single,Female,1983-11-12,2025-10-08
374,11373,AW00011373,Carly,Luo,Germany,Married,Female,1954-09-16,2025-10-08
375,11374,AW00011374,Jimmy,Ortega,Germany,Single,Male,1948-12-25,2025-10-08
376,11375,AW00011375,Francisco,Martinez,United Kingdom,Married,Male,1948-11-05,2025-10-08
377,11376,AW00011376,Lance,Vazquez,United Kingdom,Single,Male,1948-12-07,2025-10-08
378,11377,AW00011377,David,Robinett,Germany,Married,Male,1966-08-23,2025-10-08
379,11378,AW00011378,Shannon,Liang,France,Single,Female,1965-11-19,2025-10-08
380,11379,AW00011379,Gary,Vazquez,France,Married,Male,1976-05-13,2025-10-08
381,11380,AW00011380,Mitchell,Kumar,Germany,Single,Male,1964-08-29,2025-10-08
382,11381,AW00011381,Meredith,Raman,United Kingdom,Married,Female,1970-08-18,2025-10-08
383,11382,AW00011382,Edward,Patterson,France,Married,Male,1974-07-15,2025-10-08
384,11383,AW00011383,Marie,Gill,France,Married,Female,1966-02-25,2025-10-08
385,11384,AW00011384,Tiffany,Wang,France,Married,Female,1971-10-13,2025-10-08
386,11385,AW00011385,Miguel,Allen,United Kingdom,Single,Male,1971-08-08,2025-10-08
387,11386,AW00011386,Jaclyn,Cai,Germany,Married,Female,1971-11-02,2025-10-08
388,11387,AW00011387,Megan,Ramirez,United Kingdom,Single,Female,1964-11-29,2025-10-08
389,11388,AW00011388,Joseph,Martin,United Kingdom,Married,Male,1965-01-20,2025-10-08
390,11389,AW00011389,Karl,Shan,Germany,Single,Male,1981-04-20,2025-10-08
391,11390,AW00011390,Christine,Raji,France,Single,Female,1976-04-17,2025-10-08
392,11391,AW00011391,Lindsay,Xie,Germany,Single,Female,1976-06-25,2025-10-08
393,11392,AW00011392,Willie,Zhao,Germany,Single,Male,1981-02-03,2025-10-08
394,11393,AW00011393,Kurt,Pal,France,Single,Male,1974-07-17,2025-10-08
395,11394,AW00011394,George,McDonald,United Kingdom,Single,Male,1975-04-22,2025-10-08
396,11395,AW00011395,Beth,Gutierrez,Germany,Single,Female,1976-04-16,2025-10-08
397,11396,AW00011396,Ian,Lopez,Germany,Married,Male,1975-04-04,2025-10-08
398,11397,AW00011397,Latoya,Shan,France,Single,Female,1974-12-02,2025-10-08
399,11398,AW00011398,Colin,Nath,United Kingdom,Single,Male,1975-03-09,2025-10-08
400,11399,AW00011399,Brenda,Mehta,France,Single,Female,1975-02-01,2025-10-08
401,11400,AW00011400,Franklin,Raji,United Kingdom,Single,Male,1980-04-15,2025-10-08
402,11401,AW00011401,Linda,Navarro,France,Married,Female,1975-02-23,2025-10-08
403,11402,AW00011402,Kelli,Cai,France,Married,Female,1975-05-20,2025-10-08
404,11403,AW00011403,Nancy,Schmidt,France,Single,Female,1980-01-06,2025-10-08
405,11404,AW00011404,Megan,Taylor,Germany,Single,Female,1957-06-30,2025-10-08
406,11405,AW00011405,Bonnie,Goel,Germany,Single,Female,1957-08-16,2025-10-08
407,11406,AW00011406,Latoya,Xu,France,Married,Female,1957-12-31,2025-10-08
408,11407,AW00011407,Mario,She,Germany,Married,Male,1957-09-30,2025-10-08
409,11408,AW00011408,Darren,Gill,United Kingdom,Married,Male,1964-05-10,2025-10-08
410,11409,AW00011409,Jacqueline,Hayes,France,Single,Female,1979-03-02,2025-10-08
411,11410,AW00011410,Maurice,Goel,France,Married,Male,NULL,2025-10-08
412,11411,AW00011411,Devin,Ross,Germany,Married,Male,1959-08-12,2025-10-08
413,11412,AW00011412,Sydney,Bryant,Germany,Single,Female,1959-10-07,2025-10-08
414,11413,AW00011413,Megan,Stewart,United Kingdom,Married,Female,1959-10-13,2025-10-08
415,11414,AW00011414,Ian,Richardson,United Kingdom,Single,Male,1959-09-15,2025-10-08
416,11415,AW00011415,Randy,She,Germany,Single,Male,1949-12-03,2025-10-08
417,11416,AW00011416,Katrina,Becker,France,Married,Female,1950-09-16,2025-10-08
418,11417,AW00011417,Lacey,Zheng,France,Married,Female,1950-08-26,2025-10-08
419,11418,AW00011418,Rafael,Hu,Germany,Single,Male,1950-08-09,2025-10-08
420,11419,AW00011419,Kyle,Scott,United Kingdom,Married,Male,1950-08-18,2025-10-08
421,11420,AW00011420,Jordan,Turner,France,Married,Male,1952-01-09,2025-10-08
422,11421,AW00011421,Amy,Sun,Germany,Married,Female,1952-01-16,2025-10-08
423,11422,AW00011422,Dustin,Deng,United Kingdom,Married,Male,1952-02-29,2025-10-08
424,11423,AW00011423,Jasmine,Stewart,Germany,Married,Female,1960-05-04,2025-10-08
425,11424,AW00011424,Pamela,Garcia,Germany,Married,Female,1964-12-03,2025-10-08
426,11425,AW00011425,Ariana,Gray,France,Married,Female,1965-08-02,2025-10-08
427,11426,AW00011426,Kristopher,Mehta,Germany,Married,Male,1959-04-01,2025-10-08
428,11427,AW00011427,Desiree,Dominguez,Germany,Married,Female,1959-06-17,2025-10-08
429,11428,AW00011428,Deanna,Perez,Germany,Single,Female,1959-02-19,2025-10-08
430,11429,AW00011429,Marco,Lopez,France,Married,Male,1958-01-13,2025-10-08
431,11430,AW00011430,Casey,Yuan,Germany,Married,Female,1957-09-21,2025-10-08
432,11431,AW00011431,Bryant,Garcia,Germany,Married,Male,1974-10-20,2025-10-08
433,11432,AW00011432,Dominique,Prasad,France,Married,Female,1957-03-10,2025-10-08
434,11433,AW00011433,Maurice,Shan,France,Married,Male,1957-03-01,2025-10-08
435,11434,AW00011434,Andre,Lopez,United Kingdom,Married,Male,1962-05-02,2025-10-08
436,11435,AW00011435,Robin,Romero,Germany,Single,Female,1955-09-03,2025-10-08
437,11436,AW00011436,Taylor,Cox,United Kingdom,Married,Female,1956-03-17,2025-10-08
438,11437,AW00011437,Alfredo,Moreno,France,Married,Male,1955-06-16,2025-10-08
439,11438,AW00011438,Jenny,Nara,Germany,Married,Female,1955-04-13,2025-10-08
440,11439,AW00011439,Janet,Munoz,France,Married,Female,1953-11-14,2025-10-08
441,11440,AW00011440,Sergio,Weber,France,Married,Male,1953-03-26,2025-10-08
442,11441,AW00011441,Erika,Gomez,France,Married,Female,1952-12-09,2025-10-08
443,11442,AW00011442,Joseph,Harris,France,Married,Male,1953-05-13,2025-10-08
444,11443,AW00011443,Grace,Griffin,Australia,Single,Female,1981-11-19,2025-10-08
445,11444,AW00011444,Tina,Mehta,Australia,Married,Female,1981-10-26,2025-10-08
446,11445,AW00011445,Kari,Kim,Australia,Single,Female,1980-01-18,2025-10-08
447,11446,AW00011446,Bethany,Chander,Australia,Single,Female,1980-02-09,2025-10-08
448,11447,AW00011447,Jennifer,Roberts,Australia,Married,Female,1980-02-13,2025-10-08
449,11448,AW00011448,Kyle,Patterson,Australia,Single,Male,1980-10-25,2025-10-08
450,11449,AW00011449,Alvin,Hu,Australia,Married,Male,1980-08-01,2025-10-08
451,11450,AW00011450,Brett,Mehta,Australia,Single,Male,1981-05-11,2025-10-08
452,11451,AW00011451,Ruben,MuÔö£ÔûÆoz,Australia,Single,Male,1980-05-08,2025-10-08
453,11452,AW00011452,Erika,Rubio,Australia,Single,Female,1979-05-05,2025-10-08
454,11453,AW00011453,Stanley,Malhotra,Australia,Single,Male,1984-08-17,2025-10-08
455,11454,AW00011454,Melinda,Navarro,Australia,Single,Female,1979-10-20,2025-10-08
456,11455,AW00011455,Ross,Sanz,Australia,Married,Male,1979-10-19,2025-10-08
457,11456,AW00011456,Jon,Gao,Australia,Married,Male,1980-01-05,2025-10-08
458,11457,AW00011457,Jaime,Gutierrez,Australia,Married,Female,1978-11-18,2025-10-08
459,11458,AW00011458,Bianca,Liu,Australia,Married,Female,1978-10-03,2025-10-08
460,11459,AW00011459,Tasha,Deng,Australia,Single,Female,1978-04-12,2025-10-08
461,11460,AW00011460,Melvin,Chande,Australia,Single,Male,1983-10-04,2025-10-08
462,11461,AW00011461,Victor,Jimenez,Australia,Single,Male,1977-09-22,2025-10-08
463,11462,AW00011462,Laura,Lin,Australia,Married,Female,1977-07-18,2025-10-08
464,11463,AW00011463,Alisha,Beck,Australia,Married,Female,1977-09-09,2025-10-08
465,11464,AW00011464,Alejandro,Huang,Australia,Married,Male,1977-05-15,2025-10-08
466,11465,AW00011465,Louis,Luo,Australia,Married,Male,1976-08-18,2025-10-08
467,11466,AW00011466,Grant,Tang,Australia,Married,Male,1977-01-30,2025-10-08
468,11467,AW00011467,Arturo,Zheng,Australia,Married,Male,1975-04-06,2025-10-08
469,11468,AW00011468,Jaclyn,Andersen,United Kingdom,Married,Female,1980-12-15,2025-10-08
470,11469,AW00011469,Edwin,Raji,United Kingdom,Single,Male,1978-10-14,2025-10-08
471,11470,AW00011470,Jay,Suarez,Germany,Single,Male,1979-03-25,2025-10-08
472,11471,AW00011471,Latasha,Suarez,France,Single,Female,1979-03-25,2025-10-08
473,11472,AW00011472,Kenneth,Kumar,Australia,Single,Male,1968-09-30,2025-10-08
474,11473,AW00011473,Grace,Henderson,France,Single,Female,1986-01-30,2025-10-08
475,11474,AW00011474,Melvin,Xu,United Kingdom,Single,Male,1985-08-21,2025-10-08
476,11475,AW00011475,Cesar,Subram,United Kingdom,Single,Male,1984-04-07,2025-10-08
477,11476,AW00011476,Erika,Navarro,United Kingdom,Married,Female,1980-05-16,2025-10-08
478,11477,AW00011477,Tristan,Hughes,Germany,Single,Male,1984-06-21,2025-10-08
479,11478,AW00011478,Billy,Hernandez,France,Single,Male,1984-02-22,2025-10-08
480,11479,AW00011479,Darryl,Wu,France,Married,Male,1978-10-20,2025-10-08
481,11480,AW00011480,Colleen,Ma,France,Married,Female,1984-03-07,2025-10-08
482,11481,AW00011481,Erica,Hu,Germany,Married,Female,1978-11-20,2025-10-08
483,11482,AW00011482,Adrienne,Torres,United Kingdom,Single,Female,1978-01-16,2025-10-08
484,11483,AW00011483,Calvin,Chande,France,Married,Male,1983-05-19,2025-10-08
485,11484,AW00011484,Erick,Sai,Germany,Single,Male,1983-03-03,2025-10-08
486,11485,AW00011485,Donald,Chandra,United Kingdom,Married,Male,1978-02-04,2025-10-08
487,11486,AW00011486,Ariana,Rogers,Germany,Single,Female,1982-05-21,2025-10-08
488,11487,AW00011487,Morgan,Jones,France,Single,Female,1977-01-05,2025-10-08
489,11488,AW00011488,Jermaine,Lopez,United Kingdom,Single,Male,1977-03-20,2025-10-08
490,11489,AW00011489,Deborah,Goel,United Kingdom,Single,Female,1976-09-03,2025-10-08
491,11490,AW00011490,Danny,Rubio,France,Single,Male,1976-07-05,2025-10-08
492,11491,AW00011491,Andre,Perez,United Kingdom,Married,Male,1982-04-02,2025-10-08
493,11492,AW00011492,Terrence,Chander,Germany,Single,Male,1982-11-15,2025-10-08
494,11493,AW00011493,Dawn,Wu,United Kingdom,Single,Female,1976-05-31,2025-10-08
495,11494,AW00011494,Jimmy,Gutierrez,United Kingdom,Single,Male,1976-01-25,2025-10-08
496,11495,AW00011495,Francis,Jimenez,Germany,Single,Male,1977-03-03,2025-10-08
497,11496,AW00011496,Gary,Ortega,United Kingdom,Single,Male,1976-04-15,2025-10-08
498,11497,AW00011497,Katrina,Nath,United Kingdom,Single,Female,1981-11-22,2025-10-08
499,11498,AW00011498,Arturo,Sun,Canada,Single,Male,1979-07-15,2025-10-08
500,11499,AW00011499,Pedro,Vance,United States,Single,Male,1980-05-13,2025-10-08
501,11500,AW00011500,Sarah,Simmons,Canada,Single,Female,1980-03-17,2025-10-08
502,11501,AW00011501,Brandy,Chandra,Canada,Single,Female,1981-01-03,2025-10-08
503,11502,AW00011502,Jared,Peterson,Canada,Single,Male,1980-09-03,2025-10-08
504,11503,AW00011503,Dennis,Wu,United States,Married,Male,1936-04-11,2025-10-08
505,11504,AW00011504,Jordan,Baker,United States,Married,Female,1936-10-17,2025-10-08
506,11505,AW00011505,Jasmine,Powell,Canada,Single,Female,1972-01-04,2025-10-08
507,11506,AW00011506,Nicholas,Brown,Canada,Single,Male,1971-11-14,2025-10-08
508,11507,AW00011507,Isabella,Russell,Canada,Single,Female,1972-05-19,2025-10-08
509,11508,AW00011508,Elizabeth,Wilson,United States,Single,Female,1972-01-04,2025-10-08
510,11509,AW00011509,Roger,Harui,United States,Married,Female,1964-07-22,2025-10-08
511,11510,AW00011510,Seth,Roberts,Canada,Married,Male,1959-01-10,2025-10-08
512,11511,AW00011511,Caleb,Perry,United States,Married,Male,1964-06-10,2025-10-08
513,11512,AW00011512,Natalie,Campbell,Canada,Single,Female,1976-08-05,2025-10-08
514,11513,AW00011513,Alyssa,Howard,Canada,Single,Female,1965-09-23,2025-10-08
515,11514,AW00011514,Dalton,Diaz,United States,Married,Male,1965-04-16,2025-10-08
516,11515,AW00011515,Shannon,Huang,United States,Married,Female,1959-08-25,2025-10-08
517,11516,AW00011516,Mya,Gonzales,United States,Married,Female,1976-10-13,2025-10-08
518,11517,AW00011517,Katherine,Bryant,United States,Married,Female,1959-12-18,2025-10-08
519,11518,AW00011518,Edward,Washington,United States,Married,Male,1960-11-06,2025-10-08
520,11519,AW00011519,Jerome,Navarro,Canada,Married,Male,1960-09-13,2025-10-08
521,11520,AW00011520,Jada,Morgan,Canada,Married,Female,1960-10-08,2025-10-08
522,11521,AW00011521,Ariana,Peterson,United States,Married,Female,1977-12-01,2025-10-08
523,11522,AW00011522,Christian,Hughes,United States,Married,Male,1972-06-17,2025-10-08
524,11523,AW00011523,Lucas,Taylor,Canada,Married,Male,1962-02-07,2025-10-08
525,11524,AW00011524,Alyssa,Jackson,United States,Married,Female,1961-07-22,2025-10-08
526,11525,AW00011525,Ariana,Cook,United States,Married,Female,1961-07-08,2025-10-08
527,11526,AW00011526,Katherine,Diaz,Canada,Married,Female,1973-01-30,2025-10-08
528,11527,AW00011527,Jenna,Green,United States,Married,Female,1961-12-02,2025-10-08
529,11528,AW00011528,Joan,Washington,United States,Married,Female,1968-08-15,2025-10-08
530,11529,AW00011529,Austin,Bryant,United States,Married,Male,1963-05-16,2025-10-08
531,11530,AW00011530,Andrew,Martinez,Canada,Married,Male,1963-01-23,2025-10-08
532,11531,AW00011531,Nina,Yuan,United States,Married,Female,1962-07-07,2025-10-08
533,11532,AW00011532,Lauren,Miller,United States,Married,Female,1962-08-26,2025-10-08
534,11533,AW00011533,Ebony,Gill,United States,Married,Female,1968-07-17,2025-10-08
535,11534,AW00011534,Cameron,Lewis,United States,Single,Male,1964-05-12,2025-10-08
536,11535,AW00011535,Devin,Nelson,United States,Married,Male,1963-12-31,2025-10-08
537,11536,AW00011536,Logan,Chow,United States,Married,Male,1969-04-13,2025-10-08
538,11537,AW00011537,Dakota,Ross,United States,Married,Male,1963-09-21,2025-10-08
539,11538,AW00011538,Nicole,Taylor,United States,Single,Female,1965-02-24,2025-10-08
540,11539,AW00011539,Justin,Washington,United States,Married,Male,1970-08-18,2025-10-08
541,11540,AW00011540,Alberto,Navarro,United States,Single,Male,1970-01-24,2025-10-08
542,11541,AW00011541,Aidan,Ross,United States,Single,Male,1964-10-09,2025-10-08
543,11542,AW00011542,Alejandro,Tang,United Kingdom,Single,Male,1979-09-07,2025-10-08
544,11543,AW00011543,Sheena,Chande,France,Married,Female,1973-08-16,2025-10-08
545,11544,AW00011544,Joel,Garcia,Germany,Married,Male,1979-05-04,2025-10-08
546,11545,AW00011545,Reginald,Dominguez,France,Married,Male,1973-09-22,2025-10-08
547,11546,AW00011546,Christine,Chande,France,Married,Female,1973-09-11,2025-10-08
548,11547,AW00011547,Cindy,Sai,France,Married,Female,1979-03-05,2025-10-08
549,11548,AW00011548,Raymond,Sanchez,United Kingdom,Single,Male,1974-04-11,2025-10-08
550,11549,AW00011549,Crystal,Liang,United Kingdom,Married,Female,1979-09-03,2025-10-08
551,11550,AW00011550,Deb,Torres,United Kingdom,Single,Female,1979-08-05,2025-10-08
552,11551,AW00011551,Shannon,Alvarez,France,Single,Male,NULL,2025-10-08
553,11552,AW00011552,Eddie,Rubio,Germany,Single,Male,1972-11-23,2025-10-08
554,11553,AW00011553,Sharon,Luo,United Kingdom,Married,Female,1973-03-08,2025-10-08
555,11554,AW00011554,Sydney,Simmons,France,Single,Female,1932-03-27,2025-10-08
556,11555,AW00011555,Alexandria,Henderson,United Kingdom,Married,Female,1937-07-04,2025-10-08
557,11556,AW00011556,Lucas,Evans,United Kingdom,Married,Male,1972-11-10,2025-10-08
558,11557,AW00011557,Felicia,Ramos,United Kingdom,Single,Female,1972-07-14,2025-10-08
559,11558,AW00011558,Ivan,Malhotra,United Kingdom,Single,Male,1973-02-18,2025-10-08
560,11559,AW00011559,Frederick,Subram,Germany,Single,Male,1978-12-12,2025-10-08
561,11560,AW00011560,Whitney,Srini,United Kingdom,Single,Female,1978-08-09,2025-10-08
562,11561,AW00011561,Briana,Dominguez,Germany,Single,Female,1972-01-21,2025-10-08
563,11562,AW00011562,Jarrod,Gonzalez,Germany,Married,Male,NULL,2025-10-08
564,11563,AW00011563,Cesar,Srini,United Kingdom,Single,Male,1971-08-01,2025-10-08
565,11564,AW00011564,Jorge,Liang,Germany,Single,Male,1972-01-09,2025-10-08
566,11565,AW00011565,Erik,Diaz,United Kingdom,Single,Male,1971-12-30,2025-10-08
567,11566,AW00011566,April,Shan,France,Married,Female,1973-03-01,2025-10-08
568,11567,AW00011567,Carla,Perez,Germany,Married,Female,1978-09-19,2025-10-08
569,11568,AW00011568,Alexia,Foster,United Kingdom,Single,Female,1972-04-21,2025-10-08
570,11569,AW00011569,Troy,Malhotra,United Kingdom,Married,Male,1977-05-06,2025-10-08
571,11570,AW00011570,Kristin,Andersen,Germany,Married,Female,1971-07-22,2025-10-08
572,11571,AW00011571,Joel,Sai,France,Married,Male,1971-11-15,2025-10-08
573,11572,AW00011572,Billy,Moreno,France,Married,Male,1977-03-11,2025-10-08
574,11573,AW00011573,Meagan,Subram,United Kingdom,Single,Female,1976-11-11,2025-10-08
575,11574,AW00011574,Karla,Luo,United Kingdom,Single,Female,1971-01-14,2025-10-08
576,11575,AW00011575,Jackson,Campbell,United Kingdom,Single,Male,1970-10-19,2025-10-08
577,11576,AW00011576,Micah,Zhu,France,Married,Male,1970-08-10,2025-10-08
578,11577,AW00011577,Janet,Serrano,France,Married,Female,1971-04-21,2025-10-08
579,11578,AW00011578,Trisha,Huang,France,Single,Female,1970-05-08,2025-10-08
580,11579,AW00011579,Clayton,Beck,United Kingdom,Single,Male,1981-02-13,2025-10-08
581,11580,AW00011580,Melvin,Raje,United Kingdom,Married,Male,1939-03-12,2025-10-08
582,11581,AW00011581,Cindy,Jordan,France,Married,Female,NULL,2025-10-08
583,11582,AW00011582,Claudia,Ma,France,Single,Female,1974-04-09,2025-10-08
584,11583,AW00011583,Karla,Xu,France,Single,Female,1971-03-26,2025-10-08
585,11584,AW00011584,Devin,Carter,Germany,Married,Male,1971-05-22,2025-10-08
586,11585,AW00011585,Kari,Perez,United Kingdom,Married,Female,1976-03-04,2025-10-08
587,11586,AW00011586,Alberto,Romero,United Kingdom,Married,Male,1971-06-14,2025-10-08
588,11587,AW00011587,Kevin,Bryant,France,Single,Male,1975-10-18,2025-10-08
589,11588,AW00011588,Candace,Mehta,France,Married,Female,1970-01-11,2025-10-08
590,11589,AW00011589,Ebony,Malhotra,United Kingdom,Married,Female,1975-05-01,2025-10-08
591,11590,AW00011590,Erika,Diaz,France,Single,Female,1980-04-12,2025-10-08
592,11591,AW00011591,Stacey,Lu,France,Single,Female,1968-11-12,2025-10-08
593,11592,AW00011592,Darrell,Raji,France,Single,Male,1984-03-03,2025-10-08
594,11593,AW00011593,Armando,Moreno,France,Single,Male,1982-09-22,2025-10-08
595,11594,AW00011594,Corey,Goel,France,Single,Male,1985-05-03,2025-10-08
596,11595,AW00011595,Sebastian,Howard,Germany,Single,Male,1984-12-29,2025-10-08
597,11596,AW00011596,Roger,Raje,United Kingdom,Married,Male,1969-03-02,2025-10-08
598,11597,AW00011597,Janelle,Chandra,France,Single,Female,1983-08-06,2025-10-08
599,11598,AW00011598,Meredith,Ruiz,Germany,Single,Female,1983-12-30,2025-10-08
600,11599,AW00011599,Melody,Diaz,France,Single,Female,1983-03-16,2025-10-08
601,11600,AW00011600,Linda,Rubio,France,Single,Female,1982-10-05,2025-10-08
602,11601,AW00011601,Ivan,Raman,France,Single,Male,1983-02-18,2025-10-08
603,11602,AW00011602,Larry,Gill,Germany,Single,Male,1982-10-11,2025-10-08
604,11603,AW00011603,Geoffrey,Gonzalez,United Kingdom,Single,Male,1982-08-06,2025-10-08
605,11604,AW00011604,Edgar,Sanchez,United Kingdom,Single,Male,1982-12-01,2025-10-08
606,11605,AW00011605,Heidi,Subram,Germany,Single,Female,1982-05-20,2025-10-08
607,11606,AW00011606,Melody,Ramos,France,Single,Female,1986-01-30,2025-10-08
608,11607,AW00011607,Clinton,Moreno,France,Single,Male,1986-05-05,2025-10-08
609,11608,AW00011608,Cesar,Madan,France,Single,Male,1981-09-01,2025-10-08
610,11609,AW00011609,Eugene,Ye,United Kingdom,Single,Male,1981-12-24,2025-10-08
611,11610,AW00011610,Blake,Collins,United Kingdom,Single,Male,1980-10-20,2025-10-08
612,11611,AW00011611,Ernest,Lin,France,Married,Male,1985-02-23,2025-10-08
613,11612,AW00011612,Keith,Andersen,United Kingdom,Single,Male,1985-10-07,2025-10-08
614,11613,AW00011613,Meredith,Prasad,Germany,Single,Female,1981-05-02,2025-10-08
615,11614,AW00011614,Katrina,Sharma,Germany,Single,Female,1981-02-13,2025-10-08
616,11615,AW00011615,Dwayne,Navarro,United Kingdom,Married,Male,1981-05-20,2025-10-08
617,11616,AW00011616,Casey,Nath,United Kingdom,Married,Female,1980-09-05,2025-10-08
618,11617,AW00011617,Sean,Brooks,United States,Single,Male,1964-10-01,2025-10-08
619,11618,AW00011618,Brian,Ramirez,Canada,Married,Male,1964-10-21,2025-10-08
620,11619,AW00011619,Sierra,Young,Canada,Single,Female,1978-10-29,2025-10-08
621,11620,AW00011620,Megan,Rodriguez,United States,Single,Female,1978-10-18,2025-10-08
622,11621,AW00011621,Leah,She,United States,Single,Female,1978-08-19,2025-10-08
623,11622,AW00011622,Gabriel,Allen,United States,Married,Male,1979-06-16,2025-10-08
624,11623,AW00011623,Angela,Perry,United States,Single,Female,1978-12-25,2025-10-08
625,11624,AW00011624,Ryan,Smith,United States,Single,Male,1984-03-19,2025-10-08
626,11625,AW00011625,Zachary,Moore,United States,Married,Male,1978-07-19,2025-10-08
627,11626,AW00011626,Destiny,Rogers,United States,Married,Female,1978-12-12,2025-10-08
628,11627,AW00011627,Dalton,Gray,United States,Married,Male,1978-08-27,2025-10-08
629,11628,AW00011628,Mariah,Wood,United States,Single,Female,1977-11-14,2025-10-08
630,11629,AW00011629,Isaiah,Wright,United States,Single,Male,1976-08-07,2025-10-08
631,11630,AW00011630,Haley,Powell,United States,Married,Female,1977-06-23,2025-10-08
632,11631,AW00011631,Antonio,Bennett,Canada,Married,Male,1976-08-12,2025-10-08
633,11632,AW00011632,Alexandra,Jenkins,Canada,Married,Female,1982-05-02,2025-10-08
634,11633,AW00011633,Thomas,Anderson,United States,Married,Male,1977-11-23,2025-10-08
635,11634,AW00011634,Samuel,Collins,United States,Married,Male,1977-12-10,2025-10-08
636,11635,AW00011635,Darrell,Chande,United States,Married,Male,1983-08-11,2025-10-08
637,11636,AW00011636,Kimberly,Cox,United States,Single,Female,1978-06-21,2025-10-08
638,11637,AW00011637,Morgan,Hernandez,United States,Married,Female,1983-08-11,2025-10-08
639,11638,AW00011638,Antonio,Powell,United States,Married,Male,1977-09-09,2025-10-08
640,11639,AW00011639,Angelica,Perry,United States,Married,Female,1978-06-22,2025-10-08
641,11640,AW00011640,Chloe,Wilson,Canada,Married,Female,1975-10-31,2025-10-08
642,11641,AW00011641,James,Chen,Canada,Married,Male,1976-02-09,2025-10-08
643,11642,AW00011642,Morgan,Hughes,Canada,Married,Female,1976-06-24,2025-10-08
644,11643,AW00011643,Naomi,Munoz,United States,Married,Female,1976-01-24,2025-10-08
645,11644,AW00011644,Charles,Torres,United States,Single,Male,1975-04-06,2025-10-08
646,11645,AW00011645,Gabriella,Turner,United States,Single,Female,1975-04-18,2025-10-08
647,11646,AW00011646,Anna,Foster,United States,Single,Female,1980-03-15,2025-10-08
648,11647,AW00011647,Randy,Wu,Canada,Single,Male,1975-03-22,2025-10-08
649,11648,AW00011648,Kevin,Scott,United States,Single,Male,1980-04-12,2025-10-08
650,11649,AW00011649,Ian,White,United States,Married,Male,1980-01-23,2025-10-08
651,11650,AW00011650,Caleb,Hayes,United States,Married,Male,1975-01-23,2025-10-08
652,11651,AW00011651,Patricia,Garcia,Canada,Married,Female,1982-12-13,2025-10-08
653,11652,AW00011652,Samuel,Russell,Canada,Married,Male,1982-05-01,2025-10-08
654,11653,AW00011653,Sydney,Peterson,United States,Single,Female,1982-06-04,2025-10-08
655,11654,AW00011654,Ariana,Sanchez,United States,Married,Female,1977-03-18,2025-10-08
656,11655,AW00011655,Tamara,Sharma,United States,Single,Female,1982-03-28,2025-10-08
657,11656,AW00011656,Katelyn,Perez,United States,Married,Female,1977-03-19,2025-10-08
658,11657,AW00011657,Megan,Cox,United States,Married,Female,1976-10-31,2025-10-08
659,11658,AW00011658,Robert,Mitchell,United States,Married,Male,1985-08-03,2025-10-08
660,11659,AW00011659,Miguel,Adams,Canada,Single,Male,1974-10-20,2025-10-08
661,11660,AW00011660,Miranda,Gonzales,Canada,Married,Female,1980-01-19,2025-10-08
662,11661,AW00011661,Jeremiah,James,Canada,Single,Male,1981-01-03,2025-10-08
663,11662,AW00011662,Ethan,Kumar,United States,Single,Male,1976-01-01,2025-10-08
664,11663,AW00011663,Seth,Williams,United States,Married,Male,1975-08-25,2025-10-08
665,11664,AW00011664,Alyssa,Morgan,United States,Single,Female,1975-08-09,2025-10-08
666,11665,AW00011665,Janet,Dominguez,United States,Married,Female,1976-06-11,2025-10-08
667,11666,AW00011666,Angel,Baker,United States,Married,Male,1981-12-13,2025-10-08
668,11667,AW00011667,Blake,Moore,United States,Married,Male,1972-12-18,2025-10-08
669,11668,AW00011668,Jada,Collins,United States,Single,Female,1984-03-02,2025-10-08
670,11669,AW00011669,Isabella,Simmons,United States,Single,Female,1978-10-17,2025-10-08
671,11670,AW00011670,Jacqueline,Perry,United States,Single,Female,1973-04-15,2025-10-08
672,11671,AW00011671,Jessica,Brown,United States,Single,Female,1971-11-15,2025-10-08
673,11672,AW00011672,Chad,Jai,United States,Married,Male,1972-03-20,2025-10-08
674,11673,AW00011673,Susan,Ye,United States,Single,Female,1977-02-03,2025-10-08
675,11674,AW00011674,Morgan,Rogers,United States,Married,Female,1972-02-15,2025-10-08
676,11675,AW00011675,Devin,Martinez,United States,Single,Male,1977-01-29,2025-10-08
677,11676,AW00011676,Alan,Hu,United States,Married,Male,1971-08-13,2025-10-08
678,11677,AW00011677,Charles,Walker,Canada,Single,Male,1980-10-10,2025-10-08
679,11678,AW00011678,Johnny,Chavez,United States,Married,Male,1974-07-28,2025-10-08
680,11679,AW00011679,Dalton,Richardson,United States,Married,Male,1974-11-05,2025-10-08
681,11680,AW00011680,Kaylee,Nelson,United States,Married,Female,1975-03-04,2025-10-08
682,11681,AW00011681,Abigail,Jones,United States,Married,Female,1975-02-04,2025-10-08
683,11682,AW00011682,Kaitlyn,Hall,United States,Married,Female,1980-03-12,2025-10-08
684,11683,AW00011683,Greg,Taylor,United States,Married,Male,1974-07-05,2025-10-08
685,11684,AW00011684,Devin,Parker,United States,Single,Male,1971-03-31,2025-10-08
686,11685,AW00011685,Jose,Griffin,United States,Married,Male,1970-08-07,2025-10-08
687,11686,AW00011686,Luke,Edwards,United States,Single,Male,1976-04-09,2025-10-08
688,11687,AW00011687,Cody,Torres,United States,Single,Male,1976-07-09,2025-10-08
689,11688,AW00011688,Victoria,Morris,United States,Single,Female,1976-12-21,2025-10-08
690,11689,AW00011689,Ian,Diaz,United States,Married,Male,1971-03-06,2025-10-08
691,11690,AW00011690,Caroline,Butler,United States,Married,Female,1976-01-10,2025-10-08
692,11691,AW00011691,Kaitlyn,Wilson,United States,Single,Female,1974-12-30,2025-10-08
693,11692,AW00011692,Caleb,Gonzales,United States,Married,Male,1969-12-17,2025-10-08
694,11693,AW00011693,Hailey,Diaz,Canada,Single,Female,1975-09-21,2025-10-08
695,11694,AW00011694,Jonathon,Ortega,United States,Married,Male,1969-09-21,2025-10-08
696,11695,AW00011695,Logan,Campbell,United States,Married,Male,1969-07-10,2025-10-08
697,11696,AW00011696,Mackenzie,Campbell,United States,Single,Female,1975-04-02,2025-10-08
698,11697,AW00011697,Eduardo,Lee,United States,Married,Male,1975-06-21,2025-10-08
699,11698,AW00011698,Jackson,Wright,Canada,Married,Male,1975-11-22,2025-10-08
700,11699,AW00011699,Chase,Peterson,United States,Single,Male,1968-09-12,2025-10-08
701,11700,AW00011700,Xavier,Richardson,United States,Single,Male,1969-05-24,2025-10-08
702,11701,AW00011701,David,Hayes,United States,Married,Male,1985-08-16,2025-10-08
703,11702,AW00011702,Jenny,Zhou,United States,Single,Female,1974-10-13,2025-10-08
704,11703,AW00011703,Kaylee,Baker,United States,Single,Female,1973-12-22,2025-10-08
705,11704,AW00011704,Evan,Hernandez,United States,Single,Male,1973-11-29,2025-10-08
706,11705,AW00011705,Brooke,Richardson,United States,Single,Female,1979-05-18,2025-10-08
707,11706,AW00011706,Blake,Perez,United States,Married,Male,1968-08-13,2025-10-08
708,11707,AW00011707,Natalie,Cook,United States,Single,Female,1969-06-20,2025-10-08
709,11708,AW00011708,Elizabeth,Weisman,United States,Single,Female,1974-09-15,2025-10-08
710,11709,AW00011709,Hailey,Collins,Canada,Single,Female,1968-08-18,2025-10-08
711,11710,AW00011710,Zoe,Ramirez,United States,Married,Female,1967-09-17,2025-10-08
712,11711,AW00011711,Daniel,Davis,Canada,Single,Male,1973-12-04,2025-10-08
713,11712,AW00011712,Shelby,Rogers,Canada,Married,Female,1968-05-02,2025-10-08
714,11713,AW00011713,Kyle,Zhang,United States,Married,Male,1967-09-17,2025-10-08
715,11714,AW00011714,Alexandria,Long,United States,Married,Female,1968-04-16,2025-10-08
716,11715,AW00011715,Chloe,Robinson,United States,Married,Female,1968-03-20,2025-10-08
717,11716,AW00011716,Evan,Kelly,United States,Single,Male,1967-04-20,2025-10-08
718,11717,AW00011717,Marcus,Jones,United States,Married,Male,1972-08-29,2025-10-08
719,11718,AW00011718,Sarah,Jones,United States,Married,Female,1972-11-10,2025-10-08
720,11719,AW00011719,Blake,Green,Canada,Married,Male,1971-05-05,2025-10-08
721,11720,AW00011720,Morgan,Morris,United States,Married,Female,1965-09-23,2025-10-08
722,11721,AW00011721,Jennifer,Alexander,United States,Married,Female,1971-01-18,2025-10-08
723,11722,AW00011722,Julian,Hughes,United States,Married,Male,1965-12-30,2025-10-08
724,11723,AW00011723,Luke,Coleman,Canada,Single,Male,1973-02-17,2025-10-08
725,11724,AW00011724,Jason,Carter,Canada,Single,Male,1972-10-12,2025-10-08
726,11725,AW00011725,Jose,Li,United States,Single,Male,1973-03-16,2025-10-08
727,11726,AW00011726,Micah,Liang,United States,Single,Male,1973-01-13,2025-10-08
728,11727,AW00011727,Benjamin,Taylor,United States,Single,Male,1973-01-05,2025-10-08
729,11728,AW00011728,Logan,White,United States,Married,Male,1965-07-06,2025-10-08
730,11729,AW00011729,Caleb,Campbell,United States,Married,Male,1971-05-03,2025-10-08
731,11730,AW00011730,Emma,Torres,United States,Married,Female,1966-04-01,2025-10-08
732,11731,AW00011731,Tanya,Gill,United States,Married,Female,1966-02-16,2025-10-08
733,11732,AW00011732,Erick,Sanchez,United States,Married,Male,1970-02-04,2025-10-08
734,11733,AW00011733,Kristi,Schmidt,United States,Married,Female,1970-07-23,2025-10-08
735,11734,AW00011734,Omar,Chen,United States,Married,Male,1970-08-21,2025-10-08
736,11735,AW00011735,Sydney,Gray,United States,Married,Female,1964-07-21,2025-10-08
737,11736,AW00011736,Sebastian,Sanchez,United States,Married,Male,1970-09-21,2025-10-08
738,11737,AW00011737,Megan,Martin,United States,Married,Female,1970-02-04,2025-10-08
739,11738,AW00011738,Elijah,Alexander,Canada,Married,Male,1970-10-05,2025-10-08
740,11739,AW00011739,Aaron,King,Canada,Married,Male,1964-11-10,2025-10-08
741,11740,AW00011740,Jan,Hall,Canada,Married,Female,1964-10-21,2025-10-08
742,11741,AW00011741,Tamara,Chander,United States,Married,Female,1965-01-22,2025-10-08
743,11742,AW00011742,Edward,Lewis,United States,Single,Male,1964-05-01,2025-10-08
744,11743,AW00011743,Chase,Kelly,United States,Married,Male,1974-09-09,2025-10-08
745,11744,AW00011744,Stephanie,Campbell,United States,Married,Female,1964-03-06,2025-10-08
746,11745,AW00011745,Allison,Gonzalez,United States,Married,Female,1964-04-11,2025-10-08
747,11746,AW00011746,Seth,Brooks,United States,Single,Male,1964-05-30,2025-10-08
748,11747,AW00011747,Destiny,Davis,United States,Married,Female,1963-08-09,2025-10-08
749,11748,AW00011748,Blake,Hill,Canada,Married,Male,1964-01-15,2025-10-08
750,11749,AW00011749,Eduardo,Jackson,Australia,Married,Male,1980-09-09,2025-10-08
751,11750,AW00011750,Latoya,She,Australia,Married,Female,1984-09-17,2025-10-08
752,11751,AW00011751,Victoria,Gonzales,Australia,Married,Female,1976-01-14,2025-10-08
753,11752,AW00011752,Lauren,Bryant,Australia,Married,Female,1981-05-03,2025-10-08
754,11753,AW00011753,Felicia,Ortega,Australia,Married,Female,1975-09-15,2025-10-08
755,11754,AW00011754,Janet,Ortega,Australia,Married,Female,1976-01-05,2025-10-08
756,11755,AW00011755,Willie,Pal,Australia,Married,Male,1973-11-12,2025-10-08
757,11756,AW00011756,Linda,Ortega,Australia,Single,Female,1974-03-13,2025-10-08
758,11757,AW00011757,Vincent,Cai,Australia,Married,Male,1979-05-11,2025-10-08
759,11758,AW00011758,Colin,Yuan,Australia,Married,Male,1979-12-19,2025-10-08
760,11759,AW00011759,Dawn,Nath,Australia,Married,Female,1980-11-18,2025-10-08
761,11760,AW00011760,Melody,Moreno,Australia,Married,Female,1973-04-25,2025-10-08
762,11761,AW00011761,Edgar,Mehta,Australia,Single,Male,1972-10-16,2025-10-08
763,11762,AW00011762,Randall,Gomez,Australia,Married,Male,1984-02-17,2025-10-08
764,11763,AW00011763,Ross,Fernandez,Australia,Married,Male,1972-08-10,2025-10-08
765,11764,AW00011764,Jessie,Ramos,Australia,Single,Female,1973-01-13,2025-10-08
766,11765,AW00011765,Marc,Torres,Australia,Married,Male,1983-04-06,2025-10-08
767,11766,AW00011766,Candace,Raman,Australia,Single,Female,1972-01-01,2025-10-08
768,11767,AW00011767,Meagan,Madan,Australia,Single,Female,1977-05-20,2025-10-08
769,11768,AW00011768,Clayton,Nara,Australia,Married,Male,1983-04-03,2025-10-08
770,11769,AW00011769,Haley,Hernandez,Canada,Single,Female,1979-02-14,2025-10-08
771,11770,AW00011770,Peter,Nara,United States,Single,Male,1979-02-20,2025-10-08
772,11771,AW00011771,Isaac,Rivera,United States,Single,Male,1979-04-07,2025-10-08
773,11772,AW00011772,Cameron,Moore,United States,Married,Male,1984-01-21,2025-10-08
774,11773,AW00011773,Gavin,Diaz,United States,Single,Male,1979-01-03,2025-10-08
775,11774,AW00011774,Emma,Sanchez,United States,Married,Female,1978-10-10,2025-10-08
776,11775,AW00011775,Sierra,Roberts,United States,Single,Female,NULL,2025-10-08
777,11776,AW00011776,Seth,Mitchell,United States,Married,Male,1978-12-31,2025-10-08
778,11777,AW00011777,Miranda,Long,United States,Single,Female,1978-01-21,2025-10-08
779,11778,AW00011778,Haley,Henderson,United States,Single,Female,1976-09-17,2025-10-08
780,11779,AW00011779,Sarah,Jackson,United States,Single,Female,1977-01-15,2025-10-08
781,11780,AW00011780,Jessica,Alexander,United States,Single,Female,1977-05-19,2025-10-08
782,11781,AW00011781,Carlos,Gray,United States,Married,Male,1976-09-06,2025-10-08
783,11782,AW00011782,Barbara,Jai,United States,Married,Female,1982-03-13,2025-10-08
784,11783,AW00011783,Sara,Mitchell,United States,Married,Female,1982-11-13,2025-10-08
785,11784,AW00011784,Jose,Turner,Canada,Married,Male,1978-06-18,2025-10-08
786,11785,AW00011785,Theodore,Diaz,United States,Married,Male,1983-02-21,2025-10-08
787,11786,AW00011786,Ian,Murphy,United States,Single,Male,1978-03-13,2025-10-08
788,11787,AW00011787,Jerry,Nath,United States,Married,Male,1978-03-05,2025-10-08
789,11788,AW00011788,Destiny,James,United States,Single,Female,1977-08-18,2025-10-08
790,11789,AW00011789,Bailey,Phillips,United States,Married,Female,1981-02-16,2025-10-08
791,11790,AW00011790,Timothy,Gonzalez,United States,Married,Male,1981-05-17,2025-10-08
792,11791,AW00011791,Chase,Morgan,United States,Married,Male,1975-10-19,2025-10-08
793,11792,AW00011792,Alexia,Perry,United States,Married,Female,1974-11-24,2025-10-08
794,11793,AW00011793,Xavier,Rogers,United States,Married,Male,1980-03-16,2025-10-08
795,11794,AW00011794,Lauren,Ross,United States,Single,Female,1975-05-01,2025-10-08
796,11795,AW00011795,Nicole,Thomas,United States,Single,Female,1974-08-15,2025-10-08
797,11796,AW00011796,Isabel,Jenkins,United States,Single,Female,1985-08-03,2025-10-08
798,11797,AW00011797,Devin,Coleman,United States,Single,Male,1980-03-03,2025-10-08
799,11798,AW00011798,Brendan,Chande,United States,Married,Male,1974-08-12,2025-10-08
800,11799,AW00011799,Jessie,Wang,United States,Married,Male,1980-09-09,2025-10-08
801,11800,AW00011800,Jennifer,Baker,United States,Married,Female,1975-05-07,2025-10-08
802,11801,AW00011801,Aaron,Sharma,United States,Married,Male,1975-03-16,2025-10-08
803,11802,AW00011802,Madison,Taylor,Canada,Married,Female,1977-02-05,2025-10-08
804,11803,AW00011803,Jan,Hernandez,United States,Single,Female,1977-03-11,2025-10-08
805,11804,AW00011804,Haley,Turner,United States,Married,Female,1976-10-15,2025-10-08
806,11805,AW00011805,Richard,Green,United States,Married,Male,1976-09-08,2025-10-08
807,11806,AW00011806,Jennifer,Stewart,United States,Married,Female,1982-08-06,2025-10-08
808,11807,AW00011807,Lucas,Baker,United States,Married,Male,1977-03-03,2025-10-08
809,11808,AW00011808,James,Parker,Canada,Married,Male,1974-10-10,2025-10-08
810,11809,AW00011809,Juan,Gray,United States,Married,Male,1973-07-01,2025-10-08
811,11810,AW00011810,Antonio,Washington,United States,Single,Male,1978-01-03,2025-10-08
812,11811,AW00011811,Abigail,Brooks,United States,Single,Female,1978-06-11,2025-10-08
813,11812,AW00011812,Andrew,Rodriguez,United States,Married,Male,1973-03-21,2025-10-08
814,11813,AW00011813,Mary,Patterson,United States,Married,Female,1973-05-11,2025-10-08
815,11814,AW00011814,Dalton,Morgan,United States,Married,Male,1976-01-05,2025-10-08
816,11815,AW00011815,Hannah,Patterson,United States,Married,Female,1981-04-20,2025-10-08
817,11816,AW00011816,Joe,Torres,United States,Married,Male,1981-10-19,2025-10-08
818,11817,AW00011817,Morgan,Miller,United States,Single,Female,1981-11-23,2025-10-08
819,11818,AW00011818,Daniel,Garcia,United States,Married,Male,1975-10-20,2025-10-08
820,11819,AW00011819,Jose,Lal,United States,Married,Male,1973-04-08,2025-10-08
821,11820,AW00011820,Katelyn,Lopez,Canada,Married,Female,1977-08-22,2025-10-08
822,11821,AW00011821,Austin,Johnson,United States,Married,Male,1971-10-13,2025-10-08
823,11822,AW00011822,Rohinton,Wadia,United States,Married,Female,1971-12-11,2025-10-08
824,11823,AW00011823,Morgan,Turner,Canada,Married,Female,1977-10-20,2025-10-08
825,11824,AW00011824,Jill,Martin,Canada,Married,Female,1977-10-03,2025-10-08
826,11825,AW00011825,Aimee,She,United States,Single,Female,1971-11-15,2025-10-08
827,11826,AW00011826,Jessie,Alonso,United States,Married,Female,1971-08-15,2025-10-08
828,11827,AW00011827,Sara,Baker,Canada,Married,Female,1980-09-16,2025-10-08
829,11828,AW00011828,Katherine,Martinez,United States,Married,Female,1980-06-04,2025-10-08
830,11829,AW00011829,Sophia,Campbell,United States,Married,Female,1975-05-02,2025-10-08
831,11830,AW00011830,Taylor,Garcia,United States,Married,Female,1974-07-15,2025-10-08
832,11831,AW00011831,Christian,Ross,United States,Married,Male,1975-05-24,2025-10-08
833,11832,AW00011832,Zoe,Murphy,United States,Single,Female,1976-04-01,2025-10-08
834,11833,AW00011833,Oscar,Price,Canada,Married,Male,1982-01-16,2025-10-08
835,11834,AW00011834,Fernando,Flores,United States,Single,Male,1982-04-20,2025-10-08
836,11835,AW00011835,Elijah,Russell,Canada,Single,Male,1970-12-17,2025-10-08
837,11836,AW00011836,Garrett,Travers,United States,Married,Male,1970-10-25,2025-10-08
838,11837,AW00011837,Haley,Alexander,United States,Single,Female,1976-08-05,2025-10-08
839,11838,AW00011838,Justin,Rodriguez,United States,Single,Male,1970-08-09,2025-10-08
840,11839,AW00011839,Tyler,Brown,United States,Single,Male,1976-07-21,2025-10-08
841,11840,AW00011840,Julian,Patterson,United States,Married,Male,1976-05-13,2025-10-08
842,11841,AW00011841,Sean,Nelson,Canada,Married,Male,1969-09-13,2025-10-08
843,11842,AW00011842,Justin,Wilson,United States,Single,Male,1970-04-03,2025-10-08
844,11843,AW00011843,Christy,Nara,United States,Single,Female,1975-11-08,2025-10-08
845,11844,AW00011844,Michele,Alvarez,United States,Single,Female,1969-10-06,2025-10-08
846,11845,AW00011845,Natalie,Jones,Canada,Single,Female,1930-02-15,2025-10-08
847,11846,AW00011846,Savannah,Reed,United States,Single,Female,1969-12-13,2025-10-08
848,11847,AW00011847,Cassidy,Diaz,United States,Single,Female,1970-05-31,2025-10-08
849,11848,AW00011848,Joshua,Lewis,United States,Married,Male,1975-02-24,2025-10-08
850,11849,AW00011849,Faith,Reed,United States,Single,Female,1970-03-13,2025-10-08
851,11850,AW00011850,Brooke,Ramirez,United States,Single,Female,1980-09-16,2025-10-08
852,11851,AW00011851,Jada,Mitchell,United States,Single,Female,1969-03-07,2025-10-08
853,11852,AW00011852,Kyle,Russell,United States,Single,Male,1969-04-23,2025-10-08
854,11853,AW00011853,Grace,Jones,United States,Single,Female,1979-11-15,2025-10-08
855,11854,AW00011854,Jason,Mitchell,United States,Single,Male,1973-10-16,2025-10-08
856,11855,AW00011855,Christian,Walker,United States,Married,Male,1974-08-09,2025-10-08
857,11856,AW00011856,Seth,Hernandez,United States,Married,Male,1969-02-13,2025-10-08
858,11857,AW00011857,Isabella,Young,United States,Single,Female,1974-03-08,2025-10-08
859,11858,AW00011858,Jordan,Coleman,United States,Married,Male,1968-06-05,2025-10-08
860,11859,AW00011859,Blake,Garcia,United States,Married,Male,1968-03-08,2025-10-08
861,11860,AW00011860,Nicole,Walker,United States,Married,Female,1967-07-09,2025-10-08
862,11861,AW00011861,Katherine,Carter,Canada,Married,Female,1967-10-22,2025-10-08
863,11862,AW00011862,Olivia,Peterson,United States,Single,Female,1972-09-11,2025-10-08
864,11863,AW00011863,Jessica,Wood,United States,Married,Female,1967-04-10,2025-10-08
865,11864,AW00011864,Elizabeth,Thompson,United States,Married,Female,1967-03-06,2025-10-08
866,11865,AW00011865,Chloe,Rivera,United States,Married,Female,1966-08-06,2025-10-08
867,11866,AW00011866,Lucas,Scott,United States,Married,Male,1966-12-30,2025-10-08
868,11867,AW00011867,Nathaniel,James,United States,Married,Male,1971-04-21,2025-10-08
869,11868,AW00011868,Jessica,Peterson,Canada,Single,Female,1973-01-31,2025-10-08
870,11869,AW00011869,Kaitlyn,Adams,Canada,Single,Female,1984-05-01,2025-10-08
871,11870,AW00011870,Jillian,Garcia,United States,Single,Female,1978-07-10,2025-10-08
872,11871,AW00011871,Dalton,Bennett,United States,Single,Male,1978-08-12,2025-10-08
873,11872,AW00011872,Faith,Patterson,United States,Single,Female,1978-07-17,2025-10-08
874,11873,AW00011873,Ryan,Zhang,United States,Married,Male,1972-10-09,2025-10-08
875,11874,AW00011874,Adrian,Bell,United States,Single,Male,1978-03-06,2025-10-08
876,11875,AW00011875,Jonathan,Brown,Canada,Married,Male,1966-01-31,2025-10-08
877,11876,AW00011876,Madison,White,United States,Married,Female,1966-05-13,2025-10-08
878,11877,AW00011877,Alexis,Diaz,United States,Married,Female,1966-04-06,2025-10-08
879,11878,AW00011878,Christine,Nara,United States,Married,Female,1971-02-04,2025-10-08
880,11879,AW00011879,Edgar,Sai,United States,Married,Male,1971-09-30,2025-10-08
881,11880,AW00011880,Melissa,Sanchez,United States,Married,Female,1965-02-16,2025-10-08
882,11881,AW00011881,Richard,Mitchell,United States,Married,Male,1965-01-20,2025-10-08
883,11882,AW00011882,Patrick,Stewart,United States,Married,Male,1975-09-05,2025-10-08
884,11883,AW00011883,Hannah,Anderson,United States,Married,Female,1965-02-10,2025-10-08
885,11884,AW00011884,Latoya,Shen,United States,Married,Female,1970-04-22,2025-10-08
886,11885,AW00011885,Kurt,Sharma,United States,Married,Male,1970-09-21,2025-10-08
887,11886,AW00011886,Katelyn,Parker,United States,Married,Female,1963-07-20,2025-10-08
888,11887,AW00011887,Joseph,White,United States,Married,Male,1963-10-03,2025-10-08
889,11888,AW00011888,Aaron,Ross,Canada,Married,Male,1969-12-18,2025-10-08
890,11889,AW00011889,Blake,Patterson,United States,Single,Male,1963-11-25,2025-10-08
891,11890,AW00011890,Whitney,Lopez,United States,Married,Female,1964-05-14,2025-10-08
892,11891,AW00011891,Jamie,Liang,United States,Married,Female,1969-09-13,2025-10-08
893,11892,AW00011892,Julio,Ortega,Australia,Married,Male,1975-04-07,2025-10-08
894,11893,AW00011893,Orlando,Carlson,Australia,Married,Male,1974-08-09,2025-10-08
895,11894,AW00011894,Ann,Gonzalez,Australia,Married,Female,1980-04-30,2025-10-08
896,11895,AW00011895,Dustin,Chander,Australia,Married,Male,1975-01-18,2025-10-08
897,11896,AW00011896,Frank,Carlson,Australia,Married,Male,1975-05-18,2025-10-08
898,11897,AW00011897,Orlando,Ashe,Australia,Single,Male,1974-05-28,2025-10-08
899,11898,AW00011898,Angela,Henderson,Australia,Married,Female,1975-12-31,2025-10-08
900,11899,AW00011899,Brenda,Perez,Australia,Single,Female,1976-03-15,2025-10-08
901,11900,AW00011900,Byron,Carlson,Australia,Single,Male,1981-03-03,2025-10-08
902,11901,AW00011901,Stacy,Alvarez,Australia,Single,Female,1973-08-18,2025-10-08
903,11902,AW00011902,Drew,Pal,Australia,Married,Male,1972-09-14,2025-10-08
904,11903,AW00011903,Kate,Raji,Australia,Single,Female,1985-10-21,2025-10-08
905,11904,AW00011904,Kaylee,Cook,Australia,Single,Female,1986-05-05,2025-10-08
906,11905,AW00011905,Isaiah,Ramirez,Australia,Single,Male,1974-12-14,2025-10-08
907,11906,AW00011906,Gabriella,Sanders,Australia,Married,Female,1972-08-17,2025-10-08
908,11907,AW00011907,Sarah,Garcia,Australia,Single,Female,1973-03-07,2025-10-08
909,11908,AW00011908,Rafael,Tang,Australia,Single,Male,1972-01-08,2025-10-08
910,11909,AW00011909,Nichole,She,Australia,Married,Female,1971-08-10,2025-10-08
911,11910,AW00011910,Jaclyn,Zheng,Australia,Married,Female,1971-12-10,2025-10-08
912,11911,AW00011911,Rachael,Kapoor,Australia,Married,Female,1972-05-15,2025-10-08
913,11912,AW00011912,Rachael,Sai,Australia,Single,Female,NULL,2025-10-08
914,11913,AW00011913,Rebecca,Robinson,Australia,Married,Female,1970-12-09,2025-10-08
915,11914,AW00011914,Meagan,Rana,Australia,Single,Female,1979-05-05,2025-10-08
916,11915,AW00011915,Philip,Carlson,Australia,Single,Male,NULL,2025-10-08
917,11916,AW00011916,Joe,Rana,Australia,Single,Male,1976-09-03,2025-10-08
918,11917,AW00011917,Roy,Sanz,Australia,Single,Male,1971-04-21,2025-10-08
919,11918,AW00011918,Kaylee,Hill,Australia,Married,Female,1969-08-31,2025-10-08
920,11919,AW00011919,Warren,Andersen,Australia,Married,Male,1969-08-17,2025-10-08
921,11920,AW00011920,Adrienne,Gomez,Australia,Single,Female,1975-02-24,2025-10-08
922,11921,AW00011921,Gilbert,Zhu,Australia,Married,Male,1970-06-22,2025-10-08
923,11922,AW00011922,James,Davis,Canada,Single,Male,1985-02-13,2025-10-08
924,11923,AW00011923,Sarah,Bryant,United States,Married,Female,1985-04-21,2025-10-08
925,11924,AW00011924,Ian,Long,United States,Single,Male,1985-04-23,2025-10-08
926,11925,AW00011925,Ashlee,Jai,United States,Single,Female,1984-05-05,2025-10-08
927,11926,AW00011926,Eduardo,Foster,United States,Single,Male,1983-09-15,2025-10-08
928,11927,AW00011927,Nicole,Murphy,United States,Single,Female,1984-01-21,2025-10-08
929,11928,AW00011928,Isabella,Morris,United States,Married,Female,1984-03-06,2025-10-08
930,11929,AW00011929,Virginia,Gonzalez,Australia,Single,Female,1962-08-08,2025-10-08
931,11930,AW00011930,Jaclyn,Nara,Australia,Married,Female,1952-10-31,2025-10-08
932,11931,AW00011931,Marcus,Adams,United States,Single,Male,1984-05-12,2025-10-08
933,11932,AW00011932,Elizabeth,Coleman,United States,Married,Female,1984-02-08,2025-10-08
934,11933,AW00011933,Mathew,Rubio,United States,Single,Male,1982-09-01,2025-10-08
935,11934,AW00011934,Justin,Shan,United States,Single,Male,1983-04-13,2025-10-08
936,11935,AW00011935,Jessica,Taylor,United States,Single,Female,1983-05-19,2025-10-08
937,11936,AW00011936,Hunter,Clark,United States,Married,Male,1982-10-09,2025-10-08
938,11937,AW00011937,Devin,Perez,United States,Married,Male,1982-12-03,2025-10-08
939,11938,AW00011938,Seth,Alexander,United States,Married,Male,1983-03-21,2025-10-08
940,11939,AW00011939,Kevin,Washington,United States,Single,Male,1982-12-20,2025-10-08
941,11940,AW00011940,Tyler,Miller,United States,Married,Male,1983-01-09,2025-10-08
942,11941,AW00011941,Adam,Roberts,United States,Single,Male,1982-05-26,2025-10-08
943,11942,AW00011942,George,Gonzalez,Australia,Married,Male,1954-12-11,2025-10-08
944,11943,AW00011943,Dawn,Huang,Australia,Married,Female,1954-08-27,2025-10-08
945,11944,AW00011944,Rachael,Rodriguez,Australia,Single,Female,1956-04-13,2025-10-08
946,11945,AW00011945,Dennis,Huang,United States,Married,Male,1986-03-11,2025-10-08
947,11946,AW00011946,Brandy,Saunders,Australia,Single,Female,1956-07-02,2025-10-08
948,11947,AW00011947,Jenny,Zheng,Australia,Single,Female,1957-04-20,2025-10-08
949,11948,AW00011948,Tasha,Xu,Australia,Married,Female,1956-10-07,2025-10-08
950,11949,AW00011949,Julia,Brooks,United States,Single,Female,1986-05-05,2025-10-08
951,11950,AW00011950,Jordan,Carter,United States,Married,Female,1985-03-09,2025-10-08
952,11951,AW00011951,Lacey,Huang,Australia,Married,Female,1958-02-03,2025-10-08
953,11952,AW00011952,Dorothy,Robinson,Australia,Single,Male,1960-03-22,2025-10-08
954,11953,AW00011953,Courtney,Wright,United States,Single,Female,1981-03-03,2025-10-08
955,11954,AW00011954,Joseph,Garcia,United States,Married,Male,1981-02-13,2025-10-08
956,11955,AW00011955,Gabriel,Green,United States,Single,Male,1980-10-02,2025-10-08
957,11956,AW00011956,Alexandria,Sandberg,United States,Single,Female,1985-08-30,2025-10-08
958,11957,AW00011957,Courtney,Hernandez,United States,Single,Female,1979-02-09,2025-10-08
959,11958,AW00011958,Dylan,Lal,United States,Single,Male,1978-07-06,2025-10-08
960,11959,AW00011959,Elizabeth,Davis,United States,Single,Female,1978-10-05,2025-10-08
961,11960,AW00011960,Ana,Griffin,United States,Single,Female,1978-12-31,2025-10-08
962,11961,AW00011961,Anne,Alvarez,United States,Single,Female,1978-12-22,2025-10-08
963,11962,AW00011962,Alexandra,Roberts,United States,Single,Female,1982-05-28,2025-10-08
964,11963,AW00011963,Antonio,Patterson,Australia,Married,Male,1960-12-10,2025-10-08
965,11964,AW00011964,Sharon,Salavaria,Australia,Single,Male,1967-02-13,2025-10-08
966,11965,AW00011965,Katie,She,Australia,Single,Female,1962-04-18,2025-10-08
967,11966,AW00011966,Rafael,Black,Australia,Single,Male,1967-02-13,2025-10-08
968,11967,AW00011967,Latasha,Munoz,Australia,Single,Female,1962-08-10,2025-10-08
969,11968,AW00011968,Kelsey,Becker,Australia,Single,Female,1964-04-19,2025-10-08
970,11969,AW00011969,Randy,Xu,Australia,Single,Male,1964-01-22,2025-10-08
971,11970,AW00011970,Bailey,Collins,United States,Single,Female,1984-11-12,2025-10-08
972,11971,AW00011971,Amanda,Adams,United States,Single,Female,1979-03-03,2025-10-08
973,11972,AW00011972,Katherine,Williams,United States,Married,Female,1979-09-20,2025-10-08
974,11973,AW00011973,Caroline,Barnes,United States,Single,Female,1979-08-03,2025-10-08
975,11974,AW00011974,Randy,Sun,United States,Single,Male,1979-08-07,2025-10-08
976,11975,AW00011975,Destiny,Garcia,United States,Single,Female,1980-04-02,2025-10-08
977,11976,AW00011976,Audrey,Ramos,Australia,Single,Female,1970-05-22,2025-10-08
978,11977,AW00011977,Bonnie,Jai,Australia,Married,Female,1964-11-19,2025-10-08
979,11978,AW00011978,Jackson,Washington,United States,Married,Male,1977-10-18,2025-10-08
980,11979,AW00011979,Christopher,Johnson,Canada,Married,Male,1962-11-05,2025-10-08
981,11980,AW00011980,Kimberly,Richardson,United States,Single,Female,1963-06-17,2025-10-08
982,11981,AW00011981,Alexandria,Howard,United States,Single,Female,1962-08-03,2025-10-08
983,11982,AW00011982,Alexandra,Foster,United States,Single,Female,1962-10-02,2025-10-08
984,11983,AW00011983,Cheryl,Ortega,United States,Married,Female,1968-02-24,2025-10-08
985,11984,AW00011984,Alex,Campbell,Canada,Married,Male,1962-12-04,2025-10-08
986,11985,AW00011985,Melanie,Hughes,United States,Married,Female,1963-05-18,2025-10-08
987,11986,AW00011986,Max,Alvarez,Australia,Single,Male,1969-01-20,2025-10-08
988,11987,AW00011987,Diane,Vazquez,Australia,Married,Female,1973-05-26,2025-10-08
989,11988,AW00011988,Kathryn,Chapman,Australia,Single,Female,1968-02-17,2025-10-08
990,11989,AW00011989,Kara,Anand,Australia,Single,Female,1984-03-20,2025-10-08
991,11990,AW00011990,Joanna,Vazquez,Australia,Single,Female,1968-01-12,2025-10-08
992,11991,AW00011991,Frederick,Martinez,Australia,Married,Male,1968-02-07,2025-10-08
993,11992,AW00011992,Tonya,Chande,Australia,Single,Female,1972-06-09,2025-10-08
994,11993,AW00011993,Rosa,Wang,Australia,Single,Female,1977-09-12,2025-10-08
995,11994,AW00011994,Leah,Hu,Australia,Single,Female,1977-10-18,2025-10-08
996,11995,AW00011995,Kelvin,Carson,Australia,Married,Male,1965-12-12,2025-10-08
997,11996,AW00011996,Veronica,Srini,Australia,Single,Female,1966-01-30,2025-10-08
998,11997,AW00011997,Kristina,Kapoor,Australia,Married,Female,1971-04-04,2025-10-08
999,11998,AW00011998,Donna,Sharma,Australia,Married,Female,1966-02-07,2025-10-08
1000,11999,AW00011999,Johnny,Shan,Australia,Married,Male,1965-12-03,2025-10-08
1001,12000,AW00012000,Ashley,Russell,Australia,Single,Female,1970-09-09,2025-10-08
1002,12001,AW00012001,Shannon,Yang,Australia,Single,Female,1981-12-30,2025-10-08
1003,12002,AW00012002,Adriana,Lopez,Australia,Single,Female,1969-08-05,2025-10-08
1004,12003,AW00012003,Audrey,Munoz,Australia,Single,Female,1979-09-04,2025-10-08
1005,12004,AW00012004,Jarrod,Suri,Australia,Single,Male,1974-12-16,2025-10-08
1006,12005,AW00012005,Gilbert,Shen,Australia,Married,Male,1973-07-13,2025-10-08
1007,12006,AW00012006,Richard,Blue,Australia,Married,Male,1973-03-12,2025-10-08
1008,12007,AW00012007,Shannon,Sun,Australia,Married,Female,1967-01-23,2025-10-08
1009,12008,AW00012008,Sharon,Yuan,Australia,Married,Female,1967-02-19,2025-10-08
1010,12009,AW00012009,Ann,Martinez,Australia,Single,Female,1963-01-31,2025-10-08
1011,12010,AW00012010,Max,Serrano,Australia,Married,Male,1962-08-26,2025-10-08
1012,12011,AW00012011,Morgan,Johnson,Australia,Single,Female,1940-08-16,2025-10-08
1013,12012,AW00012012,Monica,Schmidt,Australia,Married,Female,1971-10-19,2025-10-08
1014,12013,AW00012013,Kayla,Lewis,Australia,Single,Female,1958-09-04,2025-10-08
1015,12014,AW00012014,Devin,Sanders,Australia,Married,Male,1954-08-09,2025-10-08
1016,12015,AW00012015,Jacob,White,United States,Single,Male,1982-01-06,2025-10-08
1017,12016,AW00012016,Meredith,Serrano,United States,Single,Female,1981-06-11,2025-10-08
1018,12017,AW00012017,David,Simmons,Canada,Married,Male,1982-04-26,2025-10-08
1019,12018,AW00012018,Devin,Henderson,United States,Married,Male,1986-01-30,2025-10-08
1020,12019,AW00012019,Gabrielle,Cox,United States,Single,Female,1986-05-13,2025-10-08
1021,12020,AW00012020,Olivia,Rogers,Canada,Married,Female,1985-03-13,2025-10-08
1022,12021,AW00012021,Deborah,Yuan,Australia,Single,Female,1951-08-13,2025-10-08
1023,12022,AW00012022,Jose,Wright,United States,Single,Male,1986-05-22,2025-10-08
1024,12023,AW00012023,Fernando,Johnson,United States,Single,Male,1984-01-05,2025-10-08
1025,12024,AW00012024,Samuel,Edwards,United States,Single,Male,1983-12-24,2025-10-08
1026,12025,AW00012025,Logan,Diaz,United States,Married,Male,1983-12-16,2025-10-08
1027,12026,AW00012026,Lucas,Flores,United States,Married,Male,1984-01-14,2025-10-08
1028,12027,AW00012027,Haley,Wood,United States,Married,Female,1984-04-24,2025-10-08
1029,12028,AW00012028,Sarah,Lewis,United States,Single,Female,1983-05-11,2025-10-08
1030,12029,AW00012029,Damien,Hu,United States,Married,Male,1983-04-15,2025-10-08
1031,12030,AW00012030,Ana,Washington,United States,Single,Female,1982-08-05,2025-10-08
1032,12031,AW00012031,Logan,Jai,Canada,Single,Male,1985-04-17,2025-10-08
1033,12032,AW00012032,Tyler,Taylor,Canada,Single,Male,1984-11-22,2025-10-08
1034,12033,AW00012033,Kristen,Guo,United States,Single,Female,1984-10-29,2025-10-08
1035,12034,AW00012034,Julian,Long,Australia,Married,Male,1946-09-11,2025-10-08
1036,12035,AW00012035,Gerald,Prasad,Australia,Married,Male,1946-12-20,2025-10-08
1037,12036,AW00012036,Summer,Lopez,Australia,Married,Female,1946-08-06,2025-10-08
1038,12037,AW00012037,Patricia,Chapman,Australia,Single,Female,1949-03-13,2025-10-08
1039,12038,AW00012038,George,Vance,Australia,Single,Male,1949-02-06,2025-10-08
1040,12039,AW00012039,Ricardo,Nath,Australia,Married,Male,1948-08-12,2025-10-08
1041,12040,AW00012040,Richard,Torres,United States,Married,Male,1982-02-15,2025-10-08
1042,12041,AW00012041,Seth,Martin,United States,Married,Male,1986-06-03,2025-10-08
1043,12042,AW00012042,Alex,Carter,United States,Married,Male,1981-03-26,2025-10-08
1044,12043,AW00012043,Carson,Patterson,United States,Married,Male,1980-03-20,2025-10-08
1045,12044,AW00012044,Madeline,Lopez,United States,Single,Female,1979-11-24,2025-10-08
1046,12045,AW00012045,Luis,Russell,United States,Single,Male,1979-12-23,2025-10-08
1047,12046,AW00012046,Alexa,Cook,United States,Single,Female,1980-01-15,2025-10-08
1048,12047,AW00012047,Alexandra,Davis,United States,Single,Female,1979-09-22,2025-10-08
1049,12048,AW00012048,Kayla,Coleman,United States,Single,Female,1983-05-16,2025-10-08
1050,12049,AW00012049,Angela,Russell,United States,Single,Female,1973-10-09,2025-10-08
1051,12050,AW00012050,Aaron,Young,United States,Single,Male,1978-09-10,2025-10-08
1052,12051,AW00012051,Isaiah,Scott,United States,Single,Male,1984-03-19,2025-10-08
1053,12052,AW00012052,Makayla,Ward,United States,Single,Female,1972-11-23,2025-10-08
1054,12053,AW00012053,Cedric,Gao,United States,Single,Male,1972-11-11,2025-10-08
1055,12054,AW00012054,Luke,Diaz,Canada,Married,Male,1973-12-02,2025-10-08
1056,12055,AW00012055,Arianna,Richardson,Canada,Married,Female,1974-05-20,2025-10-08
1057,12056,AW00012056,Ian,Ward,Canada,Married,Male,1947-12-13,2025-10-08
1058,12057,AW00012057,Madeline,Collins,United States,Married,Female,1948-09-11,2025-10-08
1059,12058,AW00012058,Chloe,Nelson,United States,Married,Female,1948-12-30,2025-10-08
1060,12059,AW00012059,Jason,Jenkins,United States,Married,Male,1948-11-29,2025-10-08
1061,12060,AW00012060,Andrew,Wedge,Canada,Single,Male,1948-10-13,2025-10-08
1062,12061,AW00012061,Bryce,Brooks,Canada,Married,Male,1948-11-05,2025-10-08
1063,12062,AW00012062,Edward,Long,United States,Married,Male,1949-12-02,2025-10-08
1064,12063,AW00012063,Xavier,Martinez,United States,Married,Male,1950-03-08,2025-10-08
1065,12064,AW00012064,John,White,United States,Single,Male,1955-10-06,2025-10-08
1066,12065,AW00012065,Isaiah,Collins,United States,Married,Male,1949-12-31,2025-10-08
1067,12066,AW00012066,Wyatt,Powell,United States,Married,Male,1950-02-09,2025-10-08
1068,12067,AW00012067,Aaron,Bryant,United States,Single,Male,1950-05-14,2025-10-08
1069,12068,AW00012068,Maria,Jenkins,United States,Single,Female,1949-11-19,2025-10-08
1070,12069,AW00012069,Garrett,Kelly,United States,Married,Male,1950-05-01,2025-10-08
1071,12070,AW00012070,Luke,Ross,United States,Married,Male,1950-03-03,2025-10-08
1072,12071,AW00012071,Robert,Robinson,United States,Married,Male,1949-09-30,2025-10-08
1073,12072,AW00012072,Tristan,Ross,United States,Married,Male,1950-02-21,2025-10-08
1074,12073,AW00012073,Thomas,Rodriguez,United States,Married,Male,1950-02-20,2025-10-08
1075,12074,AW00012074,Megan,Jenkins,Canada,Single,Female,1961-04-22,2025-10-08
1076,12075,AW00012075,Cameron,Griffin,United States,Single,Male,1949-12-24,2025-10-08
1077,12076,AW00012076,Chloe,Washington,United States,Married,Female,1955-02-22,2025-10-08
1078,12077,AW00012077,Nicole,Sandberg,Canada,Single,Female,1956-03-17,2025-10-08
1079,12078,AW00012078,Jose,Edwards,United States,Married,Male,1950-08-18,2025-10-08
1080,12079,AW00012079,Nathaniel,Cooper,United States,Married,Male,1956-10-09,2025-10-08
1081,12080,AW00012080,Grace,Sanchez,Canada,Single,Female,1951-12-07,2025-10-08
1082,12081,AW00012081,Kaitlyn,Perez,Canada,Single,Female,1957-06-01,2025-10-08
1083,12082,AW00012082,Lauren,Sanchez,United States,Married,Female,1952-04-10,2025-10-08
1084,12083,AW00012083,Kayla,Alexander,United States,Married,Female,1951-08-28,2025-10-08
1085,12084,AW00012084,Aidan,Perry,United States,Married,Male,1953-02-03,2025-10-08
1086,12085,AW00012085,Tyler,Rodriguez,United States,Married,Male,1953-06-23,2025-10-08
1087,12086,AW00012086,Emily,Clark,Canada,Single,Female,1953-02-09,2025-10-08
1088,12087,AW00012087,Sean,Cook,United States,Single,Male,1958-07-10,2025-10-08
1089,12088,AW00012088,Lauren,Thompson,United States,Single,Female,1953-01-18,2025-10-08
1090,12089,AW00012089,Nathaniel,Richardson,Canada,Married,Male,1958-10-20,2025-10-08
1091,12090,AW00012090,Savannah,Carter,Canada,Married,Female,1954-01-02,2025-10-08
1092,12091,AW00012091,Eddie,Munoz,United States,Married,Male,1959-11-09,2025-10-08
1093,12092,AW00012092,Austin,White,United States,Married,Male,1953-08-08,2025-10-08
1094,12093,AW00012093,Levi,Chandra,United States,Married,Male,1954-05-08,2025-10-08
1095,12094,AW00012094,Bailey,Bailey,United States,Married,Female,1954-03-19,2025-10-08
1096,12095,AW00012095,Austin,Griffin,United States,Married,Male,1953-08-24,2025-10-08
1097,12096,AW00012096,Caitlin,Brooks,United States,Married,Female,1953-08-26,2025-10-08
1098,12097,AW00012097,Sean,Allen,Canada,Single,Male,1955-05-13,2025-10-08
1099,12098,AW00012098,Grace,Clark,United States,Single,Female,1955-04-24,2025-10-08
1100,12099,AW00012099,Sydney,Hall,United States,Single,Female,1955-05-18,2025-10-08
1101,12100,AW00012100,Jon,Sun,United States,Single,Male,1954-10-22,2025-10-08
1102,12101,AW00012101,Logan,Patterson,United States,Single,Male,1954-10-22,2025-10-08
1103,12102,AW00012102,Devin,Simmons,United States,Married,Male,1954-12-02,2025-10-08
1104,12103,AW00012103,Chloe,White,United States,Married,Female,1960-10-08,2025-10-08
1105,12104,AW00012104,Mariah,Ross,United States,Married,Female,1960-01-08,2025-10-08
1106,12105,AW00012105,Abigail,Foster,United States,Single,Female,1954-11-13,2025-10-08
1107,12106,AW00012106,Isaiah,Baker,Canada,Married,Male,1955-12-06,2025-10-08
1108,12107,AW00012107,Nathan,Gonzales,Canada,Married,Male,1961-08-11,2025-10-08
1109,12108,AW00012108,James,Walker,United States,Married,Male,1961-02-19,2025-10-08
1110,12109,AW00012109,Morgan,Foster,United States,Single,Female,1955-09-17,2025-10-08
1111,12110,AW00012110,Bianca,Guo,United States,Married,Female,1955-08-03,2025-10-08
1112,12111,AW00012111,Jacqueline,Gonzales,United States,Married,Female,1956-02-01,2025-10-08
1113,12112,AW00012112,Arianna,Henderson,United States,Married,Female,1955-12-07,2025-10-08
1114,12113,AW00012113,Nathan,Hughes,Canada,Married,Male,1968-02-16,2025-10-08
1115,12114,AW00012114,Charles,Richardson,Canada,Married,Male,1957-05-06,2025-10-08
1116,12115,AW00012115,Chloe,Richardson,United States,Single,Female,1956-08-07,2025-10-08
1117,12116,AW00012116,Amanda,Gray,United States,Single,Female,1956-08-21,2025-10-08
1118,12117,AW00012117,Cameron,Yang,United States,Married,Male,1957-01-30,2025-10-08
1119,12118,AW00012118,Miguel,Sanchez,United States,Married,Female,1967-07-23,2025-10-08
1120,12119,AW00012119,Keith,Raje,United States,Married,Male,1956-11-28,2025-10-08
1121,12120,AW00012120,Xavier,Simmons,United States,Married,Male,1958-01-08,2025-10-08
1122,12121,AW00012121,Logan,Wilson,United States,Single,Male,1958-03-25,2025-10-08
1123,12122,AW00012122,Destiny,Coleman,Canada,Married,Female,1958-06-17,2025-10-08
1124,12123,AW00012123,Wesley,Liang,United Kingdom,Married,Male,NULL,2025-10-08
1125,12124,AW00012124,Brandi,Gill,France,Single,Female,1962-08-08,2025-10-08
1126,12125,AW00012125,Diana,Ortega,Germany,Married,Female,1962-07-12,2025-10-08
1127,12126,AW00012126,Tammy,Raman,United Kingdom,Married,Female,1963-05-18,2025-10-08
1128,12127,AW00012127,Grace,Davis,France,Married,Female,1962-06-13,2025-10-08
1129,12128,AW00012128,Kristy,Munoz,Germany,Married,Female,1967-12-13,2025-10-08
1130,12129,AW00012129,Wendy,Alvarez,Germany,Married,Female,1962-03-21,2025-10-08
1131,12130,AW00012130,Suzanne,Zhou,Germany,Single,Female,1962-02-09,2025-10-08
1132,12131,AW00012131,Randall,Dominguez,France,Married,Male,1961-04-15,2025-10-08
1133,12132,AW00012132,Kaitlyn,Henderson,France,Married,Female,1961-05-18,2025-10-08
1134,12133,AW00012133,Colleen,Xie,United Kingdom,Married,Female,1961-06-24,2025-10-08
1135,12134,AW00012134,Hector,Alonso,United Kingdom,Married,Male,1966-09-19,2025-10-08
1136,12135,AW00012135,Fernando,Taylor,United States,Married,Male,1962-10-09,2025-10-08
1137,12136,AW00012136,Blake,Turner,Canada,Married,Male,1938-05-08,2025-10-08
1138,12137,AW00012137,Jack,Green,United States,Married,Male,1938-05-04,2025-10-08
1139,12138,AW00012138,Colin,Jai,United States,Married,Male,1939-05-26,2025-10-08
1140,12139,AW00012139,Franklin,Yang,United States,Married,Male,1944-03-11,2025-10-08
1141,12140,AW00012140,Oscar,Russell,Canada,Single,Male,1970-09-08,2025-10-08
1142,12141,AW00012141,Kaitlyn,Lee,United States,Single,Female,1976-09-16,2025-10-08
1143,12142,AW00012142,Gabriella,Torres,United States,Single,Female,1981-07-02,2025-10-08
1144,12143,AW00012143,Logan,Turner,United States,Married,Male,1971-05-13,2025-10-08
1145,12144,AW00012144,Kelly,Jenkins,United States,Married,Female,1971-05-10,2025-10-08
1146,12145,AW00012145,Brandon,Butler,United States,Married,n/a,1976-09-30,2025-10-08
1147,12146,AW00012146,Xavier,Thomas,United States,Single,Male,1971-01-11,2025-10-08
1148,12147,AW00012147,Taylor,Patterson,Canada,Married,Female,1970-06-27,2025-10-08
1149,12148,AW00012148,Gabrielle,Morris,United States,Single,Female,1970-06-05,2025-10-08
1150,12149,AW00012149,Bailey,Scott,United States,Married,Female,1975-06-21,2025-10-08
1151,12150,AW00012150,Logan,Wang,United States,Married,Male,1975-08-09,2025-10-08
1152,12151,AW00012151,Steven,Kelly,United States,Married,Male,1969-11-09,2025-10-08
1153,12152,AW00012152,Adrian,Ramirez,United States,Married,Male,1975-03-23,2025-10-08
1154,12153,AW00012153,Kaitlyn,Bailey,United States,Single,Female,1962-03-15,2025-10-08
1155,12154,AW00012154,Hailey,Adams,Canada,Single,Female,1967-07-21,2025-10-08
1156,12155,AW00012155,Gabriella,Lopez,United States,Single,Female,1967-10-12,2025-10-08
1157,12156,AW00012156,Bonnie,Raji,United States,Married,Female,1939-07-12,2025-10-08
1158,12157,AW00012157,William,White,United States,Married,Male,1940-03-21,2025-10-08
1159,12158,AW00012158,Kyle,Phillips,Canada,Married,Male,1979-10-18,2025-10-08
1160,12159,AW00012159,Kaitlyn,Scott,Canada,Married,Female,1974-11-10,2025-10-08
1161,12160,AW00012160,Jaclyn,Zhang,United States,Single,Female,1969-05-23,2025-10-08
1162,12161,AW00012161,Alexandria,Rogers,United States,Married,Female,1974-03-04,2025-10-08
1163,12162,AW00012162,Luke,Mitchell,United States,Single,Male,1974-12-16,2025-10-08
1164,12163,AW00012163,Aaron,Wang,United States,Single,Male,1969-03-04,2025-10-08
1165,12164,AW00012164,Noah,Butler,United States,Married,Male,1974-04-09,2025-10-08
1166,12165,AW00012165,Caleb,Flores,Canada,Married,Male,1967-12-10,2025-10-08
1167,12166,AW00012166,Jared,Rogers,Canada,Married,Male,1984-03-06,2025-10-08
1168,12167,AW00012167,Sebastian,Stewart,United States,Single,Male,1968-03-20,2025-10-08
1169,12168,AW00012168,Hunter,Jackson,United States,Married,Male,1966-08-09,2025-10-08
1170,12169,AW00012169,Abigail,Howard,United States,Single,Female,1972-11-12,2025-10-08
1171,12170,AW00012170,Sara,Reed,United States,Married,Female,1972-01-04,2025-10-08
1172,12171,AW00012171,Alyssa,Cooper,United States,Single,Female,1972-01-31,2025-10-08
1173,12172,AW00012172,Eduardo,Alexander,United States,Single,Male,1972-03-01,2025-10-08
1174,12173,AW00012173,Dalton,Edwards,United States,Married,Male,1967-03-12,2025-10-08
1175,12174,AW00012174,Charles,Phillips,United States,Married,Male,1966-11-04,2025-10-08
1176,12175,AW00012175,Luke,Powell,United States,Single,Male,1966-09-09,2025-10-08
1177,12176,AW00012176,Cody,James,United States,Single,Male,1966-11-12,2025-10-08
1178,12177,AW00012177,Kevin,Campbell,Canada,Single,Male,1960-09-23,2025-10-08
1179,12178,AW00012178,Ethan,Shan,United States,Married,Male,1959-11-08,2025-10-08
1180,12179,AW00012179,Alexis,Jones,United States,Single,Female,1941-04-08,2025-10-08
1181,12180,AW00012180,Holly,Mehta,United States,Single,Female,1942-03-17,2025-10-08
1182,12181,AW00012181,Katelyn,Sanders,United States,Married,Female,1942-02-18,2025-10-08
1183,12182,AW00012182,Erin,Torres,Canada,Married,Female,1966-06-06,2025-10-08
1184,12183,AW00012183,Emily,Robinson,Canada,Married,Female,1966-04-25,2025-10-08
1185,12184,AW00012184,Isaiah,Perez,United States,Married,Male,1966-06-07,2025-10-08
1186,12185,AW00012185,Kaitlyn,Patterson,United States,Single,Female,1966-01-24,2025-10-08
1187,12186,AW00012186,Bryant,Srini,United States,Single,Male,1971-05-09,2025-10-08
1188,12187,AW00012187,Ruben,Subram,United States,Married,Male,1966-01-19,2025-10-08
1189,12188,AW00012188,Ashley,Thomas,United States,Single,Female,NULL,2025-10-08
1190,12189,AW00012189,Sophia,Wright,United States,Married,Female,1971-02-15,2025-10-08
1191,12190,AW00012190,Justin,Gonzales,United States,Single,Male,1966-06-16,2025-10-08
1192,12191,AW00012191,Melissa,Washington,United States,Married,Female,1965-04-06,2025-10-08
1193,12192,AW00012192,Jocelyn,Hayes,United States,Single,Female,1960-05-25,2025-10-08
1194,12193,AW00012193,Caleb,Simmons,Canada,Single,Male,1959-08-04,2025-10-08
1195,12194,AW00012194,Destiny,Foster,United States,Single,Female,1959-01-14,2025-10-08
1196,12195,AW00012195,Erin,Morris,United States,Single,Female,1970-05-20,2025-10-08
1197,12196,AW00012196,Alexis,Miller,Canada,Single,Female,1959-03-07,2025-10-08
1198,12197,AW00012197,Adam,Hernandez,United States,Married,Male,1958-07-15,2025-10-08
1199,12198,AW00012198,Noah,Scott,United States,Married,Male,1958-08-14,2025-10-08
1200,12199,AW00012199,Christina,Richardson,United States,Single,Female,1957-11-05,2025-10-08
1201,12200,AW00012200,Rafael,Sharma,United States,Married,Male,1943-01-20,2025-10-08
1202,12201,AW00012201,Mindy,Yuan,United States,Married,Female,1944-02-03,2025-10-08
1203,12202,AW00012202,Xavier,Ross,Canada,Married,Male,1943-11-22,2025-10-08
1204,12203,AW00012203,Zachary,Hughes,Canada,Married,Male,1943-09-03,2025-10-08
1205,12204,AW00012204,Bradley,Jai,United States,Married,Male,1943-08-02,2025-10-08
1206,12205,AW00012205,Madison,Long,United States,Single,Female,1944-03-31,2025-10-08
1207,12206,AW00012206,Sierra,Parker,United States,Married,Female,1944-10-09,2025-10-08
1208,12207,AW00012207,Samuel,Hill,United States,Single,Male,1945-12-18,2025-10-08
1209,12208,AW00012208,Dominique,Sanchez,United States,Married,Female,1945-08-18,2025-10-08
1210,12209,AW00012209,Mindy,Jai,United States,Married,Female,1945-12-24,2025-10-08
1211,12210,AW00012210,Alan,He,United Kingdom,Married,Male,1984-03-24,2025-10-08
1212,12211,AW00012211,Victor,Romero,France,Married,Male,1985-02-23,2025-10-08
1213,12212,AW00012212,Shawna,Xie,France,Married,Female,1974-11-16,2025-10-08
1214,12213,AW00012213,Alejandro,Lal,Germany,Married,Male,1974-01-29,2025-10-08
1215,12214,AW00012214,Julie,Raje,United Kingdom,Married,Female,1968-03-19,2025-10-08
1216,12215,AW00012215,Karla,She,United Kingdom,Married,Female,1968-06-12,2025-10-08
1217,12216,AW00012216,Gerald,Rodriguez,United Kingdom,Married,Male,1967-09-30,2025-10-08
1218,12217,AW00012217,Kyle,Roberts,France,Married,Male,1966-12-31,2025-10-08
1219,12218,AW00012218,Mitchell,Xu,Germany,Married,Male,1967-05-26,2025-10-08
1220,12219,AW00012219,Kurt,Nara,France,Married,Male,1977-10-08,2025-10-08
1221,12220,AW00012220,Virginia,Sara,France,Married,Female,1966-07-16,2025-10-08
1222,12221,AW00012221,Brandi,Ruiz,France,Married,Female,1966-07-09,2025-10-08
1223,12222,AW00012222,Jenny,Xu,United Kingdom,Married,Female,1966-09-17,2025-10-08
1224,12223,AW00012223,Felicia,Vazquez,Germany,Married,Female,1966-08-19,2025-10-08
1225,12224,AW00012224,Tristan,Henderson,United Kingdom,Married,Male,1941-03-17,2025-10-08
1226,12225,AW00012225,Kathleen,Ortega,Germany,Married,Female,1964-05-01,2025-10-08
1227,12226,AW00012226,Faith,Ward,Germany,Married,Female,1968-04-06,2025-10-08
1228,12227,AW00012227,Kelsey,Raje,United Kingdom,Married,Female,1963-02-08,2025-10-08
1229,12228,AW00012228,Mayra,Martinez,Germany,Married,Female,1963-02-23,2025-10-08
1230,12229,AW00012229,Kari,Gomez,Germany,Married,Female,1962-05-17,2025-10-08
1231,12230,AW00012230,Wesley,Zheng,Germany,Married,Male,1961-08-11,2025-10-08
1232,12231,AW00012231,Isabelle,Patterson,Germany,Single,Female,1960-09-15,2025-10-08
1233,12232,AW00012232,Sean,Hernandez,Germany,Single,Male,1960-10-11,2025-10-08
1234,12233,AW00012233,Jerry,Yuan,United Kingdom,Married,Male,1960-11-05,2025-10-08
1235,12234,AW00012234,Clarence,Zeng,France,Married,Male,1959-08-25,2025-10-08
1236,12235,AW00012235,Donna,Rai,United Kingdom,Married,Female,1949-05-22,2025-10-08
1237,12236,AW00012236,Kendra,Gill,Germany,Married,Female,1946-12-04,2025-10-08
1238,12237,AW00012237,Ruth,Madan,Germany,Married,Female,1952-05-07,2025-10-08
1239,12238,AW00012238,Monica,Raman,Germany,Married,Female,1952-07-24,2025-10-08
1240,12239,AW00012239,Alberto,Ramos,United Kingdom,Married,Male,1947-11-29,2025-10-08
1241,12240,AW00012240,Clayton,Sharma,Australia,Single,Male,1986-06-03,2025-10-08
1242,12241,AW00012241,Kristine,Sandberg,Australia,Single,Female,1985-05-05,2025-10-08
1243,12242,AW00012242,Gilbert,Liang,Australia,Single,Male,1984-08-03,2025-10-08
1244,12243,AW00012243,Kristy,Rubio,Australia,Single,Female,1985-11-15,2025-10-08
1245,12244,AW00012244,Amy,Huang,Australia,Married,Female,1986-05-22,2025-10-08
1246,12245,AW00012245,Francisco,Gonzalez,Australia,Single,Male,1984-05-25,2025-10-08
1247,12246,AW00012246,Shawn,Luo,Australia,Married,Male,1985-04-10,2025-10-08
1248,12247,AW00012247,Brandy,Raman,Australia,Single,Female,1985-04-16,2025-10-08
1249,12248,AW00012248,Devin,Taylor,Australia,Single,Male,NULL,2025-10-08
1250,12249,AW00012249,Jessie,Cai,Australia,Married,Male,1984-03-15,2025-10-08
1251,12250,AW00012250,Andrea,Collins,Australia,Single,Female,1982-10-06,2025-10-08
1252,12251,AW00012251,Troy,Suri,Australia,Married,Male,1982-10-07,2025-10-08
1253,12252,AW00012252,Omar,Liu,Australia,Married,Male,1983-03-31,2025-10-08
1254,12253,AW00012253,Jenny,Sun,Australia,Single,Female,1982-08-14,2025-10-08
1255,12254,AW00012254,Calvin,Deng,France,Single,Male,1948-08-25,2025-10-08
1256,12255,AW00012255,Robyn,Alvarez,France,Single,Female,1978-01-30,2025-10-08
1257,12256,AW00012256,Wendy,Ramos,France,Married,Female,1972-10-19,2025-10-08
1258,12257,AW00012257,Ross,Ruiz,Germany,Married,Male,1966-10-04,2025-10-08
1259,12258,AW00012258,Jamie,Li,Germany,Married,Female,1967-03-27,2025-10-08
1260,12259,AW00012259,Cindy,Madan,United Kingdom,Married,Female,1972-04-12,2025-10-08
1261,12260,AW00012260,Melinda,Romero,United Kingdom,Married,Female,1972-05-01,2025-10-08
1262,12261,AW00012261,Kaitlin,Sanchez,France,Married,Female,1966-04-25,2025-10-08
1263,12262,AW00012262,Morgan,Sanchez,United Kingdom,Married,Female,1965-11-19,2025-10-08
1264,12263,AW00012263,Emmanuel,Garcia,United Kingdom,Single,Male,1965-09-12,2025-10-08
1265,12264,AW00012264,Bruce,Ashe,United Kingdom,Single,Male,1976-08-16,2025-10-08
1266,12265,AW00012265,Alan,Guo,France,Single,Male,1964-12-30,2025-10-08
1267,12266,AW00012266,Tiffany,Lin,Germany,Married,Female,1970-03-13,2025-10-08
1268,12267,AW00012267,Clifford,Garcia,France,Single,Male,1963-11-07,2025-10-08
1269,12268,AW00012268,Edwin,Shan,Germany,Married,Male,1963-10-30,2025-10-08
1270,12269,AW00012269,Warren,Zheng,France,Married,Male,1971-06-10,2025-10-08
1271,12270,AW00012270,Ebony,Ramos,Germany,Single,Female,1966-03-09,2025-10-08
1272,12271,AW00012271,Tyrone,Hernandez,United Kingdom,Married,Male,1965-03-15,2025-10-08
1273,12272,AW00012272,Justin,Alexander,United Kingdom,Married,Male,1965-06-08,2025-10-08
1274,12273,AW00012273,Nelson,Carlson,Germany,Married,Male,1964-04-12,2025-10-08
1275,12274,AW00012274,Javier,Torres,France,Single,Male,1976-03-25,2025-10-08
1276,12275,AW00012275,Adriana,Madan,Germany,Single,Female,1981-06-07,2025-10-08
1277,12276,AW00012276,Alisha,Shan,Germany,Married,Female,1976-01-10,2025-10-08
1278,12277,AW00012277,Beth,Ortega,United Kingdom,Single,Female,1974-10-20,2025-10-08
1279,12278,AW00012278,Meredith,Johnsen,Germany,Single,Female,1974-07-06,2025-10-08
1280,12279,AW00012279,Mathew,Suarez,France,Married,Male,1975-12-19,2025-10-08
1281,12280,AW00012280,Theresa,Alvarez,France,Married,Female,1981-06-04,2025-10-08
1282,12281,AW00012281,Janelle,Sanchez,United Kingdom,Married,Female,1981-04-19,2025-10-08
1283,12282,AW00012282,Nicolas,Tang,United Kingdom,Single,Male,1981-01-03,2025-10-08
1284,12283,AW00012283,Todd,Zeng,United Kingdom,Single,Male,1980-08-06,2025-10-08
1285,12284,AW00012284,Cristina,Beck,United Kingdom,Married,Female,1980-09-28,2025-10-08
1286,12285,AW00012285,Bethany,Chande,France,Single,Female,1975-05-28,2025-10-08
1287,12286,AW00012286,Nathan,Jenkins,United Kingdom,Single,Male,1975-03-06,2025-10-08
1288,12287,AW00012287,Andre,Arun,United Kingdom,Single,Male,1957-06-30,2025-10-08
1289,12288,AW00012288,Sara,Brooks,United Kingdom,Married,Female,1984-09-17,2025-10-08
1290,12289,AW00012289,Joseph,Taylor,United Kingdom,Single,Male,1984-09-16,2025-10-08
1291,12290,AW00012290,Kaylee,Morris,France,Single,Female,1973-10-23,2025-10-08
1292,12291,AW00012291,Johnathan,Suri,Germany,Single,Male,1949-10-17,2025-10-08
1293,12292,AW00012292,Nicolas,Kumar,United Kingdom,Married,Male,1955-03-21,2025-10-08
1294,12293,AW00012293,Tammy,Garcia,United Kingdom,Married,Female,1949-11-14,2025-10-08
1295,12294,AW00012294,Shane,Kovar,United Kingdom,Married,Male,1950-05-31,2025-10-08
1296,12295,AW00012295,Dwayne,Gomez,France,Single,Male,1956-03-17,2025-10-08
1297,12296,AW00012296,Francisco,Sara,France,Married,Male,1961-08-11,2025-10-08
1298,12297,AW00012297,Felicia,Blanco,Germany,Single,Female,1950-07-08,2025-10-08
1299,12298,AW00012298,Crystal,Zeng,Germany,Single,Female,1950-11-18,2025-10-08
1300,12299,AW00012299,Walter,Serrano,United Kingdom,Married,Male,1950-12-08,2025-10-08
1301,12300,AW00012300,Adriana,Gonzalez,France,Single,Female,1952-01-15,2025-10-08
1302,12301,AW00012301,Nichole,Nara,France,Single,Female,1952-06-03,2025-10-08
1303,12302,AW00012302,Kevin,Coleman,Germany,Married,Male,1951-08-30,2025-10-08
1304,12303,AW00012303,Kristi,Alvarez,United Kingdom,Married,Female,1951-10-14,2025-10-08
1305,12304,AW00012304,Alejandro,Zhou,United Kingdom,Single,Male,1957-06-01,2025-10-08
1306,12305,AW00012305,Xavier,Bailey,United Kingdom,Married,Male,1960-01-03,2025-10-08
1307,12306,AW00012306,Logan,Parker,Germany,Married,Male,1958-12-04,2025-10-08
1308,12307,AW00012307,Brad,She,France,Married,Male,1960-05-12,2025-10-08
1309,12308,AW00012308,Margaret,He,France,Married,Female,1970-10-19,2025-10-08
1310,12309,AW00012309,Omar,Raje,United Kingdom,Single,Male,1960-04-03,2025-10-08
1311,12310,AW00012310,Stacy,Munoz,United Kingdom,Single,Female,1960-01-08,2025-10-08
1312,12311,AW00012311,Stanley,Weber,United Kingdom,Single,Male,1965-06-15,2025-10-08
1313,12312,AW00012312,Jake,Zhao,France,Married,Male,1970-05-06,2025-10-08
1314,12313,AW00012313,Jaime,Chande,France,Single,Male,1958-12-03,2025-10-08
1315,12314,AW00012314,Jill,Suarez,Germany,Married,Female,1959-03-20,2025-10-08
1316,12315,AW00012315,Ann,Rodriguez,United Kingdom,Married,Female,1959-03-19,2025-10-08
1317,12316,AW00012316,Alejandro,Luo,United Kingdom,Married,Male,1964-11-21,2025-10-08
1318,12317,AW00012317,Carl,She,United Kingdom,Married,Male,1959-03-24,2025-10-08
1319,12318,AW00012318,Kristina,Schmidt,United Kingdom,Married,Female,1958-10-31,2025-10-08
1320,12319,AW00012319,Shannon,Ye,Germany,Married,Female,1958-01-08,2025-10-08
1321,12320,AW00012320,Cheryl,Alvarez,United Kingdom,Single,Female,1963-06-14,2025-10-08
1322,12321,AW00012321,Rosa,Hu,France,Married,Female,1956-08-14,2025-10-08
1323,12322,AW00012322,Kari,Mehta,France,Married,Female,1957-01-29,2025-10-08
1324,12323,AW00012323,Lawrence,Alonso,France,Married,Male,1962-01-11,2025-10-08
1325,12324,AW00012324,Dale,Lal,Germany,Single,Male,1956-08-26,2025-10-08
1326,12325,AW00012325,Gloria,Martin,United Kingdom,Married,Female,1956-09-14,2025-10-08
1327,12326,AW00012326,Glenn,Zhou,United Kingdom,Single,Male,1956-08-02,2025-10-08
1328,12327,AW00012327,Edwin,Liang,Germany,Single,Male,1961-01-14,2025-10-08
1329,12328,AW00012328,Eugene,Zhao,United Kingdom,Single,Male,1955-09-15,2025-10-08
1330,12329,AW00012329,Bonnie,Shan,United Kingdom,Single,Female,1956-04-21,2025-10-08
1331,12330,AW00012330,Preston,Raman,Germany,Married,Male,1954-12-19,2025-10-08
1332,12331,AW00012331,Meagan,Chandra,France,Single,Female,1954-01-14,2025-10-08
1333,12332,AW00012332,Andres,Nara,France,Married,Male,1954-02-07,2025-10-08
1334,12333,AW00012333,Terrance,Rodriguez,France,Married,Male,1954-05-18,2025-10-08
1335,12334,AW00012334,Roy,Jimenez,United Kingdom,Married,Male,1959-08-17,2025-10-08
1336,12335,AW00012335,Francisco,Ashe,United Kingdom,Single,Male,1959-02-19,2025-10-08
1337,12336,AW00012336,Wyatt,Price,United Kingdom,Single,Male,1953-01-05,2025-10-08
1338,12337,AW00012337,Dustin,Goldstein,Australia,Single,Male,1981-04-07,2025-10-08
1339,12338,AW00012338,Monica,Vance,Australia,Single,Female,1982-01-05,2025-10-08
1340,12339,AW00012339,Clayton,Jai,Australia,Single,Male,1982-01-05,2025-10-08
1341,12340,AW00012340,Stacy,Diaz,Australia,Single,Female,1982-05-05,2025-10-08
1342,12341,AW00012341,Katie,Kumar,Australia,Married,Female,1982-03-09,2025-10-08
1343,12342,AW00012342,Morgan,Young,Australia,Married,Female,1980-09-05,2025-10-08
1344,12343,AW00012343,Gloria,Ruiz,Australia,Married,Female,1979-12-02,2025-10-08
1345,12344,AW00012344,Dominique,Perez,Australia,Single,Female,1980-11-29,2025-10-08
1346,12345,AW00012345,Alison,Raje,Australia,Single,Female,1980-12-24,2025-10-08
1347,12346,AW00012346,Wesley,Gao,Australia,Single,Male,1980-11-18,2025-10-08
1348,12347,AW00012347,Summer,Madan,Australia,Married,Female,1980-08-20,2025-10-08
1349,12348,AW00012348,Jimmy,Vazquez,Australia,Married,Male,1979-08-24,2025-10-08
1350,12349,AW00012349,Lacey,Yuan,Australia,Single,Female,1980-01-23,2025-10-08
1351,12350,AW00012350,Logan,Hernandez,Australia,Married,Male,1984-02-22,2025-10-08
1352,12351,AW00012351,Cara,Zhang,Australia,Married,Female,1984-09-28,2025-10-08
1353,12352,AW00012352,Ramon,Zhang,Australia,Married,Male,1978-09-02,2025-10-08
1354,12353,AW00012353,Joe,Ramos,Australia,Married,Male,1984-10-16,2025-10-08
1355,12354,AW00012354,Lance,Ortega,Australia,Married,Male,1984-08-03,2025-10-08
1356,12355,AW00012355,Monique,Ortega,Australia,Single,Female,1984-03-19,2025-10-08
1357,12356,AW00012356,Julia,Wood,Australia,Single,Female,1977-02-18,2025-10-08
1358,12357,AW00012357,Susan,Lu,Australia,Single,Female,1982-04-03,2025-10-08
1359,12358,AW00012358,Lacey,Raje,Australia,Married,Female,1975-08-26,2025-10-08
1360,12359,AW00012359,Veronica,Raman,Australia,Married,Female,1975-08-19,2025-10-08
1361,12360,AW00012360,Mario,Goel,Australia,Single,Male,1977-01-22,2025-10-08
1362,12361,AW00012361,Dana,Diaz,Australia,Married,Female,1982-03-28,2025-10-08
1363,12362,AW00012362,Thomas,Harrison,United States,Single,Male,1952-07-02,2025-10-08
1364,12363,AW00012363,Kayla,Thompson,Canada,Married,Female,1947-06-24,2025-10-08
1365,12364,AW00012364,Erin,Rogers,United States,Married,Female,1947-04-27,2025-10-08
1366,12365,AW00012365,Alex,Evans,United States,Married,Male,1953-02-08,2025-10-08
1367,12366,AW00012366,Stephanie,Cox,United States,Married,Female,1948-01-07,2025-10-08
1368,12367,AW00012367,Trinity,Townsend,United Kingdom,Single,Female,1979-02-19,2025-10-08
1369,12368,AW00012368,Rodney,Rubio,France,Single,Male,1978-12-20,2025-10-08
1370,12369,AW00012369,Terrence,Lal,Australia,Single,Male,1969-04-04,2025-10-08
1371,12370,AW00012370,Preston,Perez,Australia,Married,Male,1968-12-24,2025-10-08
1372,12371,AW00012371,Stefanie,Subram,Australia,Single,Female,1968-08-13,2025-10-08
1373,12372,AW00012372,Darren,Prasad,Australia,Single,Male,1969-03-17,2025-10-08
1374,12373,AW00012373,Isaac,Gray,France,Single,Male,1985-08-02,2025-10-08
1375,12374,AW00012374,Marie,Kapoor,France,Single,Female,1985-09-25,2025-10-08
1376,12375,AW00012375,Jarrod,Raman,France,Single,Male,1985-08-23,2025-10-08
1377,12376,AW00012376,Holly,Perez,United Kingdom,Single,Female,1985-09-29,2025-10-08
1378,12377,AW00012377,Christopher,Miller,Germany,Single,Male,1985-09-11,2025-10-08
1379,12378,AW00012378,Brianna,Sanchez,Germany,Single,Female,1985-02-16,2025-10-08
1380,12379,AW00012379,Bridget,Chande,Germany,Single,Female,1984-02-16,2025-10-08
1381,12380,AW00012380,Omar,Yuan,United Kingdom,Single,Male,1979-09-04,2025-10-08
1382,12381,AW00012381,Johnny,Lal,United Kingdom,Married,Male,1985-02-13,2025-10-08
1383,12382,AW00012382,Tamara,Chen,United Kingdom,Single,Female,1983-11-08,2025-10-08
1384,12383,AW00012383,Albert,Gomez,France,Single,Male,1978-10-18,2025-10-08
1385,12384,AW00012384,Jacquelyn,Gutierrez,Germany,Married,Female,1979-03-31,2025-10-08
1386,12385,AW00012385,Tara,Raji,United Kingdom,Married,Female,1978-09-24,2025-10-08
1387,12386,AW00012386,Katherine,Perry,Germany,Single,Female,1977-10-06,2025-10-08
1388,12387,AW00012387,Meredith,Vazquez,France,Single,Female,1983-12-24,2025-10-08
1389,12388,AW00012388,Casey,Kumar,Germany,Single,Female,1978-01-16,2025-10-08
1390,12389,AW00012389,Albert,JimÔö£┬«nez,France,Single,Male,1978-01-03,2025-10-08
1391,12390,AW00012390,Denise,Martinez,Germany,Single,Female,1983-09-14,2025-10-08
1392,12391,AW00012391,Olivia,Kelly,United Kingdom,Single,Female,1983-02-20,2025-10-08
1393,12392,AW00012392,Nichole,Nath,United Kingdom,Single,Female,1977-01-22,2025-10-08
1394,12393,AW00012393,Brenda,Sai,France,Single,Female,1977-01-12,2025-10-08
1395,12394,AW00012394,Erika,Serrano,United Kingdom,Single,Female,1982-03-09,2025-10-08
1396,12395,AW00012395,Kyle,Carter,France,Single,Male,1982-04-21,2025-10-08
1397,12396,AW00012396,Susan,Yang,Germany,Single,Female,1976-10-11,2025-10-08
1398,12397,AW00012397,Shaun,Chapman,Germany,Single,Male,1975-09-11,2025-10-08
1399,12398,AW00012398,Ashley,Clark,France,Single,Female,1977-01-08,2025-10-08
1400,12399,AW00012399,Henry,Chapman,Germany,Single,Male,1977-03-11,2025-10-08
1401,12400,AW00012400,Andy,Martin,Germany,Single,Male,1977-05-11,2025-10-08
1402,12401,AW00012401,Kimberly,Rivera,Germany,Single,Female,1982-05-05,2025-10-08
1403,12402,AW00012402,Albert,Moreno,United Kingdom,Single,Male,1976-09-11,2025-10-08
1404,12403,AW00012403,Henry,Young,United Kingdom,Single,Male,1976-12-15,2025-10-08
1405,12404,AW00012404,Krystal,Liang,United Kingdom,Single,Female,1982-08-06,2025-10-08
1406,12405,AW00012405,Cole,Sanchez,United Kingdom,Single,Male,1976-03-18,2025-10-08
1407,12406,AW00012406,Ross,Gutierrez,Germany,Single,Male,1975-07-22,2025-10-08
1408,12407,AW00012407,Shawn,Raji,Germany,Single,Male,1981-08-23,2025-10-08
1409,12408,AW00012408,Jon,Lu,Germany,Single,Male,1975-08-05,2025-10-08
1410,12409,AW00012409,Savannah,Hill,United States,Single,Female,1980-09-19,2025-10-08
1411,12410,AW00012410,Mariah,Richardson,United States,Single,Female,1981-06-04,2025-10-08
1412,12411,AW00012411,Kevin,Alexander,United States,Single,Male,1981-03-31,2025-10-08
1413,12412,AW00012412,Mackenzie,Wright,United States,Married,Female,1936-04-18,2025-10-08
1414,12413,AW00012413,James,Gonzales,United States,Single,Male,1977-03-03,2025-10-08
1415,12414,AW00012414,Ethan,Lal,United States,Single,Male,1971-12-19,2025-10-08
1416,12415,AW00012415,Brianna,Richardson,United States,Single,Female,1972-05-01,2025-10-08
1417,12416,AW00012416,Veronica,Martinez,United States,Single,Female,1983-02-07,2025-10-08
1418,12417,AW00012417,Alexis,Bryant,United States,Single,Female,1977-11-21,2025-10-08
1419,12418,AW00012418,Robert,Hernandez,United States,Single,Male,1959-04-23,2025-10-08
1420,12419,AW00012419,Destiny,Bell,United States,Married,Female,1958-12-03,2025-10-08
1421,12420,AW00012420,Spencer,Hayes,United States,Married,Male,1959-02-17,2025-10-08
1422,12421,AW00012421,Cameron,Hughes,United States,Married,Male,1964-03-08,2025-10-08
1423,12422,AW00012422,Hailey,Evans,United States,Married,Female,1959-04-22,2025-10-08
1424,12423,AW00012423,Sarah,Thompson,United States,Single,Female,1970-10-19,2025-10-08
1425,12424,AW00012424,Rebecca,Mitchell,United States,Married,Female,1965-09-20,2025-10-08
1426,12425,AW00012425,Brandon,White,United States,Married,Male,1959-09-02,2025-10-08
1427,12426,AW00012426,Cody,Cox,United States,Married,Male,1960-03-22,2025-10-08
1428,12427,AW00012427,Kimberly,Stewart,United States,Married,Female,1959-08-08,2025-10-08
1429,12428,AW00012428,Sean,Morris,United States,Married,Male,1960-08-06,2025-10-08
1430,12429,AW00012429,Melvin,Black,United States,Married,Male,1961-05-26,2025-10-08
1431,12430,AW00012430,Kaitlyn,Thompson,Canada,Married,Female,1960-09-28,2025-10-08
1432,12431,AW00012431,Wyatt,Thomas,Canada,Married,Male,1960-09-17,2025-10-08
1433,12432,AW00012432,Nathan,Clark,United States,Married,Male,1961-01-21,2025-10-08
1434,12433,AW00012433,Antonio,Price,United States,Married,Male,1966-07-16,2025-10-08
1435,12434,AW00012434,Thomas,Kumar,United States,Married,Male,1960-09-05,2025-10-08
1436,12435,AW00012435,Christy,Zhou,United States,Married,Female,1961-04-08,2025-10-08
1437,12436,AW00012436,Albert,Diaz,United States,Married,Male,1960-12-15,2025-10-08
1438,12437,AW00012437,Jeremy,Young,United States,Married,Male,1971-12-09,2025-10-08
1439,12438,AW00012438,Bailey,Rogers,United States,Single,Female,1966-10-15,2025-10-08
1440,12439,AW00012439,Megan,Bennett,United States,Married,Female,1961-11-23,2025-10-08
1441,12440,AW00012440,Francisco,Chandra,United States,Married,Male,1962-04-11,2025-10-08
1442,12441,AW00012441,Trevor,Simmons,United States,Married,Male,1963-05-21,2025-10-08
1443,12442,AW00012442,Allison,Richardson,United States,Married,Female,1963-02-01,2025-10-08
1444,12443,AW00012443,Garrett,James,United States,Married,Male,1962-11-19,2025-10-08
1445,12444,AW00012444,Mackenzie,Phillips,Canada,Married,Female,1962-10-20,2025-10-08
1446,12445,AW00012445,Cameron,Taylor,United States,Married,Male,1962-09-24,2025-10-08
1447,12446,AW00012446,Jasmine,Hall,United States,Married,Female,1963-01-31,2025-10-08
1448,12447,AW00012447,Carson,Hayes,Canada,Married,Male,1963-04-23,2025-10-08
1449,12448,AW00012448,Hailey,Cox,United States,Single,Female,1974-11-13,2025-10-08
1450,12449,AW00012449,Dylan,Brown,Canada,Single,Male,1963-09-06,2025-10-08
1451,12450,AW00012450,Cody,Cook,United States,Married,Male,1964-03-22,2025-10-08
1452,12451,AW00012451,Anna,Simmons,Canada,Single,Female,1964-02-07,2025-10-08
1453,12452,AW00012452,Sean,Sanchez,United States,Married,Male,1964-05-23,2025-10-08
1454,12453,AW00012453,Madison,Bennett,United States,Single,Female,1963-11-07,2025-10-08
1455,12454,AW00012454,Samuel,Griffin,United States,Married,Male,1964-08-29,2025-10-08
1456,12455,AW00012455,Benjamin,Lewis,United States,Married,Male,1964-10-07,2025-10-08
1457,12456,AW00012456,Thomas,Chen,United States,Married,Male,1965-02-12,2025-10-08
1458,12457,AW00012457,Misty,Rai,United States,Single,Female,1965-03-01,2025-10-08
1459,12458,AW00012458,Veronica,Sanchez,Germany,Married,Female,1973-11-24,2025-10-08
1460,12459,AW00012459,Stefanie,Rodriguez,United Kingdom,Single,Female,1974-03-13,2025-10-08
1461,12460,AW00012460,Dominique,Malhotra,United Kingdom,Single,Female,1974-05-23,2025-10-08
1462,12461,AW00012461,Ruth,Suri,Germany,Married,Female,1979-02-24,2025-10-08
1463,12462,AW00012462,Levi,Suri,Germany,Married,Male,1973-12-09,2025-10-08
1464,12463,AW00012463,Todd,Huang,United Kingdom,Married,Male,1974-05-23,2025-10-08
1465,12464,AW00012464,Jared,Cook,France,Single,Male,1973-04-13,2025-10-08
1466,12465,AW00012465,Cassandra,Patel,United Kingdom,Married,Female,1978-02-19,2025-10-08
1467,12466,AW00012466,Willie,He,France,Married,Male,1972-10-23,2025-10-08
1468,12467,AW00012467,Jennifer,Jones,France,Single,Female,1983-10-01,2025-10-08
1469,12468,AW00012468,Wayne,Nath,France,Married,Male,1978-10-21,2025-10-08
1470,12469,AW00012469,Shane,Srini,Germany,Married,Male,1972-02-18,2025-10-08
1471,12470,AW00012470,Barbara,He,Germany,Married,Female,1971-08-06,2025-10-08
1472,12471,AW00012471,Lacey,Zeng,Germany,Married,Female,1972-11-10,2025-10-08
1473,12472,AW00012472,Jeffery,Zhang,France,Married,Male,1977-09-05,2025-10-08
1474,12473,AW00012473,Sergio,Sai,United Kingdom,Married,Male,1972-05-14,2025-10-08
1475,12474,AW00012474,Tammy,Chandra,France,Married,Female,1977-12-18,2025-10-08
1476,12475,AW00012475,Logan,Carter,Germany,Single,Male,1970-09-22,2025-10-08
1477,12476,AW00012476,Rodney,Jimenez,United Kingdom,Single,Male,1981-08-02,2025-10-08
1478,12477,AW00012477,Robin,Gill,France,Married,Female,1971-06-22,2025-10-08
1479,12478,AW00012478,Ruben,Mehta,Germany,Single,Male,1970-08-17,2025-10-08
1480,12479,AW00012479,Priscilla,Tang,Germany,Married,Female,1970-11-09,2025-10-08
1481,12480,AW00012480,Meredith,Alvarez,France,Single,Female,1980-10-10,2025-10-08
1482,12481,AW00012481,Victor,Diaz,Germany,Single,Male,1970-03-07,2025-10-08
1483,12482,AW00012482,Jerome,Browning,France,Single,Male,1969-09-03,2025-10-08
1484,12483,AW00012483,Amanda,Perez,France,Single,Female,1969-10-02,2025-10-08
1485,12484,AW00012484,Lori,Suarez,Germany,Single,Female,1975-03-31,2025-10-08
1486,12485,AW00012485,Veronica,Subram,France,Single,Female,1975-03-22,2025-10-08
1487,12486,AW00012486,Kristen,Ye,United Kingdom,Single,Female,1980-08-05,2025-10-08
1488,12487,AW00012487,Willie,Zhu,Germany,Single,Male,1975-04-03,2025-10-08
1489,12488,AW00012488,Jay,Garcia,France,Single,Male,1968-11-08,2025-10-08
1490,12489,AW00012489,Wayne,Rai,France,Married,Male,1977-10-21,2025-10-08
1491,12490,AW00012490,Trisha,He,France,Married,Female,1972-01-25,2025-10-08
1492,12491,AW00012491,Alvin,Huang,United Kingdom,Married,Male,1971-08-06,2025-10-08
1493,12492,AW00012492,Brittany,Price,United Kingdom,Single,Female,1972-03-03,2025-10-08
1494,12493,AW00012493,Dwayne,Vazquez,Germany,Married,Male,1970-12-21,2025-10-08
1495,12494,AW00012494,Abby,Sandberg,France,Married,Female,1975-08-15,2025-10-08
1496,12495,AW00012495,Lucas,Miller,Germany,Single,Male,1969-09-12,2025-10-08
1497,12496,AW00012496,Melanie,Cox,United Kingdom,Married,Female,1980-07-18,2025-10-08
1498,12497,AW00012497,Ashlee,Kumar,Germany,Married,Female,1969-03-21,2025-10-08
1499,12498,AW00012498,Eduardo,Diaz,Germany,Married,Male,1979-10-14,2025-10-08
1500,12499,AW00012499,Heather,Wang,Germany,Single,Female,1984-02-01,2025-10-08
1501,12500,AW00012500,Kathleen,Vazquez,Germany,Single,Female,1984-08-12,2025-10-08
1502,12501,AW00012501,Cory,Sai,Germany,Single,Male,1985-03-12,2025-10-08
1503,12502,AW00012502,Darren,Sanchez,United Kingdom,Single,Male,1985-05-17,2025-10-08
1504,12503,AW00012503,Casey,Shen,United Kingdom,Single,Female,1985-02-16,2025-10-08
1505,12504,AW00012504,Arthur,Gutierrez,United Kingdom,Married,Male,1968-08-19,2025-10-08
1506,12505,AW00012505,Dalton,Martin,United Kingdom,Married,Male,1968-08-02,2025-10-08
1507,12506,AW00012506,Preston,Sanchez,United Kingdom,Married,Male,1968-12-29,2025-10-08
1508,12507,AW00012507,Ian,Bell,Germany,Married,Male,1973-09-22,2025-10-08
1509,12508,AW00012508,Nichole,Anand,United Kingdom,Married,Female,1968-01-29,2025-10-08
1510,12509,AW00012509,Marc,Ferrier,France,Married,Male,1967-08-19,2025-10-08
1511,12510,AW00012510,Roberto,Sanz,France,Married,Male,1968-05-19,2025-10-08
1512,12511,AW00012511,Grant,Chander,France,Single,Male,1983-09-14,2025-10-08
1513,12512,AW00012512,Carolyn,Gomez,Germany,Married,Female,1983-11-19,2025-10-08
1514,12513,AW00012513,Austin,Thompson,United Kingdom,Single,Male,1983-09-17,2025-10-08
1515,12514,AW00012514,Lacey,Becker,France,Single,Female,1983-06-08,2025-10-08
1516,12515,AW00012515,Shelby,Bailey,France,Single,Female,1982-12-01,2025-10-08
1517,12516,AW00012516,Shawna,Chander,Germany,Single,Female,1982-11-24,2025-10-08
1518,12517,AW00012517,Alexa,Watson,Germany,Single,Female,1983-02-22,2025-10-08
1519,12518,AW00012518,Jacquelyn,Dominguez,Germany,Single,Female,1983-03-27,2025-10-08
1520,12519,AW00012519,Casey,Gutierrez,United Kingdom,Single,Male,1983-06-16,2025-10-08
1521,12520,AW00012520,Seth,Jackson,France,Single,Male,1982-05-25,2025-10-08
1522,12521,AW00012521,Meredith,Dominguez,Germany,Single,Female,1980-07-11,2025-10-08
1523,12522,AW00012522,Brandy,Sanchez,France,Single,Female,1982-03-07,2025-10-08
1524,12523,AW00012523,Steve,Wagner,France,Single,Male,1982-06-02,2025-10-08
1525,12524,AW00012524,Kate,Shan,France,Single,Female,1980-07-23,2025-10-08
1526,12525,AW00012525,Chelsea,Rodriguez,United Kingdom,Married,Female,1980-10-25,2025-10-08
1527,12526,AW00012526,Michele,Suarez,United Kingdom,Married,Female,1986-05-15,2025-10-08
1528,12527,AW00012527,JosÔö£┬«,Rodriguez,United States,Married,Male,1965-05-23,2025-10-08
1529,12528,AW00012528,Devin,Wilson,United States,Single,Male,1964-08-29,2025-10-08
1530,12529,AW00012529,Isaiah,Allen,United States,Married,Male,1965-04-09,2025-10-08
1531,12530,AW00012530,Isabel,Coleman,Canada,Single,Female,1977-11-23,2025-10-08
1532,12531,AW00012531,Autumn,Xu,United States,Single,Female,1977-12-31,2025-10-08
1533,12532,AW00012532,Jose,Carter,Canada,Married,Male,1978-09-06,2025-10-08
1534,12533,AW00012533,Luis,Washington,United States,Married,Male,1946-05-07,2025-10-08
1535,12534,AW00012534,Katie,Shan,France,Married,Female,1967-12-13,2025-10-08
1536,12535,AW00012535,Clifford,Kapoor,Germany,Single,Male,1973-02-14,2025-10-08
1537,12536,AW00012536,Javier,Dominguez,Germany,Married,Male,1966-12-15,2025-10-08
1538,12537,AW00012537,Terrence,Luo,France,Married,Male,1972-03-14,2025-10-08
1539,12538,AW00012538,Paula,Blanco,Germany,Married,Female,1967-02-18,2025-10-08
1540,12539,AW00012539,Marc,Dominguez,France,Single,Male,1940-11-22,2025-10-08
1541,12540,AW00012540,Levi,Sara,United Kingdom,Married,Male,1942-03-06,2025-10-08
1542,12541,AW00012541,Jonathan,Zhang,France,Married,Male,1968-04-02,2025-10-08
1543,12542,AW00012542,Preston,Patel,France,Married,Male,1967-12-25,2025-10-08
1544,12543,AW00012543,Ruben,Alvarez,France,Married,Male,1963-07-20,2025-10-08
1545,12544,AW00012544,Bruce,Jordan,Germany,Married,Male,1963-09-24,2025-10-08
1546,12545,AW00012545,Marc,Ruiz,United Kingdom,Married,Male,1968-02-29,2025-10-08
1547,12546,AW00012546,Clarence,Andersen,Germany,Single,Male,1962-05-16,2025-10-08
1548,12547,AW00012547,Bradley,Nara,France,Married,Male,1978-10-21,2025-10-08
1549,12548,AW00012548,Alexandra,Collins,Germany,Single,Female,1960-08-06,2025-10-08
1550,12549,AW00012549,Donna,Xie,France,Single,Female,1960-08-06,2025-10-08
1551,12550,AW00012550,Austin,Diaz,United Kingdom,Married,Male,1960-04-01,2025-10-08
1552,12551,AW00012551,Julio,Ramos,United Kingdom,Married,Male,1948-11-29,2025-10-08
1553,12552,AW00012552,Bruce,Torres,France,Married,Male,1944-03-11,2025-10-08
1554,12553,AW00012553,Toni,Fernandez,France,Married,Female,1944-03-22,2025-10-08
1555,12554,AW00012554,Barry,Rodriguez,United Kingdom,Married,Male,1943-08-30,2025-10-08
1556,12555,AW00012555,Edgar,Malhotra,France,Married,Male,1944-08-01,2025-10-08
1557,12556,AW00012556,Manuel,Kapoor,Germany,Married,Male,1945-02-08,2025-10-08
1558,12557,AW00012557,Phillip,Lopez,France,Married,Male,1945-12-22,2025-10-08
1559,12558,AW00012558,Amanda,Evans,Germany,Married,Female,1946-03-07,2025-10-08
1560,12559,AW00012559,Emmanuel,Lopez,United Kingdom,Married,Male,1946-05-01,2025-10-08
1561,12560,AW00012560,Mandy,Gao,United Kingdom,Married,Female,1945-06-30,2025-10-08
1562,12561,AW00012561,Trisha,Lin,France,Single,Female,1947-01-16,2025-10-08
1563,12562,AW00012562,Kristina,Chandra,France,Married,Female,1947-06-10,2025-10-08
1564,12563,AW00012563,Alejandro,Lin,United Kingdom,Married,Male,1946-10-09,2025-10-08
1565,12564,AW00012564,Marshall,Yang,United Kingdom,Married,Male,1946-09-06,2025-10-08
1566,12565,AW00012565,Kendra,Gutierrez,France,Married,Female,1947-12-31,2025-10-08
1567,12566,AW00012566,Omar,Yang,United Kingdom,Married,Male,1947-10-31,2025-10-08
1568,12567,AW00012567,Carmen,Arthur,United Kingdom,Married,Female,1953-02-14,2025-10-08
1569,12568,AW00012568,Stacey,Ye,United Kingdom,Married,Female,1947-12-14,2025-10-08
1570,12569,AW00012569,Kristin,Rai,United Kingdom,Married,Female,1947-09-16,2025-10-08
1571,12570,AW00012570,Casey,Munoz,Australia,Single,Male,1985-11-13,2025-10-08
1572,12571,AW00012571,Jennifer,Green,Australia,Married,Female,1985-11-16,2025-10-08
1573,12572,AW00012572,Alisha,Chander,Australia,Single,Female,1985-11-24,2025-10-08
1574,12573,AW00012573,Grant,Rai,Australia,Single,Male,1985-08-22,2025-10-08
1575,12574,AW00012574,Derek,Raje,Australia,Single,Male,1985-08-10,2025-10-08
1576,12575,AW00012575,Jaclyn,Shen,Australia,Single,Female,1985-03-11,2025-10-08
1577,12576,AW00012576,Walter,Dominguez,Australia,Single,Male,1984-09-10,2025-10-08
1578,12577,AW00012577,Francis,Sanz,Australia,Single,Male,1985-02-16,2025-10-08
1579,12578,AW00012578,Gavin,Perry,Australia,Single,Male,1985-08-27,2025-10-08
1580,12579,AW00012579,Lydia,Sanchez,Australia,Single,Female,1984-03-09,2025-10-08
1581,12580,AW00012580,Cedric,She,Australia,Single,Male,1984-03-07,2025-10-08
1582,12581,AW00012581,Kristina,Fernandez,Australia,Single,Female,1983-09-08,2025-10-08
1583,12582,AW00012582,Carmen,Sara,Australia,Single,Female,1982-09-22,2025-10-08
1584,12583,AW00012583,Tyrone,Ortega,Australia,Single,Male,1982-02-04,2025-10-08
1585,12584,AW00012584,Brittney,Ma,Australia,Single,Female,1982-01-01,2025-10-08
1586,12585,AW00012585,Ian,Martinez,Australia,Married,Male,1984-12-21,2025-10-08
1587,12586,AW00012586,Kellie,Hernandez,Australia,Single,Female,1984-10-21,2025-10-08
1588,12587,AW00012587,Danny,Travers,Australia,Single,Male,1984-02-17,2025-10-08
1589,12588,AW00012588,Tracy,Chande,Australia,Single,Female,1983-01-22,2025-10-08
1590,12589,AW00012589,Ruben,Rodriguez,Australia,Married,Male,1982-11-14,2025-10-08
1591,12590,AW00012590,Mario,Chander,United Kingdom,Single,Male,1948-11-23,2025-10-08
1592,12591,AW00012591,Meredith,Madan,Germany,Married,Female,1972-04-17,2025-10-08
1593,12592,AW00012592,Amy,Li,United Kingdom,Married,Female,1967-01-17,2025-10-08
1594,12593,AW00012593,Benjamin,Zhang,United Kingdom,Single,Male,1966-10-31,2025-10-08
1595,12594,AW00012594,Sandra,Gao,United Kingdom,Married,Female,1966-08-16,2025-10-08
1596,12595,AW00012595,Mathew,Blanco,United Kingdom,Single,Male,1966-12-17,2025-10-08
1597,12596,AW00012596,Armando,Romero,United Kingdom,Married,Male,1966-07-14,2025-10-08
1598,12597,AW00012597,Franklin,Zhang,United Kingdom,Married,Male,1965-11-30,2025-10-08
1599,12598,AW00012598,Alexandra,Bryant,United Kingdom,Married,Female,1965-08-01,2025-10-08
1600,12599,AW00012599,Jillian,Fernandez,United Kingdom,Married,Female,1970-12-07,2025-10-08
1601,12600,AW00012600,Larry,Romero,Germany,Married,Male,1963-10-01,2025-10-08
1602,12601,AW00012601,Randy,Zhang,United Kingdom,Married,Male,1971-08-10,2025-10-08
1603,12602,AW00012602,Francisco,Srini,United Kingdom,Married,Male,1966-04-25,2025-10-08
1604,12603,AW00012603,Cole,Reed,United Kingdom,Single,Male,1971-02-15,2025-10-08
1605,12604,AW00012604,Nathan,Lee,Germany,Married,Male,1976-09-11,2025-10-08
1606,12605,AW00012605,Carol,Cooper,Germany,Married,Female,1977-01-30,2025-10-08
1607,12606,AW00012606,Arthur,Van,France,Married,Male,1965-10-18,2025-10-08
1608,12607,AW00012607,Tamara,Zhu,France,Married,Female,1966-03-22,2025-10-08
1609,12608,AW00012608,Brett,Sanchez,United Kingdom,Married,Male,1970-11-05,2025-10-08
1610,12609,AW00012609,Linda,Carlson,United Kingdom,Married,Female,1965-03-19,2025-10-08
1611,12610,AW00012610,Wendy,Gutierrez,United Kingdom,Married,Female,1964-03-05,2025-10-08
1612,12611,AW00012611,Manuel,Sara,United Kingdom,Single,Male,1981-04-07,2025-10-08
1613,12612,AW00012612,Shannon,Torres,United Kingdom,Single,Male,1974-12-04,2025-10-08
1614,12613,AW00012613,Joel,Prasad,France,Married,Male,1981-08-30,2025-10-08
1615,12614,AW00012614,Lance,Gill,France,Single,Male,1975-12-12,2025-10-08
1616,12615,AW00012615,Nathan,Hill,United Kingdom,Single,Male,1985-08-16,2025-10-08
1617,12616,AW00012616,Kelsey,Tang,Germany,Single,Female,1980-10-08,2025-10-08
1618,12617,AW00012617,Jake,Ma,Germany,Married,Male,1975-04-04,2025-10-08
1619,12618,AW00012618,Dawn,Lal,France,Married,Female,1974-12-21,2025-10-08
1620,12619,AW00012619,Priscilla,Rai,United Kingdom,Married,Female,1975-02-04,2025-10-08
1621,12620,AW00012620,Maurice,Lal,France,Married,Male,1974-10-15,2025-10-08
1622,12621,AW00012621,Barry,Martinez,France,Married,Male,1980-12-08,2025-10-08
1623,12622,AW00012622,Micheal,Rubio,United Kingdom,Married,Male,1974-10-08,2025-10-08
1624,12623,AW00012623,Jesse,Sanchez,United Kingdom,Married,Male,1958-01-15,2025-10-08
1625,12624,AW00012624,Jamie,Xu,Germany,Married,Female,1958-04-01,2025-10-08
1626,12625,AW00012625,Carly,Andersen,France,Married,Female,1957-12-24,2025-10-08
1627,12626,AW00012626,Cassie,Lal,United Kingdom,Married,Female,1956-10-30,2025-10-08
1628,12627,AW00012627,Leah,Zheng,Uni
