cst_id,cst_key,cst_firstname,cst_lastname,cst_marital_status,cst_gndr,cst_create_date
11000,AW00011000," Jon","Yang ",M,M,2025-10-06
11001,AW00011001,Eugene,"Huang  ",S,M,2025-10-06
11002,AW00011002,Ruben," Torres",M,M,2025-10-06
11003,AW00011003,Christy,"  Zhu",S,F,2025-10-06
11004,AW00011004," Elizabeth",Johnson,S,F,2025-10-06
11005,AW00011005,Julio,Ruiz,S,M,2025-10-06
11006,AW00011006,Janet,Alvarez,S,F,2025-10-06
11007,AW00011007,Marco,Mehta,M,M,2025-10-06
11008,AW00011008,Rob,Verhoff,S,F,2025-10-06
11009,AW00011009,Shannon,Carlson,S,M,2025-10-06
11010,AW00011010,Jacquelyn,Suarez,S,F,2025-10-06
11011,AW00011011,Curtis,Lu,M,M,2025-10-06
11012,AW00011012,"  Lauren"," Walker",M,F,2025-10-06
11013,AW00011013," Ian "," Jenkins ",M,M,2025-10-06
11014,AW00011014,Sydney,Bennett,S,F,2025-10-06
11015,AW00011015,"  Chloe",Young,S,F,2025-10-06
11016,AW00011016,Wyatt,Hill,M,M,2025-10-07
11017,AW00011017,Shannon,Wang,S,F,2025-10-07
11018,AW00011018,Clarence,Rai,S,M,2025-10-07
11019,AW00011019,Luke,Lal,S,M,2025-10-07
11020,AW00011020,Jordan,King,S,M,2025-10-07
11021,AW00011021," Destiny","Wilson ",S,F,2025-10-07
11022,AW00011022,Ethan,Zhang,M,M,2025-10-07
11023,AW00011023,Seth,Edwards,M,M,2025-10-07
11024,AW00011024,Russell,Xie,M,M,2025-10-07
11025,AW00011025,Alejandro,Beck,M,M,2025-10-07
11026,AW00011026,Harold,Sai,S,M,2025-10-07
11027,AW00011027,Jessie,Zhao,M,M,2025-10-07
11028,AW00011028,Jill,Jimenez,M,F,2025-10-07
11029,AW00011029,Jimmy,Moreno,M,M,2025-10-07
11030,AW00011030,Bethany,Yuan,M,F,2025-10-07
11031,AW00011031,Theresa,Ramos,M,F,2025-10-07
11032,AW00011032,Denise,Stone,M,F,2025-10-07
11033,AW00011033,Jaime,Nath,M,M,2025-10-07
11034,AW00011034,Ebony,Gonzalez,M,F,2025-10-07
11035,AW00011035,Wendy,Dominguez,M,F,2025-10-07
11036,AW00011036,Jennifer,Russell,M,F,2025-10-07
11037,AW00011037,Chloe,Garcia,S,F,2025-10-07
11038,AW00011038,Diana,Hernandez,M,F,2025-10-07
11039,AW00011039,Marc,Martin,M,M,2025-10-07
11040,AW00011040,Jesse,Murphy,M,M,2025-10-07
11041,AW00011041,Amanda,Carter,M,F,2025-10-07
11042,AW00011042,Megan,Sanchez,M,F,2025-10-07
11043,AW00011043,Nathan,Simmons,M,M,2025-10-07
11044,AW00011044,Adam,Flores,M,M,2025-10-07
11045,AW00011045,Leonard,Nara,S,M,2025-10-07
11046,AW00011046,Christine,Yuan,M,F,2025-10-07
11047,AW00011047,Jaclyn,Lu,M,F,2025-10-07
11048,AW00011048,Jeremy,Powell,M,M,2025-10-07
11049,AW00011049,Carol,Rai,S,F,2025-10-07
11050,AW00011050,Alan,Zheng,M,M,2025-10-07
11051,AW00011051,Daniel,Johnson,S,M,2025-10-07
11052,AW00011052,Heidi,Lopez,S,F,2025-10-07
11053,AW00011053,Ana,Price,M,F,2025-10-07
11054,AW00011054,Deanna,Munoz,M,F,2025-10-07
11055,AW00011055,Gilbert,Raje,M,M,2025-10-07
11056,AW00011056,Michele,Nath,M,F,2025-10-07
11057,AW00011057,Carl,Andersen,M,M,2025-10-07
11058,AW00011058,Marc,Diaz,M,M,2025-10-07
11059,AW00011059,Ashlee,Andersen,S,F,2025-10-07
11060,AW00011060,Jon,Zhou,M,M,2025-10-07
11061,AW00011061,Todd,Gao,M,M,2025-10-07
11062,AW00011062,Noah,Powell,M,M,2025-10-07
11063,AW00011063," Angela  "," Murphy  ",S,F,2025-10-07
11064,AW00011064,Chase," Reed  ",M,M,2025-10-07
11065,AW00011065,"Jessica  ","Henderson ",M,F,2025-10-07
11066,AW00011066,Grace,"  Butler",M,F,2025-10-07
11067,AW00011067," Caleb"," Carter",S,M,2025-10-07
11068,AW00011068,Tiffany,Liang,S,F,2025-10-07
11069,AW00011069,Carolyn,Navarro,S,F,2025-10-07
11070,AW00011070," Willie "," Raji",M,M,2025-10-07
11071,AW00011071,Linda," Serrano",S,F,2025-10-07
11072,AW00011072,Casey,Luo,S,F,2025-10-07
11073,AW00011073,Amy,Ye,S,F,2025-10-07
11074,AW00011074,Levi,Arun,S,M,2025-10-07
11075,AW00011075,Felicia,Jimenez,S,F,2025-10-07
11076,AW00011076,Blake,Anderson,S,M,2025-10-07
11077,AW00011077,Leah,Ye,S,F,2025-10-07
11078,AW00011078,Gina,Martin,S,F,2025-10-07
11079,AW00011079,Donald,Gonzalez,S,M,2025-10-07
11080,AW00011080,Damien,Chander,M,M,2025-10-07
11081,AW00011081,Savannah,Baker,M,F,2025-10-07
11082,AW00011082,Angela,Butler,S,F,2025-10-07
11083,AW00011083,Alyssa,Cox,M,F,2025-10-07
11084,AW00011084,Lucas,Phillips,S,M,2025-10-07
11085,AW00011085,Emily,Johnson,S,F,2025-10-07
11086,AW00011086,Ryan,"  Brown",M,M,2025-10-07
11087,AW00011087,Tamara," Liang",M,F,2025-10-07
11088,AW00011088,Hunter,Davis,M,M,2025-10-07
11089,AW00011089,Abigail,Price,S,F,2025-10-07
11090,AW00011090,Trevor,Bryant,S,M,2025-10-07
11091,AW00011091,Dalton,Perez,M,M,2025-10-07
11092,AW00011092,Cheryl,Diaz,M,F,2025-10-07
11093,AW00011093,Aimee,He,M,F,2025-10-07
11094,AW00011094,Cedric,Ma,S,M,2025-10-07
11095,AW00011095,Chad,Kumar,S,M,2025-10-07
11096,AW00011096,Andr├⌐s,Anand,M,M,2025-10-07
11097,AW00011097,Edwin,Nara,M,M,2025-10-07
11098,AW00011098,Mallory,Rubio,S,F,2025-10-07
11099,AW00011099,Adam,Ross,M,M,2025-10-07
11100,AW00011100,Latasha,Navarro,S,F,2025-10-07
11101,AW00011101,Abby,Sai,S,F,2025-10-07
11102,AW00011102,Julia,Nelson,S,F,2025-10-07
11103,AW00011103,Cassie,Chande,S,F,2025-10-07
11104,AW00011104,Edgar,Sara,M,M,2025-10-07
11105,AW00011105,Candace,Fernandez,S,F,2025-10-07
11106,AW00011106,Jessie,Liu,S,M,2025-10-07
11107,AW00011107,Bianca,Lin,M,F,2025-10-07
11108,AW00011108,Kari,Alvarez,S,F,2025-10-07
11109,AW00011109," Ruben ","Kapoor ",S,M,2025-10-07
11110,AW00011110,Curtis,Yang,M,M,2025-10-07
11111,AW00011111,Meredith,Gutierrez,M,F,2025-10-07
11112,AW00011112,Crystal,Wang,M,F,2025-10-07
11113,AW00011113,Micheal,Blanco,M,M,2025-10-07
11114,AW00011114,Leslie,Moreno,S,F,2025-10-07
11115,AW00011115,Alvin,Cai,M,M,2025-10-07
11116,AW00011116,Clinton,Carlson,M,M,2025-10-07
11117,AW00011117,April,Deng,M,F,2025-10-07
11118,AW00011118,Alvin,Zeng,S,M,2025-10-07
11119,AW00011119,Evan,James,S,M,2025-10-07
11120,AW00011120,Beth,Jim├⌐nez,S,F,2025-10-07
11121,AW00011121,Orlando,Suarez,M,M,2025-10-07
11122,AW00011122,Byron,Vazquez,M,M,2025-10-07
11123,AW00011123,Philip,Alvarez,M,M,2025-10-07
11124,AW00011124,Ross,Jordan,S,M,2025-10-07
11125,AW00011125,Dana,Navarro,S,F,2025-10-07
11126,AW00011126,Shaun,Carson,M,M,2025-10-07
11127,AW00011127,Jan,Edwards,M,F,2025-10-07
11128,AW00011128,Samantha,Long,M,F,2025-10-07
11129,AW00011129,Julia,Wright,S,F,2025-10-07
11130,AW00011130,Caroline,Russell,M,F,2025-10-07
11131,AW00011131,Amanda,Rivera,M,F,2025-10-07
11132,AW00011132,Melissa,Richardson,S,F,2025-10-07
11133,AW00011133,Angela,Griffin,S,F,2025-10-07
11134,AW00011134,Larry,Townsend,S,M,2025-10-07
11135,AW00011135,Marcus,Harris,S,M,2025-10-07
11136,AW00011136,Brianna,Morgan,S,F,2025-10-07
11137,AW00011137,Jasmine,Taylor,M,F,2025-10-07
11138,AW00011138,Lauren,Davis,M,F,2025-10-07
11139,AW00011139,Tanya,Moreno,S,F,2025-10-07
11140,AW00011140," Javier ",Alvarez,S,M,2025-10-07
11141,AW00011141," Nicole",Ramirez,M,F,2025-10-07
11142,AW00011142,Eduardo,Patterson,S,M,2025-10-07
11143,AW00011143,Jonathan,Henderson,M,M,2025-10-07
11144,AW00011144,Edward,Hernandez,S,M,2025-10-07
11145,AW00011145,Jasmine,Coleman,S,F,2025-10-07
11146,AW00011146,Karla,Goel,S,F,2025-10-07
11147,AW00011147,Ernest,Wu,M,M,2025-10-07
11148,AW00011148,Ross,Vazquez,M,M,2025-10-07
11149,AW00011149,Theodore,Gill,M,M,2025-10-07
11150,AW00011150,Russell,Shen,S,M,2025-10-07
11151,AW00011151,Melinda,Gill,S,F,2025-10-07
11152,AW00011152,James,Williams,S,M,2025-10-07
11153,AW00011153,Angela,James,M,F,2025-10-07
11154,AW00011154,Megan,Walker,S,F,2025-10-07
11155,AW00011155,Hunter,Robinson,S,M,2025-10-07
11156,AW00011156,Maria,Roberts,S,F,2025-10-07
11157,AW00011157,Hannah,Long,M,F,2025-10-07
11158,AW00011158,Jason,Wright,S,M,2025-10-07
11159,AW00011159,Brianna,Hughes,S,F,2025-10-07
11160,AW00011160,Maurice,Tang,S,NULL,2025-10-07
11161,AW00011161,Emily,Wood,S,NULL,2025-10-07
11162,AW00011162,Chase,Cox,S,NULL,2025-10-07
11163,AW00011163,Gabriel,Wang,M,NULL,2025-10-07
11164,AW00011164,Devin,Brooks,S,NULL,2025-10-07
11165,AW00011165,Jocelyn,Alexander,M,NULL,2025-10-07
11166,AW00011166,Ashley,Martinez,S,NULL,2025-10-07
11167,AW00011167,Jasmine," Barnes",S,NULL,2025-10-07
11168,AW00011168,David," Rodriguez",S,NULL,2025-10-07
11169,AW00011169,Bryce,Richardson,M,NULL,2025-10-07
11170,AW00011170,Carol," Howard",M,NULL,2025-10-07
11171,AW00011171,Jonathan,Hill,S,NULL,2025-10-07
11172,AW00011172,Gabrielle,Adams,M,NULL,2025-10-07
11173,AW00011173,Sarah,Thomas,S,NULL,2025-10-07
11174,AW00011174,Nicholas,Robinson,M,NULL,2025-10-07
11175,AW00011175,Luis,Wang,S,NULL,2025-10-07
11176,AW00011176,Mason,Roberts,M,NULL,2025-10-07
11177,AW00011177,Jose,Flores,M,NULL,2025-10-07
11178,AW00011178,Nathan,Johnson,M,NULL,2025-10-07
11179,AW00011179,Molly,Rodriguez,M,NULL,2025-10-07
11180,AW00011180,April,Anand,M,NULL,2025-10-07
11181,AW00011181,Devin,Martin,M,NULL,2025-10-07
11182,AW00011182,Stephanie,Torres,S,NULL,2025-10-07
11183,AW00011183,Jasmine,Lee,S,NULL,2025-10-07
11184,AW00011184,Meghan,Hernandez,S,NULL,2025-10-07
11185,AW00011185,Ashley,Henderson,S,NULL,2025-10-07
11186,AW00011186,Sarah,Price,S,NULL,2025-10-07
11187,AW00011187,Jennifer,Cooper,M,NULL,2025-10-07
11188,AW00011188,Catherine,Morris,M,NULL,2025-10-07
11189,AW00011189,Lawrence,Blanco,S,NULL,2025-10-07
11190,AW00011190,Carson,Bryant,M,NULL,2025-10-07
11191,AW00011191,Kristi,Perez,S,NULL,2025-10-07
11192,AW00011192,James,Brown,M,NULL,2025-10-07
11193,AW00011193,Ian,Gray,M,NULL,2025-10-07
11194,AW00011194,Jacqueline,Price,M,NULL,2025-10-07
11195,AW00011195,Megan,Henderson,M,NULL,2025-10-07
11196,AW00011196,Alfredo,Romero,M,NULL,2025-10-07
11197,AW00011197,Andrea,Morris,M,NULL,2025-10-08
11198,AW00011198,Brooke,Sanders,S,NULL,2025-10-08
11199,AW00011199,Jacqueline,Bennett,M,NULL,2025-10-08
11200,AW00011200,Jason,Griffin,M,NULL,2025-10-08
11201,AW00011201,Amanda,Foster,M,NULL,2025-10-08
11202,AW00011202,Alexia,Price,M,NULL,2025-10-08
11203,AW00011203,Luis,Diaz,M,NULL,2025-10-08
11204,AW00011204,Destiny,Rivera,M,NULL,2025-10-08
11205,AW00011205,Abby,Fernandez,M,NULL,2025-10-08
11206,AW00011206,Blake," Flores ",M,NULL,2025-10-08
11207,AW00011207,Danielle,Cox,S,NULL,2025-10-08
11208,AW00011208," Maria "," Reed",M,NULL,2025-10-08
11209,AW00011209," Allison ",Evans,M,NULL,2025-10-08
11210,AW00011210,Edward,Wood,M,NULL,2025-10-08
11211,AW00011211,Samantha,Russell,M,NULL,2025-10-08
11212,AW00011212,Chloe,Campbell,M,NULL,2025-10-08
11213,AW00011213,Stephanie,Murphy,S,NULL,2025-10-08
11214,AW00011214,Charles,Miller,S,NULL,2025-10-08
11215,AW00011215,Ana,Perry,M,NULL,2025-10-08
11216,AW00011216,Jasmine,Torres,S,NULL,2025-10-08
11217,AW00011217,Natalie,Adams,S,NULL,2025-10-08
11218,AW00011218,Olivia,Brown,S,NULL,2025-10-08
11219,AW00011219,Charles,Cook,M,NULL,2025-10-08
11220,AW00011220,Erica,Huang,M,NULL,2025-10-08
11221,AW00011221,Nathan,Perry,M,NULL,2025-10-08
11222,AW00011222,Alexandra,Rivera,M,NULL,2025-10-08
11223,AW00011223,Hailey,Patterson,S,NULL,2025-10-08
11224,AW00011224,Tiffany,Li,S,NULL,2025-10-08
11225,AW00011225,Madison,Lee,M,NULL,2025-10-08
11226,AW00011226,Sydney,Ross,M,NULL,2025-10-08
11227,AW00011227,Marshall,Chavez,S,NULL,2025-10-08
11228,AW00011228,Ashley,Jones,M,NULL,2025-10-08
11229,AW00011229," Adrian ",Stewart,S,NULL,2025-10-08
11230,AW00011230,Amber,Turner,M,NULL,2025-10-08
11231,AW00011231,Dennis,Zhang,M,NULL,2025-10-08
11232,AW00011232,Hailey,Bryant,M,NULL,2025-10-08
11233,AW00011233,Todd,Li,M,NULL,2025-10-08
11234,AW00011234,Anna,Griffin,S,NULL,2025-10-08
11235,AW00011235,Angel,Stewart,M,NULL,2025-10-08
11236,AW00011236,Jeremy,Butler,S,NULL,2025-10-08
11237,AW00011237,Clarence,Anand,S,NULL,2025-10-08
11238,AW00011238,Mayra,Prasad,S,NULL,2025-10-08
11239,AW00011239,Latoya,Goel,M,NULL,2025-10-08
11240,AW00011240,Anne,Hernandez,M,NULL,2025-10-08
11241,AW00011241,Lisa,Cai,S,NULL,2025-10-08
11242,AW00011242,Larry,Munoz,M,NULL,2025-10-08
11243,AW00011243,Robin,Alvarez,M,NULL,2025-10-08
11244,AW00011244,Alexis,Coleman,S,NULL,2025-10-08
11245,AW00011245,Ricky,Vazquez,M,NULL,2025-10-08
11246,AW00011246,Latasha,Rubio,M,NULL,2025-10-08
11247,AW00011247,Claudia,Zhou,S,NULL,2025-10-08
11248,AW00011248,Tristan,Alexander,M,NULL,2025-10-08
11249,AW00011249,Cindy,Patel,M,NULL,2025-10-08
11250,AW00011250,Shannon,Liu,M,NULL,2025-10-08
11251,AW00011251,Xavier,Long,S,NULL,2025-10-08
11252,AW00011252,Nicholas,Thompson,S,NULL,2025-10-08
11253,AW00011253,Jos├⌐,Hernandez,M,NULL,2025-10-08
11254,AW00011254,Johnathan,Vance,M,NULL,2025-10-08
11255,AW00011255,Colin,Lin,M,NULL,2025-10-08
11256,AW00011256,Katelyn,Hernandez,M,NULL,2025-10-08
11257,AW00011257,Jacqueline,Powell,S,NULL,2025-10-08
11258,AW00011258,Xavier,Hill,M,NULL,2025-10-08
11259,AW00011259,"Victoria  ",Stewart,M,NULL,2025-10-08
11260,AW00011260,Katelyn,Kelly,M,NULL,2025-10-08
11261,AW00011261,Stephanie,Collins,M,NULL,2025-10-08
11262,AW00011262,Jennifer,Simmons,M,NULL,2025-10-08
11263,AW00011263,Trinity,Richardson,M,NULL,2025-10-08
11264,AW00011264,Eduardo,Martin,S,NULL,2025-10-08
11265,AW00011265,Elizabeth,Jones,M,NULL,2025-10-08
11266,AW00011266,Taylor,Howard,S,NULL,2025-10-08
11267,AW00011267,David,Diaz,S,NULL,2025-10-08
11268,AW00011268,Katelyn,Carter,M,NULL,2025-10-08
11269,AW00011269,Ryan,Foster,M,NULL,2025-10-08
11270,AW00011270,Robert,Lee,M,NULL,2025-10-08
11271,AW00011271,Danielle,Reed,S,NULL,2025-10-08
11272,AW00011272,Lauren,Martinez,S,NULL,2025-10-08
11273,AW00011273,Nathan,Lal,M,NULL,2025-10-08
11274,AW00011274,Kyle,Foster,M,NULL,2025-10-08
11275,AW00011275,Jenny,Rai,M,NULL,2025-10-08
11276,AW00011276,Nancy,Chapman,M,NULL,2025-10-08
11277,AW00011277,Charles,Jackson,M,NULL,2025-10-08
11278,AW00011278,Jonathan,Phillips,S,NULL,2025-10-08
11279,AW00011279,Amanda,Cook,M,NULL,2025-10-08
11280,AW00011280,Robert,Collins,M,NULL,2025-10-08
11281,AW00011281,Megan,Barnes,S,NULL,2025-10-08
11282,AW00011282,Christian,Thomas,M,NULL,2025-10-08
11283,AW00011283,Arturo,Lal,M,NULL,2025-10-08
11284,AW00011284,Theresa,Serrano,M,NULL,2025-10-08
11285,AW00011285,Jeremy,Anderson,M,NULL,2025-10-08
11286,AW00011286,Hunter,Griffin,M,NULL,2025-10-08
11287,AW00011287,Henry,Garcia,M,NULL,2025-10-08
11288,AW00011288,Cindy,Sanchez,M,NULL,2025-10-08
11289,AW00011289,Maria,Carter,M,NULL,2025-10-08
11290,AW00011290,Katelyn,Sanchez,M,NULL,2025-10-08
11291,AW00011291,Jenna,Wright,M,NULL,2025-10-08
11292,AW00011292,Seth,Phillips,S,NULL,2025-10-08
11293,AW00011293,Luke,Long,S,NULL,2025-10-08
11294,AW00011294,Dalton,Clark,M,NULL,2025-10-08
11295,AW00011295,Taylor,Lewis,S,NULL,2025-10-08
11296,AW00011296,Haley,Richardson,S,NULL,2025-10-08
11297,AW00011297,Noah,Coleman,S,NULL,2025-10-08
11298,AW00011298,Jon,Luo,M,NULL,2025-10-08
11299,AW00011299,Orlando,Vazquez,M,NULL,2025-10-08
11300,AW00011300,Fernando,Barnes,M,NULL,2025-10-08
11301,AW00011301,Cameron,Rodriguez,M,NULL,2025-10-08
11302,AW00011302,Spencer,Russell,S,NULL,2025-10-08
11303,AW00011303,Julia,Coleman,S,NULL,2025-10-08
11304,AW00011304,Julia,Garcia,M,NULL,2025-10-08
11305,AW00011305,Sean,Evans,M,NULL,2025-10-08
11306,AW00011306,Micah,Zhou,M,NULL,2025-10-08
11307,AW00011307,Hunter,Rodriguez,M,NULL,2025-10-08
11308,AW00011308,Ian,Gonzales,M,NULL,2025-10-08
11309,AW00011309,Victoria,Lewis,S,NULL,2025-10-08
11310,AW00011310,Erin,Sanders,S,NULL,2025-10-08
11311,AW00011311,Gabrielle,Lopez,S,NULL,2025-10-08
11312,AW00011312,Sara,Richardson,S,NULL,2025-10-08
11313,AW00011313,Trevor,Jenkins,S,NULL,2025-10-08
11314,AW00011314,Mya,Flores,S,NULL,2025-10-08
11315,AW00011315,Hailey,Ward,S,NULL,2025-10-08
11316,AW00011316,Luke,Allen,M,NULL,2025-10-08
11317,AW00011317,Victoria,Russell,S,NULL,2025-10-08
11318,AW00011318,Jessica,Wilson,S,NULL,2025-10-08
11319,AW00011319,Jade,Bailey,M,NULL,2025-10-08
11320,AW00011320,Morgan,Hill,M,NULL,2025-10-08
11321,AW00011321,Terrance,Raman,M,NULL,2025-10-08
11322,AW00011322,Sydney,Garcia,M,NULL,2025-10-08
11323,AW00011323,Jose,Patterson,S,NULL,2025-10-08
11324,AW00011324,Zachary,Anderson,M,NULL,2025-10-08
11325,AW00011325,Elijah,Ross,S,NULL,2025-10-08
11326,AW00011326,Rafael,Xie,M,NULL,2025-10-08
11327,AW00011327,Jaime,Moreno,M,NULL,2025-10-08
11328,AW00011328,Julian,Griffin,M,NULL,2025-10-08
11329,AW00011329,Andy,Alvarez,S,NULL,2025-10-08
11330,AW00011330,Ryan,Thompson,M,NULL,2025-10-08
11331,AW00011331,Samantha,Jenkins,M,NULL,2025-10-08
11332,AW00011332,Deanna,Ramos,S,NULL,2025-10-08
11333,AW00011333,Emily,Miller,M,NULL,2025-10-08
11334,AW00011334,Nicole,Brown,M,NULL,2025-10-08
11335,AW00011335,Carla,Raman,M,NULL,2025-10-08
11336,AW00011336,Shaun,Raji,M,NULL,2025-10-08
11337,AW00011337,Jerome,Romero,M,NULL,2025-10-08
11338,AW00011338,Frank,Navarro,M,NULL,2025-10-08
11339,AW00011339,Dennis,She,S,NULL,2025-10-08
11340,AW00011340,Melody,Munoz,M,NULL,2025-10-08
11341,AW00011341,Randy,Zeng,M,NULL,2025-10-08
11342,AW00011342,Marshall,Wang,M,NULL,2025-10-08
11343,AW00011343,Arthur,Carlson,M,NULL,2025-10-08
11344,AW00011344,Jessie,Jimenez,M,NULL,2025-10-08
11345,AW00011345,Robin,Ramos,S,NULL,2025-10-08
11346,AW00011346,Deanna,Gutierrez,S,NULL,2025-10-08
11347,AW00011347,Roy,Navarro,M,NULL,2025-10-08
11348,AW00011348,Shawn,Rai,M,NULL,2025-10-08
11349,AW00011349,Mindy,Luo,M,NULL,2025-10-08
11350,AW00011350,Cara,Zhou,M,NULL,2025-10-08
11351,AW00011351,Anne,Ramos,S,NULL,2025-10-08
11352,AW00011352,Raymond,Rodriguez,M,NULL,2025-10-08
11353,AW00011353,Carrie,Ortega,S,NULL,2025-10-08
11354,AW00011354,Deanna,Suarez,M,NULL,2025-10-08
11355,AW00011355,Roberto,Gutierrez,M,NULL,2025-10-08
11356,AW00011356,Terrence,Carson,S,NULL,2025-10-08
11357,AW00011357,Ramon,Ye,S,NULL,2025-10-08
11358,AW00011358,Cynthia,Malhotra,S,NULL,2025-10-08
11359,AW00011359,Jarrod,Prasad,S,NULL,2025-10-08
11360,AW00011360,Tyrone,Serrano,S,NULL,2025-10-08
11361,AW00011361,Cindy,Ramos,M,NULL,2025-10-08
11362,AW00011362,Damien,Shan,M,NULL,2025-10-08
11363,AW00011363,Julian,Ross,S,NULL,2025-10-08
11364,AW00011364,Jennifer,Collins,S,NULL,2025-10-08
11365,AW00011365,Brittney,Sun,S,NULL,2025-10-08
11366,AW00011366,Virginia,Patel,M,NULL,2025-10-08
11367,AW00011367,Calvin,Nara,M,NULL,2025-10-08
11368,AW00011368,Edward,Miller,S,NULL,2025-10-08
11369,AW00011369,Ashlee,Tang,M,NULL,2025-10-08
11370,AW00011370,Alicia,Xu,M,NULL,2025-10-08
11371,AW00011371,Lacey,Jai,M,NULL,2025-10-08
11372,AW00011372,Wendy,Romero,S,NULL,2025-10-08
11373,AW00011373,Carly,Luo,M,NULL,2025-10-08
11374,AW00011374,Jimmy,Ortega,S,NULL,2025-10-08
11375,AW00011375,Francisco,Martinez,M,NULL,2025-10-08
11376,AW00011376,Lance,Vazquez,S,NULL,2025-10-08
11377,AW00011377,David,Robinett,M,NULL,2025-10-08
11378,AW00011378,Shannon,Liang,S,NULL,2025-10-08
11379,AW00011379,Gary,Vazquez,M,NULL,2025-10-08
11380,AW00011380,Mitchell,Kumar,S,NULL,2025-10-08
11381,AW00011381,Meredith,Raman,M,NULL,2025-10-08
11382,AW00011382,Edward,Patterson,M,NULL,2025-10-08
11383,AW00011383,Marie,Gill,M,NULL,2025-10-08
11384,AW00011384,Tiffany,Wang,M,NULL,2025-10-08
11385,AW00011385,Miguel,Allen,S,NULL,2025-10-08
11386,AW00011386,Jaclyn,Cai,M,NULL,2025-10-08
11387,AW00011387,Megan,Ramirez,S,NULL,2025-10-08
11388,AW00011388,Joseph,Martin,M,NULL,2025-10-08
11389,AW00011389,Karl,Shan,S,NULL,2025-10-08
11390,AW00011390,Christine,Raji,S,NULL,2025-10-08
11391,AW00011391,Lindsay,Xie,S,NULL,2025-10-08
11392,AW00011392,Willie,Zhao,S,NULL,2025-10-08
11393,AW00011393,Kurt,Pal,S,NULL,2025-10-08
11394,AW00011394,George,McDonald,S,NULL,2025-10-08
11395,AW00011395,Beth,Gutierrez,S,NULL,2025-10-08
11396,AW00011396,Ian,Lopez,M,NULL,2025-10-08
11397,AW00011397,Latoya,Shan,S,NULL,2025-10-08
11398,AW00011398,Colin,Nath,S,NULL,2025-10-08
11399,AW00011399,Brenda,Mehta,S,NULL,2025-10-08
11400,AW00011400,Franklin,Raji,S,NULL,2025-10-08
11401,AW00011401,Linda,Navarro,M,NULL,2025-10-08
11402,AW00011402,Kelli,Cai,M,NULL,2025-10-08
11403,AW00011403,Nancy,Schmidt,S,NULL,2025-10-08
11404,AW00011404,Megan,Taylor,S,NULL,2025-10-08
11405,AW00011405,Bonnie,Goel,S,NULL,2025-10-08
11406,AW00011406,Latoya,Xu,M,NULL,2025-10-08
11407,AW00011407,Mario,She,M,NULL,2025-10-08
11408,AW00011408,Darren,Gill,M,NULL,2025-10-08
11409,AW00011409,Jacqueline,Hayes,S,NULL,2025-10-08
11410,AW00011410,Maurice,Goel,M,NULL,2025-10-08
11411,AW00011411,Devin,Ross,M,NULL,2025-10-08
11412,AW00011412,Sydney,Bryant,S,NULL,2025-10-08
11413,AW00011413,Megan,Stewart,M,NULL,2025-10-08
11414,AW00011414,Ian,Richardson,S,NULL,2025-10-08
11415,AW00011415,Randy,She,S,NULL,2025-10-08
11416,AW00011416,Katrina,Becker,M,NULL,2025-10-08
11417,AW00011417,Lacey,Zheng,M,NULL,2025-10-08
11418,AW00011418,Rafael,Hu,S,NULL,2025-10-08
11419,AW00011419,Kyle,Scott,M,NULL,2025-10-08
11420,AW00011420,Jordan,Turner,M,NULL,2025-10-08
11421,AW00011421,Amy,Sun,M,NULL,2025-10-08
11422,AW00011422,Dustin,Deng,M,NULL,2025-10-08
11423,AW00011423,Jasmine,Stewart,M,NULL,2025-10-08
11424,AW00011424,Pamela,Garcia,M,NULL,2025-10-08
11425,AW00011425,Ariana,Gray,M,NULL,2025-10-08
11426,AW00011426,Kristopher,Mehta,M,NULL,2025-10-08
11427,AW00011427,Desiree,Dominguez,M,NULL,2025-10-08
11428,AW00011428,Deanna,Perez,S,NULL,2025-10-08
11429,AW00011429,Marco,Lopez,M,NULL,2025-10-08
11430,AW00011430,Casey,Yuan,M,NULL,2025-10-08
11431,AW00011431,Bryant,Garcia,M,NULL,2025-10-08
11432,AW00011432,Dominique,Prasad,M,NULL,2025-10-08
11433,AW00011433,Maurice,Shan,M,NULL,2025-10-08
11434,AW00011434,Andre,Lopez,M,NULL,2025-10-08
11435,AW00011435,Robin,Romero,S,NULL,2025-10-08
11436,AW00011436,Taylor,Cox,M,NULL,2025-10-08
11437,AW00011437,Alfredo,Moreno,M,NULL,2025-10-08
11438,AW00011438,Jenny,Nara,M,NULL,2025-10-08
11439,AW00011439,Janet,Munoz,M,NULL,2025-10-08
11440,AW00011440,Sergio,Weber,M,NULL,2025-10-08
11441,AW00011441,Erika,Gomez,M,NULL,2025-10-08
11442,AW00011442,Joseph,Harris,M,NULL,2025-10-08
11443,AW00011443,Grace,Griffin,S,NULL,2025-10-08
11444,AW00011444,Tina,Mehta,M,NULL,2025-10-08
11445,AW00011445,Kari,Kim,S,NULL,2025-10-08
11446,AW00011446,Bethany,Chander,S,NULL,2025-10-08
11447,AW00011447,Jennifer,Roberts,M,NULL,2025-10-08
11448,AW00011448,Kyle,Patterson,S,NULL,2025-10-08
11449,AW00011449,Alvin,Hu,M,NULL,2025-10-08
11450,AW00011450,Brett,Mehta,S,NULL,2025-10-08
11451,AW00011451,Ruben,Mu├▒oz,S,NULL,2025-10-08
11452,AW00011452,Erika,Rubio,S,NULL,2025-10-08
11453,AW00011453,Stanley,Malhotra,S,NULL,2025-10-08
11454,AW00011454,Melinda,Navarro,S,NULL,2025-10-08
11455,AW00011455,Ross,Sanz,M,NULL,2025-10-08
11456,AW00011456,Jon,Gao,M,NULL,2025-10-08
11457,AW00011457,Jaime,Gutierrez,M,NULL,2025-10-08
11458,AW00011458,Bianca,Liu,M,NULL,2025-10-08
11459,AW00011459,Tasha,Deng,S,NULL,2025-10-08
11460,AW00011460,Melvin,Chande,S,NULL,2025-10-08
11461,AW00011461,Victor,Jimenez,S,NULL,2025-10-08
11462,AW00011462,Laura,Lin,M,NULL,2025-10-08
11463,AW00011463,Alisha,Beck,M,NULL,2025-10-08
11464,AW00011464,Alejandro,Huang,M,NULL,2025-10-08
11465,AW00011465,Louis,Luo,M,NULL,2025-10-08
11466,AW00011466,Grant,Tang,M,NULL,2025-10-08
11467,AW00011467,Arturo,Zheng,M,NULL,2025-10-08
11468,AW00011468,Jaclyn,Andersen,M,NULL,2025-10-08
11469,AW00011469,Edwin,Raji,S,NULL,2025-10-08
11470,AW00011470,Jay,Suarez,S,NULL,2025-10-08
11471,AW00011471,Latasha,Suarez,S,NULL,2025-10-08
11472,AW00011472,Kenneth,Kumar,S,NULL,2025-10-08
11473,AW00011473,Grace,Henderson,S,NULL,2025-10-08
11474,AW00011474,Melvin,Xu,S,NULL,2025-10-08
11475,AW00011475,Cesar,Subram,S,NULL,2025-10-08
11476,AW00011476,Erika,Navarro,M,NULL,2025-10-08
11477,AW00011477,Tristan,Hughes,S,NULL,2025-10-08
11478,AW00011478,Billy,Hernandez,S,NULL,2025-10-08
11479,AW00011479,Darryl,Wu,M,NULL,2025-10-08
11480,AW00011480,Colleen,Ma,M,NULL,2025-10-08
11481,AW00011481,Erica,Hu,M,NULL,2025-10-08
11482,AW00011482,Adrienne,Torres,S,NULL,2025-10-08
11483,AW00011483,Calvin,Chande,M,NULL,2025-10-08
11484,AW00011484,Erick,Sai,S,NULL,2025-10-08
11485,AW00011485,Donald,Chandra,M,NULL,2025-10-08
11486,AW00011486,Ariana,Rogers,S,NULL,2025-10-08
11487,AW00011487,Morgan,Jones,S,NULL,2025-10-08
11488,AW00011488,Jermaine,Lopez,S,NULL,2025-10-08
11489,AW00011489,Deborah,Goel,S,NULL,2025-10-08
11490,AW00011490,Danny,Rubio,S,NULL,2025-10-08
11491,AW00011491,Andre,Perez,M,NULL,2025-10-08
11492,AW00011492,Terrence,Chander,S,NULL,2025-10-08
11493,AW00011493,Dawn,Wu,S,NULL,2025-10-08
11494,AW00011494,Jimmy,Gutierrez,S,NULL,2025-10-08
11495,AW00011495,Francis,Jimenez,S,NULL,2025-10-08
11496,AW00011496,Gary,Ortega,S,NULL,2025-10-08
11497,AW00011497,Katrina,Nath,S,NULL,2025-10-08
11498,AW00011498,Arturo,Sun,S,NULL,2025-10-08
11499,AW00011499,Pedro,Vance,S,NULL,2025-10-08
11500,AW00011500,Sarah,Simmons,S,NULL,2025-10-08
11501,AW00011501,Brandy,Chandra,S,NULL,2025-10-08
11502,AW00011502,Jared,Peterson,S,NULL,2025-10-08
11503,AW00011503,Dennis,Wu,M,NULL,2025-10-08
11504,AW00011504,Jordan,Baker,M,NULL,2025-10-08
11505,AW00011505,Jasmine,Powell,S,NULL,2025-10-08
11506,AW00011506,Nicholas,Brown,S,NULL,2025-10-08
11507,AW00011507,Isabella,Russell,S,NULL,2025-10-08
11508,AW00011508,Elizabeth,Wilson,S,NULL,2025-10-08
11509,AW00011509,Roger,Harui,M,NULL,2025-10-08
11510,AW00011510,Seth,Roberts,M,NULL,2025-10-08
11511,AW00011511,Caleb,Perry,M,NULL,2025-10-08
11512,AW00011512,Natalie,Campbell,S,NULL,2025-10-08
11513,AW00011513,Alyssa,Howard,S,NULL,2025-10-08
11514,AW00011514,Dalton,Diaz,M,NULL,2025-10-08
11515,AW00011515,Shannon,Huang,M,NULL,2025-10-08
11516,AW00011516,Mya,Gonzales,M,NULL,2025-10-08
11517,AW00011517,Katherine,Bryant,M,NULL,2025-10-08
11518,AW00011518,Edward,Washington,M,NULL,2025-10-08
11519,AW00011519,Jerome,Navarro,M,NULL,2025-10-08
11520,AW00011520,Jada,Morgan,M,NULL,2025-10-08
11521,AW00011521,Ariana,Peterson,M,NULL,2025-10-08
11522,AW00011522,Christian,Hughes,M,NULL,2025-10-08
11523,AW00011523,Lucas,Taylor,M,NULL,2025-10-08
11524,AW00011524,Alyssa,Jackson,M,NULL,2025-10-08
11525,AW00011525,Ariana,Cook,M,NULL,2025-10-08
11526,AW00011526,Katherine,Diaz,M,NULL,2025-10-08
11527,AW00011527,Jenna,Green,M,NULL,2025-10-08
11528,AW00011528,Joan,Washington,M,NULL,2025-10-08
11529,AW00011529,Austin,Bryant,M,NULL,2025-10-08
11530,AW00011530,Andrew,Martinez,M,NULL,2025-10-08
11531,AW00011531,Nina,Yuan,M,NULL,2025-10-08
11532,AW00011532,Lauren,Miller,M,NULL,2025-10-08
11533,AW00011533,Ebony,Gill,M,NULL,2025-10-08
11534,AW00011534,Cameron,Lewis,S,NULL,2025-10-08
11535,AW00011535,Devin,Nelson,M,NULL,2025-10-08
11536,AW00011536,Logan,Chow,M,NULL,2025-10-08
11537,AW00011537,Dakota,Ross,M,NULL,2025-10-08
11538,AW00011538,Nicole,Taylor,S,NULL,2025-10-08
11539,AW00011539,Justin,Washington,M,NULL,2025-10-08
11540,AW00011540,Alberto,Navarro,S,NULL,2025-10-08
11541,AW00011541,Aidan,Ross,S,NULL,2025-10-08
11542,AW00011542,Alejandro,Tang,S,NULL,2025-10-08
11543,AW00011543,Sheena,Chande,M,NULL,2025-10-08
11544,AW00011544,Joel,Garcia,M,NULL,2025-10-08
11545,AW00011545,Reginald,Dominguez,M,NULL,2025-10-08
11546,AW00011546,Christine,Chande,M,NULL,2025-10-08
11547,AW00011547,Cindy,Sai,M,NULL,2025-10-08
11548,AW00011548,Raymond,Sanchez,S,NULL,2025-10-08
11549,AW00011549,Crystal,Liang,M,NULL,2025-10-08
11550,AW00011550,Deb,Torres,S,NULL,2025-10-08
11551,AW00011551,Shannon,Alvarez,S,NULL,2025-10-08
11552,AW00011552,Eddie,Rubio,S,NULL,2025-10-08
11553,AW00011553,Sharon,Luo,M,NULL,2025-10-08
11554,AW00011554,Sydney,Simmons,S,NULL,2025-10-08
11555,AW00011555,Alexandria,Henderson,M,NULL,2025-10-08
11556,AW00011556,Lucas,Evans,M,NULL,2025-10-08
11557,AW00011557,Felicia,Ramos,S,NULL,2025-10-08
11558,AW00011558,Ivan,Malhotra,S,NULL,2025-10-08
11559,AW00011559,Frederick,Subram,S,NULL,2025-10-08
11560,AW00011560,Whitney,Srini,S,NULL,2025-10-08
11561,AW00011561,Briana,Dominguez,S,NULL,2025-10-08
11562,AW00011562,Jarrod,Gonzalez,M,NULL,2025-10-08
11563,AW00011563,Cesar,Srini,S,NULL,2025-10-08
11564,AW00011564,Jorge,Liang,S,NULL,2025-10-08
11565,AW00011565,Erik,Diaz,S,NULL,2025-10-08
11566,AW00011566,April,Shan,M,NULL,2025-10-08
11567,AW00011567,Carla,Perez,M,NULL,2025-10-08
11568,AW00011568,Alexia,Foster,S,NULL,2025-10-08
11569,AW00011569,Troy,Malhotra,M,NULL,2025-10-08
11570,AW00011570,Kristin,Andersen,M,NULL,2025-10-08
11571,AW00011571,Joel,Sai,M,NULL,2025-10-08
11572,AW00011572,Billy,Moreno,M,NULL,2025-10-08
11573,AW00011573,Meagan,Subram,S,NULL,2025-10-08
11574,AW00011574,Karla,Luo,S,NULL,2025-10-08
11575,AW00011575,Jackson,Campbell,S,NULL,2025-10-08
11576,AW00011576,Micah,Zhu,M,NULL,2025-10-08
11577,AW00011577,Janet,Serrano,M,NULL,2025-10-08
11578,AW00011578,Trisha,Huang,S,NULL,2025-10-08
11579,AW00011579,Clayton,Beck,S,NULL,2025-10-08
11580,AW00011580,Melvin,Raje,M,NULL,2025-10-08
11581,AW00011581,Cindy,Jordan,M,NULL,2025-10-08
11582,AW00011582,Claudia,Ma,S,NULL,2025-10-08
11583,AW00011583,Karla,Xu,S,NULL,2025-10-08
11584,AW00011584,Devin,Carter,M,NULL,2025-10-08
11585,AW00011585,Kari,Perez,M,NULL,2025-10-08
11586,AW00011586,Alberto,Romero,M,NULL,2025-10-08
11587,AW00011587,Kevin,Bryant,S,NULL,2025-10-08
11588,AW00011588,Candace,Mehta,M,NULL,2025-10-08
11589,AW00011589,Ebony,Malhotra,M,NULL,2025-10-08
11590,AW00011590,Erika,Diaz,S,NULL,2025-10-08
11591,AW00011591,Stacey,Lu,S,NULL,2025-10-08
11592,AW00011592,Darrell,Raji,S,NULL,2025-10-08
11593,AW00011593,Armando,Moreno,S,NULL,2025-10-08
11594,AW00011594,Corey,Goel,S,NULL,2025-10-08
11595,AW00011595,Sebastian,Howard,S,NULL,2025-10-08
11596,AW00011596,Roger,Raje,M,NULL,2025-10-08
11597,AW00011597,Janelle,Chandra,S,NULL,2025-10-08
11598,AW00011598,Meredith,Ruiz,S,NULL,2025-10-08
11599,AW00011599,Melody,Diaz,S,NULL,2025-10-08
11600,AW00011600,Linda,Rubio,S,NULL,2025-10-08
11601,AW00011601,Ivan,Raman,S,NULL,2025-10-08
11602,AW00011602,Larry,Gill,S,NULL,2025-10-08
11603,AW00011603,Geoffrey,Gonzalez,S,NULL,2025-10-08
11604,AW00011604,Edgar,Sanchez,S,NULL,2025-10-08
11605,AW00011605,Heidi,Subram,S,NULL,2025-10-08
11606,AW00011606,Melody,Ramos,S,NULL,2025-10-08
11607,AW00011607,Clinton,Moreno,S,NULL,2025-10-08
11608,AW00011608,Cesar,Madan,S,NULL,2025-10-08
11609,AW00011609,Eugene,Ye,S,NULL,2025-10-08
11610,AW00011610,Blake,Collins,S,NULL,2025-10-08
11611,AW00011611,Ernest,Lin,M,NULL,2025-10-08
11612,AW00011612,Keith,Andersen,S,NULL,2025-10-08
11613,AW00011613,Meredith,Prasad,S,NULL,2025-10-08
11614,AW00011614,Katrina,Sharma,S,NULL,2025-10-08
11615,AW00011615,Dwayne,Navarro,M,NULL,2025-10-08
11616,AW00011616,Casey,Nath,M,NULL,2025-10-08
11617,AW00011617,Sean,Brooks,S,NULL,2025-10-08
11618,AW00011618,Brian,Ramirez,M,NULL,2025-10-08
11619,AW00011619,Sierra,Young,S,NULL,2025-10-08
11620,AW00011620,Megan,Rodriguez,S,NULL,2025-10-08
11621,AW00011621,Leah,She,S,NULL,2025-10-08
11622,AW00011622,Gabriel,Allen,M,NULL,2025-10-08
11623,AW00011623,Angela,Perry,S,NULL,2025-10-08
11624,AW00011624,Ryan,Smith,S,NULL,2025-10-08
11625,AW00011625,Zachary,Moore,M,NULL,2025-10-08
11626,AW00011626,Destiny,Rogers,M,NULL,2025-10-08
11627,AW00011627,Dalton,Gray,M,NULL,2025-10-08
11628,AW00011628,Mariah,Wood,S,NULL,2025-10-08
11629,AW00011629,Isaiah,Wright,S,NULL,2025-10-08
11630,AW00011630,Haley,Powell,M,NULL,2025-10-08
11631,AW00011631,Antonio,Bennett,M,NULL,2025-10-08
11632,AW00011632,Alexandra,Jenkins,M,NULL,2025-10-08
11633,AW00011633,Thomas,Anderson,M,NULL,2025-10-08
11634,AW00011634,Samuel,Collins,M,NULL,2025-10-08
11635,AW00011635,Darrell,Chande,M,NULL,2025-10-08
11636,AW00011636,Kimberly,Cox,S,NULL,2025-10-08
11637,AW00011637,Morgan,Hernandez,M,NULL,2025-10-08
11638,AW00011638,Antonio,Powell,M,NULL,2025-10-08
11639,AW00011639,Angelica,Perry,M,NULL,2025-10-08
11640,AW00011640,Chloe,Wilson,M,NULL,2025-10-08
11641,AW00011641,James,Chen,M,NULL,2025-10-08
11642,AW00011642,Morgan,Hughes,M,NULL,2025-10-08
11643,AW00011643,Naomi,Munoz,M,NULL,2025-10-08
11644,AW00011644,Charles,Torres,S,NULL,2025-10-08
11645,AW00011645,Gabriella,Turner,S,NULL,2025-10-08
11646,AW00011646,Anna,Foster,S,NULL,2025-10-08
11647,AW00011647,Randy,Wu,S,NULL,2025-10-08
11648,AW00011648,Kevin,Scott,S,NULL,2025-10-08
11649,AW00011649,Ian,White,M,NULL,2025-10-08
11650,AW00011650,Caleb,Hayes,M,NULL,2025-10-08
11651,AW00011651,Patricia,Garcia,M,NULL,2025-10-08
11652,AW00011652,Samuel,Russell,M,NULL,2025-10-08
11653,AW00011653,Sydney,Peterson,S,NULL,2025-10-08
11654,AW00011654,Ariana,Sanchez,M,NULL,2025-10-08
11655,AW00011655,Tamara,Sharma,S,NULL,2025-10-08
11656,AW00011656,Katelyn,Perez,M,NULL,2025-10-08
11657,AW00011657,Megan,Cox,M,NULL,2025-10-08
11658,AW00011658,Robert,Mitchell,M,NULL,2025-10-08
11659,AW00011659,Miguel,Adams,S,NULL,2025-10-08
11660,AW00011660,Miranda,Gonzales,M,NULL,2025-10-08
11661,AW00011661,Jeremiah,James,S,NULL,2025-10-08
11662,AW00011662,Ethan,Kumar,S,NULL,2025-10-08
11663,AW00011663,Seth,Williams,M,NULL,2025-10-08
11664,AW00011664,Alyssa,Morgan,S,NULL,2025-10-08
11665,AW00011665,Janet,Dominguez,M,NULL,2025-10-08
11666,AW00011666,Angel,Baker,M,NULL,2025-10-08
11667,AW00011667,Blake,Moore,M,NULL,2025-10-08
11668,AW00011668,Jada,Collins,S,NULL,2025-10-08
11669,AW00011669,Isabella,Simmons,S,NULL,2025-10-08
11670,AW00011670,Jacqueline,Perry,S,NULL,2025-10-08
11671,AW00011671,Jessica,Brown,S,NULL,2025-10-08
11672,AW00011672,Chad,Jai,M,NULL,2025-10-08
11673,AW00011673,Susan,Ye,S,NULL,2025-10-08
11674,AW00011674,Morgan,Rogers,M,NULL,2025-10-08
11675,AW00011675,Devin,Martinez,S,NULL,2025-10-08
11676,AW00011676,Alan,Hu,M,NULL,2025-10-08
11677,AW00011677,Charles,Walker,S,NULL,2025-10-08
11678,AW00011678,Johnny,Chavez,M,NULL,2025-10-08
11679,AW00011679,Dalton,Richardson,M,NULL,2025-10-08
11680,AW00011680,Kaylee,Nelson,M,NULL,2025-10-08
11681,AW00011681,Abigail,Jones,M,NULL,2025-10-08
11682,AW00011682,Kaitlyn,Hall,M,NULL,2025-10-08
11683,AW00011683,Greg,Taylor,M,NULL,2025-10-08
11684,AW00011684,Devin,Parker,S,NULL,2025-10-08
11685,AW00011685,Jose,Griffin,M,NULL,2025-10-08
11686,AW00011686,Luke,Edwards,S,NULL,2025-10-08
11687,AW00011687,Cody,Torres,S,NULL,2025-10-08
11688,AW00011688,Victoria,Morris,S,NULL,2025-10-08
11689,AW00011689,Ian,Diaz,M,NULL,2025-10-08
11690,AW00011690,Caroline,Butler,M,NULL,2025-10-08
11691,AW00011691,Kaitlyn,Wilson,S,NULL,2025-10-08
11692,AW00011692,Caleb,Gonzales,M,NULL,2025-10-08
11693,AW00011693,Hailey,Diaz,S,NULL,2025-10-08
11694,AW00011694,Jonathon,Ortega,M,NULL,2025-10-08
11695,AW00011695,Logan,Campbell,M,NULL,2025-10-08
11696,AW00011696,Mackenzie,Campbell,S,NULL,2025-10-08
11697,AW00011697,Eduardo,Lee,M,NULL,2025-10-08
11698,AW00011698,Jackson,Wright,M,NULL,2025-10-08
11699,AW00011699,Chase,Peterson,S,NULL,2025-10-08
11700,AW00011700,Xavier,Richardson,S,NULL,2025-10-08
11701,AW00011701,David,Hayes,M,NULL,2025-10-08
11702,AW00011702,Jenny,Zhou,S,NULL,2025-10-08
11703,AW00011703,Kaylee,Baker,S,NULL,2025-10-08
11704,AW00011704,Evan,Hernandez,S,NULL,2025-10-08
11705,AW00011705,Brooke,Richardson,S,NULL,2025-10-08
11706,AW00011706,Blake,Perez,M,NULL,2025-10-08
11707,AW00011707,Natalie,Cook,S,NULL,2025-10-08
11708,AW00011708,Elizabeth,Weisman,S,NULL,2025-10-08
11709,AW00011709,Hailey,Collins,S,NULL,2025-10-08
11710,AW00011710,Zoe,Ramirez,M,NULL,2025-10-08
11711,AW00011711,Daniel,Davis,S,NULL,2025-10-08
11712,AW00011712,Shelby,Rogers,M,NULL,2025-10-08
11713,AW00011713,Kyle,Zhang,M,NULL,2025-10-08
11714,AW00011714,Alexandria,Long,M,NULL,2025-10-08
11715,AW00011715,Chloe,Robinson,M,NULL,2025-10-08
11716,AW00011716,Evan,Kelly,S,NULL,2025-10-08
11717,AW00011717,Marcus,Jones,M,NULL,2025-10-08
11718,AW00011718,Sarah,Jones,M,NULL,2025-10-08
11719,AW00011719,Blake,Green,M,NULL,2025-10-08
11720,AW00011720,Morgan,Morris,M,NULL,2025-10-08
11721,AW00011721,Jennifer,Alexander,M,NULL,2025-10-08
11722,AW00011722,Julian,Hughes,M,NULL,2025-10-08
11723,AW00011723,Luke,Coleman,S,NULL,2025-10-08
11724,AW00011724,Jason,Carter,S,NULL,2025-10-08
11725,AW00011725,Jose,Li,S,NULL,2025-10-08
11726,AW00011726,Micah,Liang,S,NULL,2025-10-08
11727,AW00011727,Benjamin,Taylor,S,NULL,2025-10-08
11728,AW00011728,Logan,White,M,NULL,2025-10-08
11729,AW00011729,Caleb,Campbell,M,NULL,2025-10-08
11730,AW00011730,Emma,Torres,M,NULL,2025-10-08
11731,AW00011731,Tanya,Gill,M,NULL,2025-10-08
11732,AW00011732,Erick,Sanchez,M,NULL,2025-10-08
11733,AW00011733,Kristi,Schmidt,M,NULL,2025-10-08
11734,AW00011734,Omar,Chen,M,NULL,2025-10-08
11735,AW00011735,Sydney,Gray,M,NULL,2025-10-08
11736,AW00011736,Sebastian,Sanchez,M,NULL,2025-10-08
11737,AW00011737,Megan,Martin,M,NULL,2025-10-08
11738,AW00011738,Elijah,Alexander,M,NULL,2025-10-08
11739,AW00011739,Aaron,King,M,NULL,2025-10-08
11740,AW00011740,Jan,Hall,M,NULL,2025-10-08
11741,AW00011741,Tamara,Chander,M,NULL,2025-10-08
11742,AW00011742,Edward,Lewis,S,NULL,2025-10-08
11743,AW00011743,Chase,Kelly,M,NULL,2025-10-08
11744,AW00011744,Stephanie,Campbell,M,NULL,2025-10-08
11745,AW00011745,Allison,Gonzalez,M,NULL,2025-10-08
11746,AW00011746,Seth,Brooks,S,NULL,2025-10-08
11747,AW00011747,Destiny,Davis,M,NULL,2025-10-08
11748,AW00011748,Blake,Hill,M,NULL,2025-10-08
11749,AW00011749,Eduardo,Jackson,M,NULL,2025-10-08
11750,AW00011750,Latoya,She,M,NULL,2025-10-08
11751,AW00011751,Victoria,Gonzales,M,NULL,2025-10-08
11752,AW00011752,Lauren,Bryant,M,NULL,2025-10-08
11753,AW00011753,Felicia,Ortega,M,NULL,2025-10-08
11754,AW00011754,Janet,Ortega,M,NULL,2025-10-08
11755,AW00011755,Willie,Pal,M,NULL,2025-10-08
11756,AW00011756,Linda,Ortega,S,NULL,2025-10-08
11757,AW00011757,Vincent,Cai,M,NULL,2025-10-08
11758,AW00011758,Colin,Yuan,M,NULL,2025-10-08
11759,AW00011759,Dawn,Nath,M,NULL,2025-10-08
11760,AW00011760,Melody,Moreno,M,NULL,2025-10-08
11761,AW00011761,Edgar,Mehta,S,NULL,2025-10-08
11762,AW00011762,Randall,Gomez,M,NULL,2025-10-08
11763,AW00011763,Ross,Fernandez,M,NULL,2025-10-08
11764,AW00011764,Jessie,Ramos,S,NULL,2025-10-08
11765,AW00011765,Marc,Torres,M,NULL,2025-10-08
11766,AW00011766,Candace,Raman,S,NULL,2025-10-08
11767,AW00011767,Meagan,Madan,S,NULL,2025-10-08
11768,AW00011768,Clayton,Nara,M,NULL,2025-10-08
11769,AW00011769,Haley,Hernandez,S,NULL,2025-10-08
11770,AW00011770,Peter,Nara,S,NULL,2025-10-08
11771,AW00011771,Isaac,Rivera,S,NULL,2025-10-08
11772,AW00011772,Cameron,Moore,M,NULL,2025-10-08
11773,AW00011773,Gavin,Diaz,S,NULL,2025-10-08
11774,AW00011774,Emma,Sanchez,M,NULL,2025-10-08
11775,AW00011775,Sierra,Roberts,S,NULL,2025-10-08
11776,AW00011776,Seth,Mitchell,M,NULL,2025-10-08
11777,AW00011777,Miranda,Long,S,NULL,2025-10-08
11778,AW00011778,Haley,Henderson,S,NULL,2025-10-08
11779,AW00011779,Sarah,Jackson,S,NULL,2025-10-08
11780,AW00011780,Jessica,Alexander,S,NULL,2025-10-08
11781,AW00011781,Carlos,Gray,M,NULL,2025-10-08
11782,AW00011782,Barbara,Jai,M,NULL,2025-10-08
11783,AW00011783,Sara,Mitchell,M,NULL,2025-10-08
11784,AW00011784,Jose,Turner,M,NULL,2025-10-08
11785,AW00011785,Theodore,Diaz,M,NULL,2025-10-08
11786,AW00011786,Ian,Murphy,S,NULL,2025-10-08
11787,AW00011787,Jerry,Nath,M,NULL,2025-10-08
11788,AW00011788,Destiny,James,S,NULL,2025-10-08
11789,AW00011789,Bailey,Phillips,M,NULL,2025-10-08
11790,AW00011790,Timothy,Gonzalez,M,NULL,2025-10-08
11791,AW00011791,Chase,Morgan,M,NULL,2025-10-08
11792,AW00011792,Alexia,Perry,M,NULL,2025-10-08
11793,AW00011793,Xavier,Rogers,M,NULL,2025-10-08
11794,AW00011794,Lauren,Ross,S,NULL,2025-10-08
11795,AW00011795,Nicole,Thomas,S,NULL,2025-10-08
11796,AW00011796,Isabel,Jenkins,S,NULL,2025-10-08
11797,AW00011797,Devin,Coleman,S,NULL,2025-10-08
11798,AW00011798,Brendan,Chande,M,NULL,2025-10-08
11799,AW00011799,Jessie,Wang,M,NULL,2025-10-08
11800,AW00011800,Jennifer,Baker,M,NULL,2025-10-08
11801,AW00011801,Aaron,Sharma,M,NULL,2025-10-08
11802,AW00011802,Madison,Taylor,M,NULL,2025-10-08
11803,AW00011803,Jan,Hernandez,S,NULL,2025-10-08
11804,AW00011804,Haley,Turner,M,NULL,2025-10-08
11805,AW00011805,Richard,Green,M,NULL,2025-10-08
11806,AW00011806,Jennifer,Stewart,M,NULL,2025-10-08
11807,AW00011807,Lucas,Baker,M,NULL,2025-10-08
11808,AW00011808,James,Parker,M,NULL,2025-10-08
11809,AW00011809,Juan,Gray,M,NULL,2025-10-08
11810,AW00011810,Antonio,Washington,S,NULL,2025-10-08
11811,AW00011811,Abigail,Brooks,S,NULL,2025-10-08
11812,AW00011812,Andrew,Rodriguez,M,NULL,2025-10-08
11813,AW00011813,Mary,Patterson,M,NULL,2025-10-08
11814,AW00011814,Dalton,Morgan,M,NULL,2025-10-08
11815,AW00011815,Hannah,Patterson,M,NULL,2025-10-08
11816,AW00011816,Joe,Torres,M,NULL,2025-10-08
11817,AW00011817,Morgan,Miller,S,NULL,2025-10-08
11818,AW00011818,Daniel,Garcia,M,NULL,2025-10-08
11819,AW00011819,Jose,Lal,M,NULL,2025-10-08
11820,AW00011820,Katelyn,Lopez,M,NULL,2025-10-08
11821,AW00011821,Austin,Johnson,M,NULL,2025-10-08
11822,AW00011822,Rohinton,Wadia,M,NULL,2025-10-08
11823,AW00011823,Morgan,Turner,M,NULL,2025-10-08
11824,AW00011824,Jill,Martin,M,NULL,2025-10-08
11825,AW00011825,Aimee,She,S,NULL,2025-10-08
11826,AW00011826,Jessie,Alonso,M,NULL,2025-10-08
11827,AW00011827,Sara,Baker,M,NULL,2025-10-08
11828,AW00011828,Katherine,Martinez,M,NULL,2025-10-08
11829,AW00011829,Sophia,Campbell,M,NULL,2025-10-08
11830,AW00011830,Taylor,Garcia,M,NULL,2025-10-08
11831,AW00011831,Christian,Ross,M,NULL,2025-10-08
11832,AW00011832,Zoe,Murphy,S,NULL,2025-10-08
11833,AW00011833,Oscar,Price,M,NULL,2025-10-08
11834,AW00011834,Fernando,Flores,S,NULL,2025-10-08
11835,AW00011835,Elijah,Russell,S,NULL,2025-10-08
11836,AW00011836,Garrett,Travers,M,NULL,2025-10-08
11837,AW00011837,Haley,Alexander,S,NULL,2025-10-08
11838,AW00011838,Justin,Rodriguez,S,NULL,2025-10-08
11839,AW00011839,Tyler,Brown,S,NULL,2025-10-08
11840,AW00011840,Julian,Patterson,M,NULL,2025-10-08
11841,AW00011841,Sean,Nelson,M,NULL,2025-10-08
11842,AW00011842,Justin,Wilson,S,NULL,2025-10-08
11843,AW00011843,Christy,Nara,S,NULL,2025-10-08
11844,AW00011844,Michele,Alvarez,S,NULL,2025-10-08
11845,AW00011845,Natalie,Jones,S,NULL,2025-10-08
11846,AW00011846,Savannah,Reed,S,NULL,2025-10-08
11847,AW00011847,Cassidy,Diaz,S,NULL,2025-10-08
11848,AW00011848,Joshua,Lewis,M,NULL,2025-10-08
11849,AW00011849,Faith,Reed,S,NULL,2025-10-08
11850,AW00011850,Brooke,Ramirez,S,NULL,2025-10-08
11851,AW00011851,Jada,Mitchell,S,NULL,2025-10-08
11852,AW00011852,Kyle,Russell,S,NULL,2025-10-08
11853,AW00011853,Grace,Jones,S,NULL,2025-10-08
11854,AW00011854,Jason,Mitchell,S,NULL,2025-10-08
11855,AW00011855,Christian,Walker,M,NULL,2025-10-08
11856,AW00011856,Seth,Hernandez,M,NULL,2025-10-08
11857,AW00011857,Isabella,Young,S,NULL,2025-10-08
11858,AW00011858,Jordan,Coleman,M,NULL,2025-10-08
11859,AW00011859,Blake,Garcia,M,NULL,2025-10-08
11860,AW00011860,Nicole,Walker,M,NULL,2025-10-08
11861,AW00011861,Katherine,Carter,M,NULL,2025-10-08
11862,AW00011862,Olivia,Peterson,S,NULL,2025-10-08
11863,AW00011863,Jessica,Wood,M,NULL,2025-10-08
11864,AW00011864,Elizabeth,Thompson,M,NULL,2025-10-08
11865,AW00011865,Chloe,Rivera,M,NULL,2025-10-08
11866,AW00011866,Lucas,Scott,M,NULL,2025-10-08
11867,AW00011867,Nathaniel,James,M,NULL,2025-10-08
11868,AW00011868,Jessica,Peterson,S,NULL,2025-10-08
11869,AW00011869,Kaitlyn,Adams,S,NULL,2025-10-08
11870,AW00011870,Jillian,Garcia,S,NULL,2025-10-08
11871,AW00011871,Dalton,Bennett,S,NULL,2025-10-08
11872,AW00011872,Faith,Patterson,S,NULL,2025-10-08
11873,AW00011873,Ryan,Zhang,M,NULL,2025-10-08
11874,AW00011874,Adrian,Bell,S,NULL,2025-10-08
11875,AW00011875,Jonathan,Brown,M,NULL,2025-10-08
11876,AW00011876,Madison,White,M,NULL,2025-10-08
11877,AW00011877,Alexis,Diaz,M,NULL,2025-10-08
11878,AW00011878,Christine,Nara,M,NULL,2025-10-08
11879,AW00011879,Edgar,Sai,M,NULL,2025-10-08
11880,AW00011880,Melissa,Sanchez,M,NULL,2025-10-08
11881,AW00011881,Richard,Mitchell,M,NULL,2025-10-08
11882,AW00011882,Patrick,Stewart,M,NULL,2025-10-08
11883,AW00011883,Hannah,Anderson,M,NULL,2025-10-08
11884,AW00011884,Latoya,Shen,M,NULL,2025-10-08
11885,AW00011885,Kurt,Sharma,M,NULL,2025-10-08
11886,AW00011886,Katelyn,Parker,M,NULL,2025-10-08
11887,AW00011887,Joseph,White,M,NULL,2025-10-08
11888,AW00011888,Aaron,Ross,M,NULL,2025-10-08
11889,AW00011889,Blake,Patterson,S,NULL,2025-10-08
11890,AW00011890,Whitney,Lopez,M,NULL,2025-10-08
11891,AW00011891,Jamie,Liang,M,NULL,2025-10-08
11892,AW00011892,Julio,Ortega,M,NULL,2025-10-08
11893,AW00011893,Orlando,Carlson,M,NULL,2025-10-08
11894,AW00011894,Ann,Gonzalez,M,NULL,2025-10-08
11895,AW00011895,Dustin,Chander,M,NULL,2025-10-08
11896,AW00011896,Frank,Carlson,M,NULL,2025-10-08
11897,AW00011897,Orlando,Ashe,S,NULL,2025-10-08
11898,AW00011898,Angela,Henderson,M,NULL,2025-10-08
11899,AW00011899,Brenda,Perez,S,NULL,2025-10-08
11900,AW00011900,Byron,Carlson,S,NULL,2025-10-08
11901,AW00011901,Stacy,Alvarez,S,NULL,2025-10-08
11902,AW00011902,Drew,Pal,M,NULL,2025-10-08
11903,AW00011903,Kate,Raji,S,NULL,2025-10-08
11904,AW00011904,Kaylee,Cook,S,NULL,2025-10-08
11905,AW00011905,Isaiah,Ramirez,S,NULL,2025-10-08
11906,AW00011906,Gabriella,Sanders,M,NULL,2025-10-08
11907,AW00011907,Sarah,Garcia,S,NULL,2025-10-08
11908,AW00011908,Rafael,Tang,S,NULL,2025-10-08
11909,AW00011909,Nichole,She,M,NULL,2025-10-08
11910,AW00011910,Jaclyn,Zheng,M,NULL,2025-10-08
11911,AW00011911,Rachael,Kapoor,M,NULL,2025-10-08
11912,AW00011912,Rachael,Sai,S,NULL,2025-10-08
11913,AW00011913,Rebecca,Robinson,M,NULL,2025-10-08
11914,AW00011914,Meagan,Rana,S,NULL,2025-10-08
11915,AW00011915,Philip,Carlson,S,NULL,2025-10-08
11916,AW00011916,Joe,Rana,S,NULL,2025-10-08
11917,AW00011917,Roy,Sanz,S,NULL,2025-10-08
11918,AW00011918,Kaylee,Hill,M,NULL,2025-10-08
11919,AW00011919,Warren,Andersen,M,NULL,2025-10-08
11920,AW00011920,Adrienne,Gomez,S,NULL,2025-10-08
11921,AW00011921,Gilbert,Zhu,M,NULL,2025-10-08
11922,AW00011922,James,Davis,S,NULL,2025-10-08
11923,AW00011923,Sarah,Bryant,M,NULL,2025-10-08
11924,AW00011924,Ian,Long,S,NULL,2025-10-08
11925,AW00011925,Ashlee,Jai,S,NULL,2025-10-08
11926,AW00011926,Eduardo,Foster,S,NULL,2025-10-08
11927,AW00011927,Nicole,Murphy,S,NULL,2025-10-08
11928,AW00011928,Isabella,Morris,M,NULL,2025-10-08
11929,AW00011929,Virginia,Gonzalez,S,NULL,2025-10-08
11930,AW00011930,Jaclyn,Nara,M,NULL,2025-10-08
11931,AW00011931,Marcus,Adams,S,NULL,2025-10-08
11932,AW00011932,Elizabeth,Coleman,M,NULL,2025-10-08
11933,AW00011933,Mathew,Rubio,S,NULL,2025-10-08
11934,AW00011934,Justin,Shan,S,NULL,2025-10-08
11935,AW00011935,Jessica,Taylor,S,NULL,2025-10-08
11936,AW00011936,Hunter,Clark,M,NULL,2025-10-08
11937,AW00011937,Devin,Perez,M,NULL,2025-10-08
11938,AW00011938,Seth,Alexander,M,NULL,2025-10-08
11939,AW00011939,Kevin,Washington,S,NULL,2025-10-08
11940,AW00011940,Tyler,Miller,M,NULL,2025-10-08
11941,AW00011941,Adam,Roberts,S,NULL,2025-10-08
11942,AW00011942,George,Gonzalez,M,NULL,2025-10-08
11943,AW00011943,Dawn,Huang,M,NULL,2025-10-08
11944,AW00011944,Rachael,Rodriguez,S,NULL,2025-10-08
11945,AW00011945,Dennis,Huang,M,NULL,2025-10-08
11946,AW00011946,Brandy,Saunders,S,NULL,2025-10-08
11947,AW00011947,Jenny,Zheng,S,NULL,2025-10-08
11948,AW00011948,Tasha,Xu,M,NULL,2025-10-08
11949,AW00011949,Julia,Brooks,S,NULL,2025-10-08
11950,AW00011950,Jordan,Carter,M,NULL,2025-10-08
11951,AW00011951,Lacey,Huang,M,NULL,2025-10-08
11952,AW00011952,Dorothy,Robinson,S,NULL,2025-10-08
11953,AW00011953,Courtney,Wright,S,NULL,2025-10-08
11954,AW00011954,Joseph,Garcia,M,NULL,2025-10-08
11955,AW00011955,Gabriel,Green,S,NULL,2025-10-08
11956,AW00011956,Alexandria,Sandberg,S,NULL,2025-10-08
11957,AW00011957,Courtney,Hernandez,S,NULL,2025-10-08
11958,AW00011958,Dylan,Lal,S,NULL,2025-10-08
11959,AW00011959,Elizabeth,Davis,S,NULL,2025-10-08
11960,AW00011960,Ana,Griffin,S,NULL,2025-10-08
11961,AW00011961,Anne,Alvarez,S,NULL,2025-10-08
11962,AW00011962,Alexandra,Roberts,S,NULL,2025-10-08
11963,AW00011963,Antonio,Patterson,M,NULL,2025-10-08
11964,AW00011964,Sharon,Salavaria,S,NULL,2025-10-08
11965,AW00011965,Katie,She,S,NULL,2025-10-08
11966,AW00011966,Rafael,Black,S,NULL,2025-10-08
11967,AW00011967,Latasha,Munoz,S,NULL,2025-10-08
11968,AW00011968,Kelsey,Becker,S,NULL,2025-10-08
11969,AW00011969,Randy,Xu,S,NULL,2025-10-08
11970,AW00011970,Bailey,Collins,S,NULL,2025-10-08
11971,AW00011971,Amanda,Adams,S,NULL,2025-10-08
11972,AW00011972,Katherine,Williams,M,NULL,2025-10-08
11973,AW00011973,Caroline,Barnes,S,NULL,2025-10-08
11974,AW00011974,Randy,Sun,S,NULL,2025-10-08
11975,AW00011975,Destiny,Garcia,S,NULL,2025-10-08
11976,AW00011976,Audrey,Ramos,S,NULL,2025-10-08
11977,AW00011977,Bonnie,Jai,M,NULL,2025-10-08
11978,AW00011978,Jackson,Washington,M,NULL,2025-10-08
11979,AW00011979,Christopher,Johnson,M,NULL,2025-10-08
11980,AW00011980,Kimberly,Richardson,S,NULL,2025-10-08
11981,AW00011981,Alexandria,Howard,S,NULL,2025-10-08
11982,AW00011982,Alexandra,Foster,S,NULL,2025-10-08
11983,AW00011983,Cheryl,Ortega,M,NULL,2025-10-08
11984,AW00011984,Alex,Campbell,M,NULL,2025-10-08
11985,AW00011985,Melanie,Hughes,M,NULL,2025-10-08
11986,AW00011986,Max,Alvarez,S,NULL,2025-10-08
11987,AW00011987,Diane,Vazquez,M,NULL,2025-10-08
11988,AW00011988,Kathryn,Chapman,S,NULL,2025-10-08
11989,AW00011989,Kara,Anand,S,NULL,2025-10-08
11990,AW00011990,Joanna,Vazquez,S,NULL,2025-10-08
11991,AW00011991,Frederick,Martinez,M,NULL,2025-10-08
11992,AW00011992,Tonya,Chande,S,NULL,2025-10-08
11993,AW00011993,Rosa,Wang,S,NULL,2025-10-08
11994,AW00011994,Leah,Hu,S,NULL,2025-10-08
11995,AW00011995,Kelvin,Carson,M,NULL,2025-10-08
11996,AW00011996,Veronica,Srini,S,NULL,2025-10-08
11997,AW00011997,Kristina,Kapoor,M,NULL,2025-10-08
11998,AW00011998,Donna,Sharma,M,NULL,2025-10-08
11999,AW00011999,Johnny,Shan,M,NULL,2025-10-08
12000,AW00012000,Ashley,Russell,S,NULL,2025-10-08
12001,AW00012001,Shannon,Yang,S,NULL,2025-10-08
12002,AW00012002,Adriana,Lopez,S,NULL,2025-10-08
12003,AW00012003,Audrey,Munoz,S,NULL,2025-10-08
12004,AW00012004,Jarrod,Suri,S,NULL,2025-10-08
12005,AW00012005,Gilbert,Shen,M,NULL,2025-10-08
12006,AW00012006,Richard,Blue,M,NULL,2025-10-08
12007,AW00012007,Shannon,Sun,M,NULL,2025-10-08
12008,AW00012008,Sharon,Yuan,M,NULL,2025-10-08
12009,AW00012009,Ann,Martinez,S,NULL,2025-10-08
12010,AW00012010,Max,Serrano,M,NULL,2025-10-08
12011,AW00012011,Morgan,Johnson,S,NULL,2025-10-08
12012,AW00012012,Monica,Schmidt,M,NULL,2025-10-08
12013,AW00012013,Kayla,Lewis,S,NULL,2025-10-08
12014,AW00012014,Devin,Sanders,M,NULL,2025-10-08
12015,AW00012015,Jacob,White,S,NULL,2025-10-08
12016,AW00012016,Meredith,Serrano,S,NULL,2025-10-08
12017,AW00012017,David,Simmons,M,NULL,2025-10-08
12018,AW00012018,Devin,Henderson,M,NULL,2025-10-08
12019,AW00012019,Gabrielle,Cox,S,NULL,2025-10-08
12020,AW00012020,Olivia,Rogers,M,NULL,2025-10-08
12021,AW00012021,Deborah,Yuan,S,NULL,2025-10-08
12022,AW00012022,Jose,Wright,S,NULL,2025-10-08
12023,AW00012023,Fernando,Johnson,S,NULL,2025-10-08
12024,AW00012024,Samuel,Edwards,S,NULL,2025-10-08
12025,AW00012025,Logan,Diaz,M,NULL,2025-10-08
12026,AW00012026,Lucas,Flores,M,NULL,2025-10-08
12027,AW00012027,Haley,Wood,M,NULL,2025-10-08
12028,AW00012028,Sarah,Lewis,S,NULL,2025-10-08
12029,AW00012029,Damien,Hu,M,NULL,2025-10-08
12030,AW00012030,Ana,Washington,S,NULL,2025-10-08
12031,AW00012031,Logan,Jai,S,NULL,2025-10-08
12032,AW00012032,Tyler,Taylor,S,NULL,2025-10-08
12033,AW00012033,Kristen,Guo,S,NULL,2025-10-08
12034,AW00012034,Julian,Long,M,NULL,2025-10-08
12035,AW00012035,Gerald,Prasad,M,NULL,2025-10-08
12036,AW00012036,Summer,Lopez,M,NULL,2025-10-08
12037,AW00012037,Patricia,Chapman,S,NULL,2025-10-08
12038,AW00012038,George,Vance,S,NULL,2025-10-08
12039,AW00012039,Ricardo,Nath,M,NULL,2025-10-08
12040,AW00012040,Richard,Torres,M,NULL,2025-10-08
12041,AW00012041,Seth,Martin,M,NULL,2025-10-08
12042,AW00012042,Alex,Carter,M,NULL,2025-10-08
12043,AW00012043,Carson,Patterson,M,NULL,2025-10-08
12044,AW00012044,Madeline,Lopez,S,NULL,2025-10-08
12045,AW00012045,Luis,Russell,S,NULL,2025-10-08
12046,AW00012046,Alexa,Cook,S,NULL,2025-10-08
12047,AW00012047,Alexandra,Davis,S,NULL,2025-10-08
12048,AW00012048,Kayla,Coleman,S,NULL,2025-10-08
12049,AW00012049,Angela,Russell,S,NULL,2025-10-08
12050,AW00012050,Aaron,Young,S,NULL,2025-10-08
12051,AW00012051,Isaiah,Scott,S,NULL,2025-10-08
12052,AW00012052,Makayla,Ward,S,NULL,2025-10-08
12053,AW00012053,Cedric,Gao,S,NULL,2025-10-08
12054,AW00012054,Luke,Diaz,M,NULL,2025-10-08
12055,AW00012055,Arianna,Richardson,M,NULL,2025-10-08
12056,AW00012056,Ian,Ward,M,NULL,2025-10-08
12057,AW00012057,Madeline,Collins,M,NULL,2025-10-08
12058,AW00012058,Chloe,Nelson,M,NULL,2025-10-08
12059,AW00012059,Jason,Jenkins,M,NULL,2025-10-08
12060,AW00012060,Andrew,Wedge,S,NULL,2025-10-08
12061,AW00012061,Bryce,Brooks,M,NULL,2025-10-08
12062,AW00012062,Edward,Long,M,NULL,2025-10-08
12063,AW00012063,Xavier,Martinez,M,NULL,2025-10-08
12064,AW00012064,John,White,S,NULL,2025-10-08
12065,AW00012065,Isaiah,Collins,M,NULL,2025-10-08
12066,AW00012066,Wyatt,Powell,M,NULL,2025-10-08
12067,AW00012067,Aaron,Bryant,S,NULL,2025-10-08
12068,AW00012068,Maria,Jenkins,S,NULL,2025-10-08
12069,AW00012069,Garrett,Kelly,M,NULL,2025-10-08
12070,AW00012070,Luke,Ross,M,NULL,2025-10-08
12071,AW00012071,Robert,Robinson,M,NULL,2025-10-08
12072,AW00012072,Tristan,Ross,M,NULL,2025-10-08
12073,AW00012073,Thomas,Rodriguez,M,NULL,2025-10-08
12074,AW00012074,Megan,Jenkins,S,NULL,2025-10-08
12075,AW00012075,Cameron,Griffin,S,NULL,2025-10-08
12076,AW00012076,Chloe,Washington,M,NULL,2025-10-08
12077,AW00012077,Nicole,Sandberg,S,NULL,2025-10-08
12078,AW00012078,Jose,Edwards,M,NULL,2025-10-08
12079,AW00012079,Nathaniel,Cooper,M,NULL,2025-10-08
12080,AW00012080,Grace,Sanchez,S,NULL,2025-10-08
12081,AW00012081,Kaitlyn,Perez,S,NULL,2025-10-08
12082,AW00012082,Lauren,Sanchez,M,NULL,2025-10-08
12083,AW00012083,Kayla,Alexander,M,NULL,2025-10-08
12084,AW00012084,Aidan,Perry,M,NULL,2025-10-08
12085,AW00012085,Tyler,Rodriguez,M,NULL,2025-10-08
12086,AW00012086,Emily,Clark,S,NULL,2025-10-08
12087,AW00012087,Sean,Cook,S,NULL,2025-10-08
12088,AW00012088,Lauren,Thompson,S,NULL,2025-10-08
12089,AW00012089,Nathaniel,Richardson,M,NULL,2025-10-08
12090,AW00012090,Savannah,Carter,M,NULL,2025-10-08
12091,AW00012091,Eddie,Munoz,M,NULL,2025-10-08
12092,AW00012092,Austin,White,M,NULL,2025-10-08
12093,AW00012093,Levi,Chandra,M,NULL,2025-10-08
12094,AW00012094,Bailey,Bailey,M,NULL,2025-10-08
12095,AW00012095,Austin,Griffin,M,NULL,2025-10-08
12096,AW00012096,Caitlin,Brooks,M,NULL,2025-10-08
12097,AW00012097,Sean,Allen,S,NULL,2025-10-08
12098,AW00012098,Grace,Clark,S,NULL,2025-10-08
12099,AW00012099,Sydney,Hall,S,NULL,2025-10-08
12100,AW00012100,Jon,Sun,S,NULL,2025-10-08
12101,AW00012101,Logan,Patterson,S,NULL,2025-10-08
12102,AW00012102,Devin,Simmons,M,NULL,2025-10-08
12103,AW00012103,Chloe,White,M,NULL,2025-10-08
12104,AW00012104,Mariah,Ross,M,NULL,2025-10-08
12105,AW00012105,Abigail,Foster,S,NULL,2025-10-08
12106,AW00012106,Isaiah,Baker,M,NULL,2025-10-08
12107,AW00012107,Nathan,Gonzales,M,NULL,2025-10-08
12108,AW00012108,James,Walker,M,NULL,2025-10-08
12109,AW00012109,Morgan,Foster,S,NULL,2025-10-08
12110,AW00012110,Bianca,Guo,M,NULL,2025-10-08
12111,AW00012111,Jacqueline,Gonzales,M,NULL,2025-10-08
12112,AW00012112,Arianna,Henderson,M,NULL,2025-10-08
12113,AW00012113,Nathan,Hughes,M,NULL,2025-10-08
12114,AW00012114,Charles,Richardson,M,NULL,2025-10-08
12115,AW00012115,Chloe,Richardson,S,NULL,2025-10-08
12116,AW00012116,Amanda,Gray,S,NULL,2025-10-08
12117,AW00012117,Cameron,Yang,M,NULL,2025-10-08
12118,AW00012118,Miguel,Sanchez,M,NULL,2025-10-08
12119,AW00012119,Keith,Raje,M,NULL,2025-10-08
12120,AW00012120,Xavier,Simmons,M,NULL,2025-10-08
12121,AW00012121,Logan,Wilson,S,NULL,2025-10-08
12122,AW00012122,Destiny,Coleman,M,NULL,2025-10-08
12123,AW00012123,Wesley,Liang,M,NULL,2025-10-08
12124,AW00012124,Brandi,Gill,S,NULL,2025-10-08
12125,AW00012125,Diana,Ortega,M,NULL,2025-10-08
12126,AW00012126,Tammy,Raman,M,NULL,2025-10-08
12127,AW00012127,Grace,Davis,M,NULL,2025-10-08
12128,AW00012128,Kristy,Munoz,M,NULL,2025-10-08
12129,AW00012129,Wendy,Alvarez,M,NULL,2025-10-08
12130,AW00012130,Suzanne,Zhou,S,NULL,2025-10-08
12131,AW00012131,Randall,Dominguez,M,NULL,2025-10-08
12132,AW00012132,Kaitlyn,Henderson,M,NULL,2025-10-08
12133,AW00012133,Colleen,Xie,M,NULL,2025-10-08
12134,AW00012134,Hector,Alonso,M,NULL,2025-10-08
12135,AW00012135,Fernando,Taylor,M,NULL,2025-10-08
12136,AW00012136,Blake,Turner,M,NULL,2025-10-08
12137,AW00012137,Jack,Green,M,NULL,2025-10-08
12138,AW00012138,Colin,Jai,M,NULL,2025-10-08
12139,AW00012139,Franklin,Yang,M,NULL,2025-10-08
12140,AW00012140,Oscar,Russell,S,NULL,2025-10-08
12141,AW00012141,Kaitlyn,Lee,S,NULL,2025-10-08
12142,AW00012142,Gabriella,Torres,S,NULL,2025-10-08
12143,AW00012143,Logan,Turner,M,NULL,2025-10-08
12144,AW00012144,Kelly,Jenkins,M,NULL,2025-10-08
12145,AW00012145,Brandon,Butler,M,NULL,2025-10-08
12146,AW00012146,Xavier,Thomas,S,NULL,2025-10-08
12147,AW00012147,Taylor,Patterson,M,NULL,2025-10-08
12148,AW00012148,Gabrielle,Morris,S,NULL,2025-10-08
12149,AW00012149,Bailey,Scott,M,NULL,2025-10-08
12150,AW00012150,Logan,Wang,M,NULL,2025-10-08
12151,AW00012151,Steven,Kelly,M,NULL,2025-10-08
12152,AW00012152,Adrian,Ramirez,M,NULL,2025-10-08
12153,AW00012153,Kaitlyn,Bailey,S,NULL,2025-10-08
12154,AW00012154,Hailey,Adams,S,NULL,2025-10-08
12155,AW00012155,Gabriella,Lopez,S,NULL,2025-10-08
12156,AW00012156,Bonnie,Raji,M,NULL,2025-10-08
12157,AW00012157,William,White,M,NULL,2025-10-08
12158,AW00012158,Kyle,Phillips,M,NULL,2025-10-08
12159,AW00012159,Kaitlyn,Scott,M,NULL,2025-10-08
12160,AW00012160,Jaclyn,Zhang,S,NULL,2025-10-08
12161,AW00012161,Alexandria,Rogers,M,NULL,2025-10-08
12162,AW00012162,Luke,Mitchell,S,NULL,2025-10-08
12163,AW00012163,Aaron,Wang,S,NULL,2025-10-08
12164,AW00012164,Noah,Butler,M,NULL,2025-10-08
12165,AW00012165,Caleb,Flores,M,NULL,2025-10-08
12166,AW00012166,Jared,Rogers,M,NULL,2025-10-08
12167,AW00012167,Sebastian,Stewart,S,NULL,2025-10-08
12168,AW00012168,Hunter,Jackson,M,NULL,2025-10-08
12169,AW00012169,Abigail,Howard,S,NULL,2025-10-08
12170,AW00012170,Sara,Reed,M,NULL,2025-10-08
12171,AW00012171,Alyssa,Cooper,S,NULL,2025-10-08
12172,AW00012172,Eduardo,Alexander,S,NULL,2025-10-08
12173,AW00012173,Dalton,Edwards,M,NULL,2025-10-08
12174,AW00012174,Charles,Phillips,M,NULL,2025-10-08
12175,AW00012175,Luke,Powell,S,NULL,2025-10-08
12176,AW00012176,Cody,James,S,NULL,2025-10-08
12177,AW00012177,Kevin,Campbell,S,NULL,2025-10-08
12178,AW00012178,Ethan,Shan,M,NULL,2025-10-08
12179,AW00012179,Alexis,Jones,S,NULL,2025-10-08
12180,AW00012180,Holly,Mehta,S,NULL,2025-10-08
12181,AW00012181,Katelyn,Sanders,M,NULL,2025-10-08
12182,AW00012182,Erin,Torres,M,NULL,2025-10-08
12183,AW00012183,Emily,Robinson,M,NULL,2025-10-08
12184,AW00012184,Isaiah,Perez,M,NULL,2025-10-08
12185,AW00012185,Kaitlyn,Patterson,S,NULL,2025-10-08
12186,AW00012186,Bryant,Srini,S,NULL,2025-10-08
12187,AW00012187,Ruben,Subram,M,NULL,2025-10-08
12188,AW00012188,Ashley,Thomas,S,NULL,2025-10-08
12189,AW00012189,Sophia,Wright,M,NULL,2025-10-08
12190,AW00012190,Justin,Gonzales,S,NULL,2025-10-08
12191,AW00012191,Melissa,Washington,M,NULL,2025-10-08
12192,AW00012192,Jocelyn,Hayes,S,NULL,2025-10-08
12193,AW00012193,Caleb,Simmons,S,NULL,2025-10-08
12194,AW00012194,Destiny,Foster,S,NULL,2025-10-08
12195,AW00012195,Erin,Morris,S,NULL,2025-10-08
12196,AW00012196,Alexis,Miller,S,NULL,2025-10-08
12197,AW00012197,Adam,Hernandez,M,NULL,2025-10-08
12198,AW00012198,Noah,Scott,M,NULL,2025-10-08
12199,AW00012199,Christina,Richardson,S,NULL,2025-10-08
12200,AW00012200,Rafael,Sharma,M,NULL,2025-10-08
12201,AW00012201,Mindy,Yuan,M,NULL,2025-10-08
12202,AW00012202,Xavier,Ross,M,NULL,2025-10-08
12203,AW00012203,Zachary,Hughes,M,NULL,2025-10-08
12204,AW00012204,Bradley,Jai,M,NULL,2025-10-08
12205,AW00012205,Madison,Long,S,NULL,2025-10-08
12206,AW00012206,Sierra,Parker,M,NULL,2025-10-08
12207,AW00012207,Samuel,Hill,S,NULL,2025-10-08
12208,AW00012208,Dominique,Sanchez,M,NULL,2025-10-08
12209,AW00012209,Mindy,Jai,M,NULL,2025-10-08
12210,AW00012210,Alan,He,M,NULL,2025-10-08
12211,AW00012211,Victor,Romero,M,NULL,2025-10-08
12212,AW00012212,Shawna,Xie,M,NULL,2025-10-08
12213,AW00012213,Alejandro,Lal,M,NULL,2025-10-08
12214,AW00012214,Julie,Raje,M,NULL,2025-10-08
12215,AW00012215,Karla,She,M,NULL,2025-10-08
12216,AW00012216,Gerald,Rodriguez,M,NULL,2025-10-08
12217,AW00012217,Kyle,Roberts,M,NULL,2025-10-08
12218,AW00012218,Mitchell,Xu,M,NULL,2025-10-08
12219,AW00012219,Kurt,Nara,M,NULL,2025-10-08
12220,AW00012220,Virginia,Sara,M,NULL,2025-10-08
12221,AW00012221,Brandi,Ruiz,M,NULL,2025-10-08
12222,AW00012222,Jenny,Xu,M,NULL,2025-10-08
12223,AW00012223,Felicia,Vazquez,M,NULL,2025-10-08
12224,AW00012224,Tristan,Henderson,M,NULL,2025-10-08
12225,AW00012225,Kathleen,Ortega,M,NULL,2025-10-08
12226,AW00012226,Faith,Ward,M,NULL,2025-10-08
12227,AW00012227,Kelsey,Raje,M,NULL,2025-10-08
12228,AW00012228,Mayra,Martinez,M,NULL,2025-10-08
12229,AW00012229,Kari,Gomez,M,NULL,2025-10-08
12230,AW00012230,Wesley,Zheng,M,NULL,2025-10-08
12231,AW00012231,Isabelle,Patterson,S,NULL,2025-10-08
12232,AW00012232,Sean,Hernandez,S,NULL,2025-10-08
12233,AW00012233,Jerry,Yuan,M,NULL,2025-10-08
12234,AW00012234,Clarence,Zeng,M,NULL,2025-10-08
12235,AW00012235,Donna,Rai,M,NULL,2025-10-08
12236,AW00012236,Kendra,Gill,M,NULL,2025-10-08
12237,AW00012237,Ruth,Madan,M,NULL,2025-10-08
12238,AW00012238,Monica,Raman,M,NULL,2025-10-08
12239,AW00012239,Alberto,Ramos,M,NULL,2025-10-08
12240,AW00012240,Clayton,Sharma,S,NULL,2025-10-08
12241,AW00012241,Kristine,Sandberg,S,NULL,2025-10-08
12242,AW00012242,Gilbert,Liang,S,NULL,2025-10-08
12243,AW00012243,Kristy,Rubio,S,NULL,2025-10-08
12244,AW00012244,Amy,Huang,M,NULL,2025-10-08
12245,AW00012245,Francisco,Gonzalez,S,NULL,2025-10-08
12246,AW00012246,Shawn,Luo,M,NULL,2025-10-08
12247,AW00012247,Brandy,Raman,S,NULL,2025-10-08
12248,AW00012248,Devin,Taylor,S,NULL,2025-10-08
12249,AW00012249,Jessie,Cai,M,NULL,2025-10-08
12250,AW00012250,Andrea,Collins,S,NULL,2025-10-08
12251,AW00012251,Troy,Suri,M,NULL,2025-10-08
12252,AW00012252,Omar,Liu,M,NULL,2025-10-08
12253,AW00012253,Jenny,Sun,S,NULL,2025-10-08
12254,AW00012254,Calvin,Deng,S,NULL,2025-10-08
12255,AW00012255,Robyn,Alvarez,S,NULL,2025-10-08
12256,AW00012256,Wendy,Ramos,M,NULL,2025-10-08
12257,AW00012257,Ross,Ruiz,M,NULL,2025-10-08
12258,AW00012258,Jamie,Li,M,NULL,2025-10-08
12259,AW00012259,Cindy,Madan,M,NULL,2025-10-08
12260,AW00012260,Melinda,Romero,M,NULL,2025-10-08
12261,AW00012261,Kaitlin,Sanchez,M,NULL,2025-10-08
12262,AW00012262,Morgan,Sanchez,M,NULL,2025-10-08
12263,AW00012263,Emmanuel,Garcia,S,NULL,2025-10-08
12264,AW00012264,Bruce,Ashe,S,NULL,2025-10-08
12265,AW00012265,Alan,Guo,S,NULL,2025-10-08
12266,AW00012266,Tiffany,Lin,M,NULL,2025-10-08
12267,AW00012267,Clifford,Garcia,S,NULL,2025-10-08
12268,AW00012268,Edwin,Shan,M,NULL,2025-10-08
12269,AW00012269,Warren,Zheng,M,NULL,2025-10-08
12270,AW00012270,Ebony,Ramos,S,NULL,2025-10-08
12271,AW00012271,Tyrone,Hernandez,M,NULL,2025-10-08
12272,AW00012272,Justin,Alexander,M,NULL,2025-10-08
12273,AW00012273,Nelson,Carlson,M,NULL,2025-10-08
12274,AW00012274,Javier,Torres,S,NULL,2025-10-08
12275,AW00012275,Adriana,Madan,S,NULL,2025-10-08
12276,AW00012276,Alisha,Shan,M,NULL,2025-10-08
12277,AW00012277,Beth,Ortega,S,NULL,2025-10-08
12278,AW00012278,Meredith,Johnsen,S,NULL,2025-10-08
12279,AW00012279,Mathew,Suarez,M,NULL,2025-10-08
12280,AW00012280,Theresa,Alvarez,M,NULL,2025-10-08
12281,AW00012281,Janelle,Sanchez,M,NULL,2025-10-08
12282,AW00012282,Nicolas,Tang,S,NULL,2025-10-08
12283,AW00012283,Todd,Zeng,S,NULL,2025-10-08
12284,AW00012284,Cristina,Beck,M,NULL,2025-10-08
12285,AW00012285,Bethany,Chande,S,NULL,2025-10-08
12286,AW00012286,Nathan,Jenkins,S,NULL,2025-10-08
12287,AW00012287,Andre,Arun,S,NULL,2025-10-08
12288,AW00012288,Sara,Brooks,M,NULL,2025-10-08
12289,AW00012289,Joseph,Taylor,S,NULL,2025-10-08
12290,AW00012290,Kaylee,Morris,S,NULL,2025-10-08
12291,AW00012291,Johnathan,Suri,S,NULL,2025-10-08
12292,AW00012292,Nicolas,Kumar,M,NULL,2025-10-08
12293,AW00012293,Tammy,Garcia,M,NULL,2025-10-08
12294,AW00012294,Shane,Kovar,M,NULL,2025-10-08
12295,AW00012295,Dwayne,Gomez,S,NULL,2025-10-08
12296,AW00012296,Francisco,Sara,M,NULL,2025-10-08
12297,AW00012297,Felicia,Blanco,S,NULL,2025-10-08
12298,AW00012298,Crystal,Zeng,S,NULL,2025-10-08
12299,AW00012299,Walter,Serrano,M,NULL,2025-10-08
12300,AW00012300,Adriana,Gonzalez,S,NULL,2025-10-08
12301,AW00012301,Nichole,Nara,S,NULL,2025-10-08
12302,AW00012302,Kevin,Coleman,M,NULL,2025-10-08
12303,AW00012303,Kristi,Alvarez,M,NULL,2025-10-08
12304,AW00012304,Alejandro,Zhou,S,NULL,2025-10-08
12305,AW00012305,Xavier,Bailey,M,NULL,2025-10-08
12306,AW00012306,Logan,Parker,M,NULL,2025-10-08
12307,AW00012307,Brad,She,M,NULL,2025-10-08
12308,AW00012308,Margaret,He,M,NULL,2025-10-08
12309,AW00012309,Omar,Raje,S,NULL,2025-10-08
12310,AW00012310,Stacy,Munoz,S,NULL,2025-10-08
12311,AW00012311,Stanley,Weber,S,NULL,2025-10-08
12312,AW00012312,Jake,Zhao,M,NULL,2025-10-08
12313,AW00012313,Jaime,Chande,S,NULL,2025-10-08
12314,AW00012314,Jill,Suarez,M,NULL,2025-10-08
12315,AW00012315,Ann,Rodriguez,M,NULL,2025-10-08
12316,AW00012316,Alejandro,Luo,M,NULL,2025-10-08
12317,AW00012317,Carl,She,M,NULL,2025-10-08
12318,AW00012318,Kristina,Schmidt,M,NULL,2025-10-08
12319,AW00012319,Shannon,Ye,M,NULL,2025-10-08
12320,AW00012320,Cheryl,Alvarez,S,NULL,2025-10-08
12321,AW00012321,Rosa,Hu,M,NULL,2025-10-08
12322,AW00012322,Kari,Mehta,M,NULL,2025-10-08
12323,AW00012323,Lawrence,Alonso,M,NULL,2025-10-08
12324,AW00012324,Dale,Lal,S,NULL,2025-10-08
12325,AW00012325,Gloria,Martin,M,NULL,2025-10-08
12326,AW00012326,Glenn,Zhou,S,NULL,2025-10-08
12327,AW00012327,Edwin,Liang,S,NULL,2025-10-08
12328,AW00012328,Eugene,Zhao,S,NULL,2025-10-08
12329,AW00012329,Bonnie,Shan,S,NULL,2025-10-08
12330,AW00012330,Preston,Raman,M,NULL,2025-10-08
12331,AW00012331,Meagan,Chandra,S,NULL,2025-10-08
12332,AW00012332,Andres,Nara,M,NULL,2025-10-08
12333,AW00012333,Terrance,Rodriguez,M,NULL,2025-10-08
12334,AW00012334,Roy,Jimenez,M,NULL,2025-10-08
12335,AW00012335,Francisco,Ashe,S,NULL,2025-10-08
12336,AW00012336,Wyatt,Price,S,NULL,2025-10-08
12337,AW00012337,Dustin,Goldstein,S,NULL,2025-10-08
12338,AW00012338,Monica,Vance,S,NULL,2025-10-08
12339,AW00012339,Clayton,Jai,S,NULL,2025-10-08
12340,AW00012340,Stacy,Diaz,S,NULL,2025-10-08
12341,AW00012341,Katie,Kumar,M,NULL,2025-10-08
12342,AW00012342,Morgan,Young,M,NULL,2025-10-08
12343,AW00012343,Gloria,Ruiz,M,NULL,2025-10-08
12344,AW00012344,Dominique,Perez,S,NULL,2025-10-08
12345,AW00012345,Alison,Raje,S,NULL,2025-10-08
12346,AW00012346,Wesley,Gao,S,NULL,2025-10-08
12347,AW00012347,Summer,Madan,M,NULL,2025-10-08
12348,AW00012348,Jimmy,Vazquez,M,NULL,2025-10-08
12349,AW00012349,Lacey,Yuan,S,NULL,2025-10-08
12350,AW00012350,Logan,Hernandez,M,NULL,2025-10-08
12351,AW00012351,Cara,Zhang,M,NULL,2025-10-08
12352,AW00012352,Ramon,Zhang,M,NULL,2025-10-08
12353,AW00012353,Joe,Ramos,M,NULL,2025-10-08
12354,AW00012354,Lance,Ortega,M,NULL,2025-10-08
12355,AW00012355,Monique,Ortega,S,NULL,2025-10-08
12356,AW00012356,Julia,Wood,S,NULL,2025-10-08
12357,AW00012357,Susan,Lu,S,NULL,2025-10-08
12358,AW00012358,Lacey,Raje,M,NULL,2025-10-08
12359,AW00012359,Veronica,Raman,M,NULL,2025-10-08
12360,AW00012360,Mario,Goel,S,NULL,2025-10-08
12361,AW00012361,Dana,Diaz,M,NULL,2025-10-08
12362,AW00012362,Thomas,Harrison,S,NULL,2025-10-08
12363,AW00012363,Kayla,Thompson,M,NULL,2025-10-08
12364,AW00012364,Erin,Rogers,M,NULL,2025-10-08
12365,AW00012365,Alex,Evans,M,NULL,2025-10-08
12366,AW00012366,Stephanie,Cox,M,NULL,2025-10-08
12367,AW00012367,Trinity,Townsend,S,NULL,2025-10-08
12368,AW00012368,Rodney,Rubio,S,NULL,2025-10-08
12369,AW00012369,Terrence,Lal,S,NULL,2025-10-08
12370,AW00012370,Preston,Perez,M,NULL,2025-10-08
12371,AW00012371,Stefanie,Subram,S,NULL,2025-10-08
12372,AW00012372,Darren,Prasad,S,NULL,2025-10-08
12373,AW00012373,Isaac,Gray,S,NULL,2025-10-08
12374,AW00012374,Marie,Kapoor,S,NULL,2025-10-08
12375,AW00012375,Jarrod,Raman,S,NULL,2025-10-08
12376,AW00012376,Holly,Perez,S,NULL,2025-10-08
12377,AW00012377,Christopher,Miller,S,NULL,2025-10-08
12378,AW00012378,Brianna,Sanchez,S,NULL,2025-10-08
12379,AW00012379,Bridget,Chande,S,NULL,2025-10-08
12380,AW00012380,Omar,Yuan,S,NULL,2025-10-08
12381,AW00012381,Johnny,Lal,M,NULL,2025-10-08
12382,AW00012382,Tamara,Chen,S,NULL,2025-10-08
12383,AW00012383,Albert,Gomez,S,NULL,2025-10-08
12384,AW00012384,Jacquelyn,Gutierrez,M,NULL,2025-10-08
12385,AW00012385,Tara,Raji,M,NULL,2025-10-08
12386,AW00012386,Katherine,Perry,S,NULL,2025-10-08
12387,AW00012387,Meredith,Vazquez,S,NULL,2025-10-08
12388,AW00012388,Casey,Kumar,S,NULL,2025-10-08
12389,AW00012389,Albert,Jim├⌐nez,S,NULL,2025-10-08
12390,AW00012390,Denise,Martinez,S,NULL,2025-10-08
12391,AW00012391,Olivia,Kelly,S,NULL,2025-10-08
12392,AW00012392,Nichole,Nath,S,NULL,2025-10-08
12393,AW00012393,Brenda,Sai,S,NULL,2025-10-08
12394,AW00012394,Erika,Serrano,S,NULL,2025-10-08
12395,AW00012395,Kyle,Carter,S,NULL,2025-10-08
12396,AW00012396,Susan,Yang,S,NULL,2025-10-08
12397,AW00012397,Shaun,Chapman,S,NULL,2025-10-08
12398,AW00012398,Ashley,Clark,S,NULL,2025-10-08
12399,AW00012399,Henry,Chapman,S,NULL,2025-10-08
12400,AW00012400,Andy,Martin,S,NULL,2025-10-08
12401,AW00012401,Kimberly,Rivera,S,NULL,2025-10-08
12402,AW00012402,Albert,Moreno,S,NULL,2025-10-08
12403,AW00012403,Henry,Young,S,NULL,2025-10-08
12404,AW00012404,Krystal,Liang,S,NULL,2025-10-08
12405,AW00012405,Cole,Sanchez,S,NULL,2025-10-08
12406,AW00012406,Ross,Gutierrez,S,NULL,2025-10-08
12407,AW00012407,Shawn,Raji,S,NULL,2025-10-08
12408,AW00012408,Jon,Lu,S,NULL,2025-10-08
12409,AW00012409,Savannah,Hill,S,NULL,2025-10-08
12410,AW00012410,Mariah,Richardson,S,NULL,2025-10-08
12411,AW00012411,Kevin,Alexander,S,NULL,2025-10-08
12412,AW00012412,Mackenzie,Wright,M,NULL,2025-10-08
12413,AW00012413,James,Gonzales,S,NULL,2025-10-08
12414,AW00012414,Ethan,Lal,S,NULL,2025-10-08
12415,AW00012415,Brianna,Richardson,S,NULL,2025-10-08
12416,AW00012416,Veronica,Martinez,S,NULL,2025-10-08
12417,AW00012417,Alexis,Bryant,S,NULL,2025-10-08
12418,AW00012418,Robert,Hernandez,S,NULL,2025-10-08
12419,AW00012419,Destiny,Bell,M,NULL,2025-10-08
12420,AW00012420,Spencer,Hayes,M,NULL,2025-10-08
12421,AW00012421,Cameron,Hughes,M,NULL,2025-10-08
12422,AW00012422,Hailey,Evans,M,NULL,2025-10-08
12423,AW00012423,Sarah,Thompson,S,NULL,2025-10-08
12424,AW00012424,Rebecca,Mitchell,M,NULL,2025-10-08
12425,AW00012425,Brandon,White,M,NULL,2025-10-08
12426,AW00012426,Cody,Cox,M,NULL,2025-10-08
12427,AW00012427,Kimberly,Stewart,M,NULL,2025-10-08
12428,AW00012428,Sean,Morris,M,NULL,2025-10-08
12429,AW00012429,Melvin,Black,M,NULL,2025-10-08
12430,AW00012430,Kaitlyn,Thompson,M,NULL,2025-10-08
12431,AW00012431,Wyatt,Thomas,M,NULL,2025-10-08
12432,AW00012432,Nathan,Clark,M,NULL,2025-10-08
12433,AW00012433,Antonio,Price,M,NULL,2025-10-08
12434,AW00012434,Thomas,Kumar,M,NULL,2025-10-08
12435,AW00012435,Christy,Zhou,M,NULL,2025-10-08
12436,AW00012436,Albert,Diaz,M,NULL,2025-10-08
12437,AW00012437,Jeremy,Young,M,NULL,2025-10-08
12438,AW00012438,Bailey,Rogers,S,NULL,2025-10-08
12439,AW00012439,Megan,Bennett,M,NULL,2025-10-08
12440,AW00012440,Francisco,Chandra,M,NULL,2025-10-08
12441,AW00012441,Trevor,Simmons,M,NULL,2025-10-08
12442,AW00012442,Allison,Richardson,M,NULL,2025-10-08
12443,AW00012443,Garrett,James,M,NULL,2025-10-08
12444,AW00012444,Mackenzie,Phillips,M,NULL,2025-10-08
12445,AW00012445,Cameron,Taylor,M,NULL,2025-10-08
12446,AW00012446,Jasmine,Hall,M,NULL,2025-10-08
12447,AW00012447,Carson,Hayes,M,NULL,2025-10-08
12448,AW00012448,Hailey,Cox,S,NULL,2025-10-08
12449,AW00012449,Dylan,Brown,S,NULL,2025-10-08
12450,AW00012450,Cody,Cook,M,NULL,2025-10-08
12451,AW00012451,Anna,Simmons,S,NULL,2025-10-08
12452,AW00012452,Sean,Sanchez,M,NULL,2025-10-08
12453,AW00012453,Madison,Bennett,S,NULL,2025-10-08
12454,AW00012454,Samuel,Griffin,M,NULL,2025-10-08
12455,AW00012455,Benjamin,Lewis,M,NULL,2025-10-08
12456,AW00012456,Thomas,Chen,M,NULL,2025-10-08
12457,AW00012457,Misty,Rai,S,NULL,2025-10-08
12458,AW00012458,Veronica,Sanchez,M,NULL,2025-10-08
12459,AW00012459,Stefanie,Rodriguez,S,NULL,2025-10-08
12460,AW00012460,Dominique,Malhotra,S,NULL,2025-10-08
12461,AW00012461,Ruth,Suri,M,NULL,2025-10-08
12462,AW00012462,Levi,Suri,M,NULL,2025-10-08
12463,AW00012463,Todd,Huang,M,NULL,2025-10-08
12464,AW00012464,Jared,Cook,S,NULL,2025-10-08
12465,AW00012465,Cassandra,Patel,M,NULL,2025-10-08
12466,AW00012466,Willie,He,M,NULL,2025-10-08
12467,AW00012467,Jennifer,Jones,S,NULL,2025-10-08
12468,AW00012468,Wayne,Nath,M,NULL,2025-10-08
12469,AW00012469,Shane,Srini,M,NULL,2025-10-08
12470,AW00012470,Barbara,He,M,NULL,2025-10-08
12471,AW00012471,Lacey,Zeng,M,NULL,2025-10-08
12472,AW00012472,Jeffery,Zhang,M,NULL,2025-10-08
12473,AW00012473,Sergio,Sai,M,NULL,2025-10-08
12474,AW00012474,Tammy,Chandra,M,NULL,2025-10-08
12475,AW00012475,Logan,Carter,S,NULL,2025-10-08
12476,AW00012476,Rodney,Jimenez,S,NULL,2025-10-08
12477,AW00012477,Robin,Gill,M,NULL,2025-10-08
12478,AW00012478,Ruben,Mehta,S,NULL,2025-10-08
12479,AW00012479,Priscilla,Tang,M,NULL,2025-10-08
12480,AW00012480,Meredith,Alvarez,S,NULL,2025-10-08
12481,AW00012481,Victor,Diaz,S,NULL,2025-10-08
12482,AW00012482,Jerome,Browning,S,NULL,2025-10-08
12483,AW00012483,Amanda,Perez,S,NULL,2025-10-08
12484,AW00012484,Lori,Suarez,S,NULL,2025-10-08
12485,AW00012485,Veronica,Subram,S,NULL,2025-10-08
12486,AW00012486,Kristen,Ye,S,NULL,2025-10-08
12487,AW00012487,Willie,Zhu,S,NULL,2025-10-08
12488,AW00012488,Jay,Garcia,S,NULL,2025-10-08
12489,AW00012489,Wayne,Rai,M,NULL,2025-10-08
12490,AW00012490,Trisha,He,M,NULL,2025-10-08
12491,AW00012491,Alvin,Huang,M,NULL,2025-10-08
12492,AW00012492,Brittany,Price,S,NULL,2025-10-08
12493,AW00012493,Dwayne,Vazquez,M,NULL,2025-10-08
12494,AW00012494,Abby,Sandberg,M,NULL,2025-10-08
12495,AW00012495,Lucas,Miller,S,NULL,2025-10-08
12496,AW00012496,Melanie,Cox,M,NULL,2025-10-08
12497,AW00012497,Ashlee,Kumar,M,NULL,2025-10-08
12498,AW00012498,Eduardo,Diaz,M,NULL,2025-10-08
12499,AW00012499,Heather,Wang,S,NULL,2025-10-08
12500,AW00012500,Kathleen,Vazquez,S,NULL,2025-10-08
12501,AW00012501,Cory,Sai,S,NULL,2025-10-08
12502,AW00012502,Darren,Sanchez,S,NULL,2025-10-08
12503,AW00012503,Casey,Shen,S,NULL,2025-10-08
12504,AW00012504,Arthur,Gutierrez,M,NULL,2025-10-08
12505,AW00012505,Dalton,Martin,M,NULL,2025-10-08
12506,AW00012506,Preston,Sanchez,M,NULL,2025-10-08
12507,AW00012507,Ian,Bell,M,NULL,2025-10-08
12508,AW00012508,Nichole,Anand,M,NULL,2025-10-08
12509,AW00012509,Marc,Ferrier,M,NULL,2025-10-08
12510,AW00012510,Roberto,Sanz,M,NULL,2025-10-08
12511,AW00012511,Grant,Chander,S,NULL,2025-10-08
12512,AW00012512,Carolyn,Gomez,M,NULL,2025-10-08
12513,AW00012513,Austin,Thompson,S,NULL,2025-10-08
12514,AW00012514,Lacey,Becker,S,NULL,2025-10-08
12515,AW00012515,Shelby,Bailey,S,NULL,2025-10-08
12516,AW00012516,Shawna,Chander,S,NULL,2025-10-08
12517,AW00012517,Alexa,Watson,S,NULL,2025-10-08
12518,AW00012518,Jacquelyn,Dominguez,S,NULL,2025-10-08
12519,AW00012519,Casey,Gutierrez,S,NULL,2025-10-08
12520,AW00012520,Seth,Jackson,S,NULL,2025-10-08
12521,AW00012521,Meredith,Dominguez,S,NULL,2025-10-08
12522,AW00012522,Brandy,Sanchez,S,NULL,2025-10-08
12523,AW00012523,Steve,Wagner,S,NULL,2025-10-08
12524,AW00012524,Kate,Shan,S,NULL,2025-10-08
12525,AW00012525,Chelsea,Rodriguez,M,NULL,2025-10-08
12526,AW00012526,Michele,Suarez,M,NULL,2025-10-08
12527,AW00012527,Jos├⌐,Rodriguez,M,NULL,2025-10-08
12528,AW00012528,Devin,Wilson,S,NULL,2025-10-08
12529,AW00012529,Isaiah,Allen,M,NULL,2025-10-08
12530,AW00012530,Isabel,Coleman,S,NULL,2025-10-08
12531,AW00012531,Autumn,Xu,S,NULL,2025-10-08
12532,AW00012532,Jose,Carter,M,NULL,2025-10-08
12533,AW00012533,Luis,Washington,M,NULL,2025-10-08
12534,AW00012534,Katie,Shan,M,NULL,2025-10-08
12535,AW00012535,Clifford,Kapoor,S,NULL,2025-10-08
12536,AW00012536,Javier,Dominguez,M,NULL,2025-10-08
12537,AW00012537,Terrence,Luo,M,NULL,2025-10-08
12538,AW00012538,Paula,Blanco,M,NULL,2025-10-08
12539,AW00012539,Marc,Dominguez,S,NULL,2025-10-08
12540,AW00012540,Levi,Sara,M,NULL,2025-10-08
12541,AW00012541,Jonathan,Zhang,M,NULL,2025-10-08
12542,AW00012542,Preston,Patel,M,NULL,2025-10-08
12543,AW00012543,Ruben,Alvarez,M,NULL,2025-10-08
12544,AW00012544,Bruce,Jordan,M,NULL,2025-10-08
12545,AW00012545,Marc,Ruiz,M,NULL,2025-10-08
12546,AW00012546,Clarence,Andersen,S,NULL,2025-10-08
12547,AW00012547,Bradley,Nara,M,NULL,2025-10-08
12548,AW00012548,Alexandra,Collins,S,NULL,2025-10-08
12549,AW00012549,Donna,Xie,S,NULL,2025-10-08
12550,AW00012550,Austin,Diaz,M,NULL,2025-10-08
12551,AW00012551,Julio,Ramos,M,NULL,2025-10-08
12552,AW00012552,Bruce,Torres,M,NULL,2025-10-08
12553,AW00012553,Toni,Fernandez,M,NULL,2025-10-08
12554,AW00012554,Barry,Rodriguez,M,NULL,2025-10-08
12555,AW00012555,Edgar,Malhotra,M,NULL,2025-10-08
12556,AW00012556,Manuel,Kapoor,M,NULL,2025-10-08
12557,AW00012557,Phillip,Lopez,M,NULL,2025-10-08
12558,AW00012558,Amanda,Evans,M,NULL,2025-10-08
12559,AW00012559,Emmanuel,Lopez,M,NULL,2025-10-08
12560,AW00012560,Mandy,Gao,M,NULL,2025-10-08
12561,AW00012561,Trisha,Lin,S,NULL,2025-10-08
12562,AW00012562,Kristina,Chandra,M,NULL,2025-10-08
12563,AW00012563,Alejandro,Lin,M,NULL,2025-10-08
12564,AW00012564,Marshall,Yang,M,NULL,2025-10-08
12565,AW00012565,Kendra,Gutierrez,M,NULL,2025-10-08
12566,AW00012566,Omar,Yang,M,NULL,2025-10-08
12567,AW00012567,Carmen,Arthur,M,NULL,2025-10-08
12568,AW00012568,Stacey,Ye,M,NULL,2025-10-08
12569,AW00012569,Kristin,Rai,M,NULL,2025-10-08
12570,AW00012570,Casey,Munoz,S,NULL,2025-10-08
12571,AW00012571,Jennifer,Green,M,NULL,2025-10-08
12572,AW00012572,Alisha,Chander,S,NULL,2025-10-08
12573,AW00012573,Grant,Rai,S,NULL,2025-10-08
12574,AW00012574,Derek,Raje,S,NULL,2025-10-08
12575,AW00012575,Jaclyn,Shen,S,NULL,2025-10-08
12576,AW00012576,Walter,Dominguez,S,NULL,2025-10-08
12577,AW00012577,Francis,Sanz,S,NULL,2025-10-08
12578,AW00012578,Gavin,Perry,S,NULL,2025-10-08
12579,AW00012579,Lydia,Sanchez,S,NULL,2025-10-08
12580,AW00012580,Cedric,She,S,NULL,2025-10-08
12581,AW00012581,Kristina,Fernandez,S,NULL,2025-10-08
12582,AW00012582,Carmen,Sara,S,NULL,2025-10-08
12583,AW00012583,Tyrone,Ortega,S,NULL,2025-10-08
12584,AW00012584,Brittney,Ma,S,NULL,2025-10-08
12585,AW00012585,Ian,Martinez,M,NULL,2025-10-08
12586,AW00012586,Kellie,Hernandez,S,NULL,2025-10-08
12587,AW00012587,Danny,Travers,S,NULL,2025-10-08
12588,AW00012588,Tracy,Chande,S,NULL,2025-10-08
12589,AW00012589,Ruben,Rodriguez,M,NULL,2025-10-08
12590,AW00012590,Mario,Chander,S,NULL,2025-10-08
12591,AW00012591,Meredith,Madan,M,NULL,2025-10-08
12592,AW00012592,Amy,Li,M,NULL,2025-10-08
12593,AW00012593,Benjamin,Zhang,S,NULL,2025-10-08
12594,AW00012594,Sandra,Gao,M,NULL,2025-10-08
12595,AW00012595,Mathew,Blanco,S,NULL,2025-10-08
12596,AW00012596,Armando,Romero,M,NULL,2025-10-08
12597,AW00012597,Franklin,Zhang,M,NULL,2025-10-08
12598,AW00012598,Alexandra,Bryant,M,NULL,2025-10-08
12599,AW00012599,Jillian,Fernandez,M,NULL,2025-10-08
12600,AW00012600,Larry,Romero,M,NULL,2025-10-08
12601,AW00012601,Randy,Zhang,M,NULL,2025-10-08
12602,AW00012602,Francisco,Srini,M,NULL,2025-10-08
12603,AW00012603,Cole,Reed,S,NULL,2025-10-08
12604,AW00012604,Nathan,Lee,M,NULL,2025-10-08
12605,AW00012605,Carol,Cooper,M,NULL,2025-10-08
12606,AW00012606,Arthur,Van,M,NULL,2025-10-08
12607,AW00012607,Tamara,Zhu,M,NULL,2025-10-08
12608,AW00012608,Brett,Sanchez,M,NULL,2025-10-08
12609,AW00012609,Linda,Carlson,M,NULL,2025-10-08
12610,AW00012610,Wendy,Gutierrez,M,NULL,2025-10-08
12611,AW00012611,Manuel,Sara,S,NULL,2025-10-08
12612,AW00012612,Shannon,Torres,S,NULL,2025-10-08
12613,AW00012613,Joel,Prasad,M,NULL,2025-10-08
12614,AW00012614,Lance,Gill,S,NULL,2025-10-08
12615,AW00012615,Nathan,Hill,S,NULL,2025-10-08
12616,AW00012616,Kelsey,Tang,S,NULL,2025-10-08
12617,AW00012617,Jake,Ma,M,NULL,2025-10-08
12618,AW00012618,Dawn,Lal,M,NULL,2025-10-08
12619,AW00012619,Priscilla,Rai,M,NULL,2025-10-08
12620,AW00012620,Maurice,Lal,M,NULL,2025-10-08
12621,AW00012621,Barry,Martinez,M,NULL,2025-10-08
12622,AW00012622,Micheal,Rubio,M,NULL,2025-10-08
12623,AW00012623,Jesse,Sanchez,M,NULL,2025-10-08
12624,AW00012624,Jamie,Xu,M,NULL,2025-10-08
12625,AW00012625,Carly,Andersen,M,NULL,2025-10-08
12626,AW00012626,Cassie,Lal,M,NULL,2025-10-08
12627,AW00012627,Leah,Zheng,S,NULL,2025-10-08
12628,AW00012628,Arturo,Ma,M,NULL,2025-10-08
12629,AW00012629,Russell,Nara,S,NULL,2025-10-08
12630,AW00012630,Kevin,Simmons,M,NULL,2025-10-08
12631,AW00012631,Clarence,Gao,S,NULL,2025-10-08
12632,AW00012632,Bonnie,Nath,M,NULL,2025-10-08
12633,AW00012633,Shannon,Suarez,M,NULL,2025-10-08
12634,AW00012634,Derrick,Ruiz,M,NULL,2025-10-08
12635,AW00012635,Brad,Beck,S,NULL,2025-10-08
12636,AW00012636,Tamer,Salah,M,NULL,2025-10-08
12637,AW00012637,Leonard,Nath,M,NULL,2025-10-08
12638,AW00012638,Sebastian,Brooks,M,NULL,2025-10-08
12639,AW00012639,Ruben,Lopez,S,NULL,2025-10-08
12640,AW00012640,Angel,Richardson,M,NULL,2025-10-08
12641,AW00012641,Willie,Raje,M,NULL,2025-10-08
12642,AW00012642,Jimmy,Carlson,M,NULL,2025-10-08
12643,AW00012643,Kristina,Perez,M,NULL,2025-10-08
12644,AW00012644,Rachel,Reed,M,NULL,2025-10-08
12645,AW00012645,Audrey,Ruiz,M,NULL,2025-10-08
12646,AW00012646,Kenneth,Xu,S,NULL,2025-10-08
12647,AW00012647,Colleen,Anand,M,NULL,2025-10-08
12648,AW00012648,Lori,Dominguez,M,NULL,2025-10-08
12649,AW00012649,Omar,Goel,M,NULL,2025-10-08
12650,AW00012650,Aaron,Wright,M,NULL,2025-10-08
12651,AW00012651,Martin,Malhotra,S,NULL,2025-10-08
12652,AW00012652,Carolyn,Martin,M,NULL,2025-10-08
12653,AW00012653,Nichole,Andersen,M,NULL,2025-10-08
12654,AW00012654,Briana,Gill,M,NULL,2025-10-08
12655,AW00012655,Larry,Vazquez,M,NULL,2025-10-08
12656,AW00012656,Blake,Roberts,M,NULL,2025-10-08
12657,AW00012657,Audrey,Blanco,M,NULL,2025-10-08
12658,AW00012658,Joy,Gomez,M,NULL,2025-10-08
12659,AW00012659,Damien,Chande,M,NULL,2025-10-08
12660,AW00012660,Toni,Sanchez,M,NULL,2025-10-08
12661,AW00012661,Deborah,Pal,M,NULL,2025-10-08
12662,AW00012662,Jessie,Huang,M,NULL,2025-10-08
12663,AW00012663,Morgan,Adams,M,NULL,2025-10-08
12664,AW00012664,Krista,Gill,M,NULL,2025-10-08
12665,AW00012665,Joy,Suarez,M,NULL,2025-10-08
12666,AW00012666,Jessie,Zhu,S,NULL,2025-10-08
12667,AW00012667,Maria,Wood,M,NULL,2025-10-08
12668,AW00012668,Melissa,Patterson,S,NULL,2025-10-08
12669,AW00012669,Irving,Schmidt,S,NULL,2025-10-08
12670,AW00012670,Sarah,Martinez,S,NULL,2025-10-08
12671,AW00012671,Alan,Huang,S,NULL,2025-10-08
12672,AW00012672,Carson,Butler,S,NULL,2025-10-08
12673,AW00012673,Colin,Stone,M,NULL,2025-10-08
12674,AW00012674,Jimmy,Travers,M,NULL,2025-10-09
12675,AW00012675,Holly,Fernandez,S,NULL,2025-10-10
12676,AW00012676,Michele,Madan,S,NULL,2025-10-11
12677,AW00012677,Cedric,Liu,M,NULL,2025-10-12
12678,AW00012678,Dana,Serrano,S,NULL,2025-10-12
12679,AW00012679,Stacy,Gill,M,NULL,2025-10-12
12680,AW00012680,George,Sanchez,S,NULL,2025-10-12
12681,AW00012681,Christy,Chow,S,NULL,2025-10-12
12682,AW00012682,Kari,Subram,M,NULL,2025-10-12
12683,AW00012683,Laura,Zhou,S,NULL,2025-10-12
12684,AW00012684,Shaun,Shen,M,NULL,2025-10-12
12685,AW00012685,Jaclyn,Xu,M,NULL,2025-10-12
12686,AW00012686,Trisha,Zhou,S,NULL,2025-10-12
12687,AW00012687,Marshall,Li,S,NULL,2025-10-12
12688,AW00012688,Stacy,Navarro,S,NULL,2025-10-12
12689,AW00012689,Tamara,Pal,S,NULL,2025-10-12
12690,AW00012690,Roger,Zhang,M,NULL,2025-10-12
12691,AW00012691,Rafael,Andersen,M,NULL,2025-10-12
12692,AW00012692,Glenn,Lu,S,NULL,2025-10-12
12693,AW00012693,Ruth,Gonzalez,M,NULL,2025-10-12
12694,AW00012694,Jay,Arthur,S,NULL,2025-10-12
12695,AW00012695,Kari,Ruiz,M,NULL,2025-10-12
12696,AW00012696,Stacey,Hu,M,NULL,2025-10-12
12697,AW00012697,Brenda,Stone,S,NULL,2025-10-12
12698,AW00012698,Mohamed,Pal,M,NULL,2025-10-12
12699,AW00012699,Amy,Chow,M,NULL,2025-10-12
12700,AW00012700,Mindy,Kumar,M,NULL,2025-10-12
12701,AW00012701,Gary,Gutierrez,M,NULL,2025-10-12
12702,AW00012702,Yolanda,Shan,M,NULL,2025-10-12
12703,AW00012703,Renee,Suarez,M,NULL,2025-10-12
12704,AW00012704,Barbara,Nara,M,NULL,2025-10-12
12705,AW00012705,Andre,Garcia,M,NULL,2025-10-12
12706,AW00012706,Louis,Liang,M,NULL,2025-10-12
12707,AW00012707,Ian,Lewis,M,NULL,2025-10-12
12708,AW00012708,Bonnie,Pal,M,NULL,2025-10-12
12709,AW00012709,Ian,Rodriguez,M,NULL,2025-10-12
12710,AW00012710,Dalton,Evans,S,NULL,2025-10-12
12711,AW00012711,Heather,Zheng,S,NULL,2025-10-12
12712,AW00012712,Arthur,Romero,S,NULL,2025-10-12
12713,AW00012713,Deborah,Xie,S,NULL,2025-10-12
12714,AW00012714,Colleen,Lu,S,NULL,2025-10-12
12715,AW00012715,Eddie,Gill,M,NULL,2025-10-12
12716,AW00012716,Dale,Shen,S,NULL,2025-10-12
12717,AW00012717,Hannah,Wood,M,NULL,2025-10-12
12718,AW00012718,Tammy,Sai,S,NULL,2025-10-12
12719,AW00012719,Cheryl,Ruiz,S,NULL,2025-10-12
12720,AW00012720,Nicolas,Chande,S,NULL,2025-10-12
12721,AW00012721,Rebekah,Martinez,S,NULL,2025-10-12
12722,AW00012722,Latasha,Gomez,S,NULL,2025-10-12
12723,AW00012723,Kurt,Jai,M,NULL,2025-10-12
12724,AW00012724,Eddie,Martin,S,NULL,2025-10-12
12725,AW00012725,Gabrielle,James,M,NULL,2025-10-12
12726,AW00012726,Kurt,Goel,S,NULL,2025-10-12
12727,AW00012727,Amanda,Ross,S,NULL,2025-10-12
12728,AW00012728,Jeremiah,Stewart,S,NULL,2025-10-12
12729,AW00012729,Jose,Perry,S,NULL,2025-10-12
12730,AW00012730,Karla,Becker,S,NULL,2025-10-12
12731,AW00012731,Steven,Murphy,S,NULL,2025-10-12
12732,AW00012732,Todd,Guo,S,NULL,2025-10-12
12733,AW00012733,Lacey,Cai,S,NULL,2025-10-12
12734,AW00012734,Margaret,Zhou,S,NULL,2025-10-12
12735,AW00012735,Donald,Mehta,S,NULL,2025-10-12
12736,AW00012736,Diana,Ruiz,S,NULL,2025-10-12
12737,AW00012737,Brett,Chandra,S,NULL,2025-10-12
12738,AW00012738,Melinda,Rubio,M,NULL,2025-10-12
12739,AW00012739,Evan,Young,M,NULL,2025-10-12
12740,AW00012740,Kathryn,Goel,S,NULL,2025-10-12
12741,AW00012741,Raymond,Sam,S,NULL,2025-10-12
12742,AW00012742,Samantha,Martinez,S,NULL,2025-10-12
12743,AW00012743,Carl,Kumar,M,NULL,2025-10-12
12744,AW00012744,Anna,Moore,S,NULL,2025-10-12
12745,AW00012745,Rafael,Wu,S,NULL,2025-10-12
12746,AW00012746,Juan,Torres,S,NULL,2025-10-12
12747,AW00012747,Colleen,Hu,S,NULL,2025-10-12
12748,AW00012748,Grace,Bell,S,NULL,2025-10-12
12749,AW00012749,Miguel,Lee,S,NULL,2025-10-12
12750,AW00012750,Teresa,Vazquez,S,NULL,2025-10-12
12751,AW00012751,Priscilla,Xu,S,NULL,2025-10-12
12752,AW00012752,Jonathon,Alvarez,S,NULL,2025-10-12
12753,AW00012753,Ramon,Zhao,S,NULL,2025-10-12
12754,AW00012754,Lindsey,Deng,M,NULL,2025-10-12
12755,AW00012755,Chloe,Hughes,S,NULL,2025-10-12
12756,AW00012756,Antonio,Butler,S,NULL,2025-10-12
12757,AW00012757,Sara,Ramirez,S,NULL,2025-10-12
12758,AW00012758,Stephanie,Ramirez,M,NULL,2025-10-12
12759,AW00012759,Jada,Sanders,M,NULL,2025-10-12
12760,AW00012760,Krista,Gomez,S,NULL,2025-10-12
12761,AW00012761,Alexandra,Richardson,S,NULL,2025-10-12
12762,AW00012762,Jonathan,Smith,M,NULL,2025-10-12
12763,AW00012763,Chloe,Russell,M,NULL,2025-10-12
12764,AW00012764,Alexandra,Harris,M,NULL,2025-10-12
12765,AW00012765,Robyn,Gill,M,NULL,2025-10-12
12766,AW00012766,Jordyn,Bryant,M,NULL,2025-10-12
12767,AW00012767,Christopher,Robinson,M,NULL,2025-10-12
12768,AW00012768,Johnathan,Chapman,M,NULL,2025-10-12
12769,AW00012769,Thomas,Zhang,M,NULL,2025-10-12
12770,AW00012770,Charles,Evans,M,NULL,2025-10-12
12771,AW00012771,Morgan,Thomas,M,NULL,2025-10-12
12772,AW00012772,Abigail,Clark,M,NULL,2025-10-12
12773,AW00012773,Samantha,Taylor,M,NULL,2025-10-12
12774,AW00012774,Kristen,Gao,M,NULL,2025-10-12
12775,AW00012775,Connor,Griffin,M,NULL,2025-10-12
12776,AW00012776,Blake,Campbell,M,NULL,2025-10-12
12777,AW00012777,Joseph,Anderson,M,NULL,2025-10-12
12778,AW00012778,Connie,Morgan,M,NULL,2025-10-12
12779,AW00012779,Mason,Rogers,M,NULL,2025-10-12
12780,AW00012780,Jeremy,Richardson,M,NULL,2025-10-12
12781,AW00012781,Emma,James,M,NULL,2025-10-12
12782,AW00012782,Elizabeth,Long,M,NULL,2025-10-12
12783,AW00012783,Jerome,Gutierrez,M,NULL,2025-10-12
12784,AW00012784,Jonathan,Campbell,M,NULL,2025-10-12
12785,AW00012785,Javier,Ortega,M,NULL,2025-10-12
12786,AW00012786,James,Yang,M,NULL,2025-10-12
12787,AW00012787,Katelyn,Cook,S,NULL,2025-10-12
12788,AW00012788,Amanda,Nelson,M,NULL,2025-10-12
12789,AW00012789,Jamie,Zeng,M,NULL,2025-10-12
12790,AW00012790,Brandon,Kumar,S,NULL,2025-10-12
12791,AW00012791,Angelica,Foster,S,NULL,2025-10-12
12792,AW00012792,Blake,White,M,NULL,2025-10-12
12793,AW00012793,Jessie,Guo,M,NULL,2025-10-12
12794,AW00012794,Megan,Jackson,S,NULL,2025-10-12
12795,AW00012795,Antonio,Foster,M,NULL,2025-10-12
12796,AW00012796,Jason,Zhang,M,NULL,2025-10-12
12797,AW00012797,Patrick,Howard,S,NULL,2025-10-12
12798,AW00012798,Andy,Gutierrez,M,NULL,2025-10-12
12799,AW00012799,George,Chandra,M,NULL,2025-10-12
12800,AW00012800,Lacey,Chen,M,NULL,2025-10-12
12801,AW00012801,Melody,Browning,S,NULL,2025-10-12
12802,AW00012802,Alan,Sun,S,NULL,2025-10-12
12803,AW00012803,Heather,Li,M,NULL,2025-10-12
12804,AW00012804,Jaclyn,Chander,S,NULL,2025-10-12
12805,AW00012805,Marvin,Moreno,M,NULL,2025-10-12
12806,AW00012806,Ronnie,Zeng,M,NULL,2025-10-12
12807,AW00012807,Nina,Kumar,S,NULL,2025-10-12
12808,AW00012808,Marc,Schmidt,M,NULL,2025-10-12
12809,AW00012809,Michele,Navarro,M,NULL,2025-10-12
12810,AW00012810,Chase,Stewart,M,NULL,2025-10-12
12811,AW00012811,Marc,Serrano,S,NULL,2025-10-12
12812,AW00012812,Brandi,Sanz,M,NULL,2025-10-12
12813,AW00012813,Reginald,Ramos,M,NULL,2025-10-12
12814,AW00012814,Casey,Sharma,S,NULL,2025-10-12
12815,AW00012815,Dominique,Mehta,M,NULL,2025-10-12
12816,AW00012816,Tammy,Mehta,S,NULL,2025-10-12
12817,AW00012817,Theodore,Suarez,S,NULL,2025-10-12
12818,AW00012818,Curtis,She,M,NULL,2025-10-12
12819,AW00012819,Nicolas,Chander,S,NULL,2025-10-12
12820,AW00012820,Derek,Tang,S,NULL,2025-10-12
12821,AW00012821,Cesar,McDonald,M,NULL,2025-10-12
12822,AW00012822,Alexandra,James,M,NULL,2025-10-12
12823,AW00012823,Bethany,She,M,NULL,2025-10-12
12824,AW00012824,Kristopher,Subram,S,NULL,2025-10-12
12825,AW00012825,Kelvin,Hu,M,NULL,2025-10-12
12826,AW00012826,Caleb,Gonzalez,S,NULL,2025-10-12
12827,AW00012827,Nicolas,Raje,S,NULL,2025-10-12
12828,AW00012828,Carol,Rubio,S,NULL,2025-10-12
12829,AW00012829,Micah,Li,S,NULL,2025-10-12
12830,AW00012830,Russell,Raje,S,NULL,2025-10-12
12831,AW00012831,Kathryn,Lal,S,NULL,2025-10-12
12832,AW00012832,Douglas,Prasad,S,NULL,2025-10-12
12833,AW00012833,Sheena,Goel,S,NULL,2025-10-12
12834,AW00012834,Kelsey,Xie,M,NULL,2025-10-12
12835,AW00012835,Karl,Yuan,S,NULL,2025-10-12
12836,AW00012836,Rodney,Munoz,S,NULL,2025-10-12
12837,AW00012837,Nicole,Anderson,M,NULL,2025-10-12
12838,AW00012838,Ralph,Beck,M,NULL,2025-10-12
12839,AW00012839,Dominique,Fernandez,S,NULL,2025-10-12
12840,AW00012840,Naomi,Sanz,M,NULL,2025-10-12
12841,AW00012841,Yolanda,Xie,S,NULL,2025-10-12
12842,AW00012842,Kelvin,Becker,S,NULL,2025-10-12
12843,AW00012843,Summer,Smith,S,NULL,2025-10-12
12844,AW00012844,Gerald,Gonzalez,M,NULL,2025-10-12
12845,AW00012845,Angela,Torres,M,NULL,2025-10-12
12846,AW00012846,Bridget,Nara,S,NULL,2025-10-12
12847,AW00012847,Colin,Chander,M,NULL,2025-10-12
12848,AW00012848,Brittney,Lu,M,NULL,2025-10-12
12849,AW00012849,Adam,Baker,S,NULL,2025-10-12
12850,AW00012850,Johnny,Raji,S,NULL,2025-10-12
12851,AW00012851,Brandy,Sai,S,NULL,2025-10-12
12852,AW00012852,Teresa,Carlson,S,NULL,2025-10-12
12853,AW00012853,Evelyn,Malhotra,M,NULL,2025-10-12
12854,AW00012854,Reginald,Romero,M,NULL,2025-10-12
12855,AW00012855,Philip,Diaz,M,NULL,2025-10-12
12856,AW00012856,Rosa,Lin,M,NULL,2025-10-12
12857,AW00012857,Raul,Kumar,M,NULL,2025-10-12
12858,AW00012858,Adriana,Mehta,S,NULL,2025-10-12
12859,AW00012859,Evelyn,Gonzalez,S,NULL,2025-10-12
12860,AW00012860,Jillian,Prasad,M,NULL,2025-10-12
12861,AW00012861,Robyn,Jimenez,M,NULL,2025-10-12
12862,AW00012862,Melinda,Ortega,S,NULL,2025-10-12
12863,AW00012863,Caleb,Zhang,S,NULL,2025-10-12
12864,AW00012864,Michelle,Townsend,S,NULL,2025-10-12
12865,AW00012865,Brandy,Martinez,M,NULL,2025-10-12
12866,AW00012866,Janelle,Fernandez,S,NULL,2025-10-12
12867,AW00012867,Laura,Ye,S,NULL,2025-10-12
12868,AW00012868,Julie,Anand,S,NULL,2025-10-12
12869,AW00012869,Alisha,Tang,M,NULL,2025-10-12
12870,AW00012870,Tyrone,Munoz,S,NULL,2025-10-12
12871,AW00012871,Leah,Li,S,NULL,2025-10-12
12872,AW00012872,Olivia,Hughes,S,NULL,2025-10-12
12873,AW00012873,Mandar,Samant,S,NULL,2025-10-12
12874,AW00012874,Kirk,Nason,S,NULL,2025-10-12
12875,AW00012875,Brianna,Ross,S,NULL,2025-10-12
12876,AW00012876,Blake,Robinson,M,NULL,2025-10-12
12877,AW00012877,Alexander,Williams,M,NULL,2025-10-12
12878,AW00012878,Gilbert,Sun,M,NULL,2025-10-12
12879,AW00012879,Elijah,Nelson,M,NULL,2025-10-12
12880,AW00012880,Luis,Hayes,S,NULL,2025-10-12
12881,AW00012881,Isabella,Edwards,S,NULL,2025-10-12
12882,AW00012882,Eduardo,Allen,M,NULL,2025-10-12
12883,AW00012883,Stephanie,Bailey,S,NULL,2025-10-12
12884,AW00012884,Megan,Williams,S,NULL,2025-10-12
12885,AW00012885,Jonathan,Anderson,M,NULL,2025-10-12
12886,AW00012886,Jocelyn,Long,S,NULL,2025-10-12
12887,AW00012887,Brendan,Pal,M,NULL,2025-10-12
12888,AW00012888,Melissa,Barnes,M,NULL,2025-10-12
12889,AW00012889,James,Adams,M,NULL,2025-10-12
12890,AW00012890,Steven,Thorpe,M,NULL,2025-10-12
12891,AW00012891,Kaylee,King,M,NULL,2025-10-12
12892,AW00012892,Brian,Peterson,M,NULL,2025-10-12
12893,AW00012893,Brittany,Foster,M,NULL,2025-10-12
12894,AW00012894,Natalie,Walker,M,NULL,2025-10-12
12895,AW00012895,Destiny,Anderson,M,NULL,2025-10-12
12896,AW00012896,Victoria,Wood,M,NULL,2025-10-12
12897,AW00012897,Alyssa,Wilson,M,NULL,2025-10-12
12898,AW00012898,Madeline,Campbell,M,NULL,2025-10-12
12899,AW00012899,Ana,Ross,M,NULL,2025-10-12
12900,AW00012900,Carlos,Ward,M,NULL,2025-10-12
12901,AW00012901,Robert,Adams,M,NULL,2025-10-12
12902,AW00012902,Julia,Stewart,S,NULL,2025-10-12
12903,AW00012903,John,Sandstone,S,NULL,2025-10-12
12904,AW00012904,Thomas,Jai,M,NULL,2025-10-12
12905,AW00012905,Alexandra,Sanchez,M,NULL,2025-10-12
12906,AW00012906,Philip,Ramos,M,NULL,2025-10-12
12907,AW00012907,Julia,Bryant,M,NULL,2025-10-12
12908,AW00012908,Tyler,Clark,M,NULL,2025-10-12
12909,AW00012909,Kelsey,Shan,M,NULL,2025-10-12
12910,AW00012910,Robert,Brown,M,NULL,2025-10-12
12911,AW00012911,Sebastian,Rogers,S,NULL,2025-10-12
12912,AW00012912,Brianna,Morris,S,NULL,2025-10-12
12913,AW00012913,Benjamin,Moore,M,NULL,2025-10-12
12914,AW00012914,Jill,Miller,S,NULL,2025-10-12
12915,AW00012915,Kaitlyn,Alexander,S,NULL,2025-10-12
12916,AW00012916,Natalie,Ross,M,NULL,2025-10-12
12917,AW00012917,Vanessa,Russell,M,NULL,2025-10-12
12918,AW00012918,Brooke,Murphy,M,NULL,2025-10-12
12919,AW00012919,Carlos,Hill,S,NULL,2025-10-12
12920,AW00012920,Kelly,Henderson,S,NULL,2025-10-12
12921,AW00012921,Wyatt,Lee,S,NULL,2025-10-12
12922,AW00012922,Jennifer,Sanders,S,NULL,2025-10-12
12923,AW00012923,Fernando,Wright,S,NULL,2025-10-12
12924,AW00012924,Devon,Chande,M,NULL,2025-10-12
12925,AW00012925,Mackenzie,Blue,M,NULL,2025-10-12
12926,AW00012926,Sara,Murphy,M,NULL,2025-10-12
12927,AW00012927,Savannah,Sanchez,M,NULL,2025-10-12
12928,AW00012928,Carol,Wright,M,NULL,2025-10-12
12929,AW00012929,Vanessa,Bryant,M,NULL,2025-10-12
12930,AW00012930,Grace,Harris,M,NULL,2025-10-12
12931,AW00012931,Ann,Fernandez,S,NULL,2025-10-12
12932,AW00012932,Tyler,Johnson,M,NULL,2025-10-12
12933,AW00012933,Jonathan,Hall,M,NULL,2025-10-12
12934,AW00012934,Jason,Foster,S,NULL,2025-10-12
12935,AW00012935,Robert,Hill,M,NULL,2025-10-12
12936,AW00012936,Renee,Moreno,S,NULL,2025-10-12
12937,AW00012937,Megan,Wilson,S,NULL,2025-10-12
12938,AW00012938,Edward,Parker,S,NULL,2025-10-12
12939,AW00012939,Eduardo,Parker,S,NULL,2025-10-12
12940,AW00012940,Steven,Rogers,M,NULL,2025-10-12
12941,AW00012941,Maria,Morgan,S,NULL,2025-10-12
12942,AW00012942,Morgan,Harris,S,NULL,2025-10-12
12943,AW00012943,Caleb,Perez,S,NULL,2025-10-12
12944,AW00012944,Jose,Jai,M,NULL,2025-10-12
12945,AW00012945,Jessica,Bailey,M,NULL,2025-10-12
12946,AW00012946,Seth,Allen,M,NULL,2025-10-12
12947,AW00012947,Isaiah,Sanchez,S,NULL,2025-10-12
12948,AW00012948,Adam,Kumar,M,NULL,2025-10-12
12949,AW00012949,Morgan,Rivera,S,NULL,2025-10-12
12950,AW00012950,Mary,Adams,S,NULL,2025-10-12
12951,AW00012951,Blake,Simmons,S,NULL,2025-10-12
12952,AW00012952,Jennifer,Hughes,S,NULL,2025-10-12
12953,AW00012953,Catherine,Cooper,S,NULL,2025-10-12
12954,AW00012954,Pedro,Diaz,M,NULL,2025-10-12
12955,AW00012955,Theresa,Hernandez,S,NULL,2025-10-12
12956,AW00012956,Marshall,Sun,S,NULL,2025-10-12
12957,AW00012957,Isabella,Lopez,S,NULL,2025-10-12
12958,AW00012958,Jennifer,Campbell,S,NULL,2025-10-12
12959,AW00012959,Sydney,Carter,S,NULL,2025-10-12
12960,AW00012960,Ashley,Lewis,S,NULL,2025-10-12
12961,AW00012961,Kimberly,Murphy,M,NULL,2025-10-12
12962,AW00012962,Jennifer,Edwards,M,NULL,2025-10-12
12963,AW00012963,Marcus,Anderson,M,NULL,2025-10-12
12964,AW00012964,Xavier,Russell,M,NULL,2025-10-12
12965,AW00012965,Cody,Bell,M,NULL,2025-10-12
12966,AW00012966,Dennis,Zhu,M,NULL,2025-10-12
12967,AW00012967,Fernando,Rodriguez,M,NULL,2025-10-12
12968,AW00012968,Paige,Butler,M,NULL,2025-10-12
12969,AW00012969,Richard,Rodriguez,M,NULL,2025-10-12
12970,AW00012970,Angela,Powell,S,NULL,2025-10-12
12971,AW00012971,Carl,Nara,M,NULL,2025-10-12
12972,AW00012972,Carolyn,Suri,S,NULL,2025-10-12
12973,AW00012973,Adrian,Howard,S,NULL,2025-10-12
12974,AW00012974,Marc,Gill,S,NULL,2025-10-12
12975,AW00012975,Marcus,Wilson,S,NULL,2025-10-12
12976,AW00012976,Hunter,Thompson,S,NULL,2025-10-12
12977,AW00012977,Destiny,Johnson,S,NULL,2025-10-12
12978,AW00012978,Danielle,James,M,NULL,2025-10-12
12979,AW00012979,Christina,Ward,M,NULL,2025-10-12
12980,AW00012980,Max,Moyer,M,NULL,2025-10-12
12981,AW00012981,Joe,Sanz,S,NULL,2025-10-12
12982,AW00012982,Brittany,Patterson,M,NULL,2025-10-12
12983,AW00012983,Gabriella,Carter,M,NULL,2025-10-12
12984,AW00012984,Adam,Young,M,NULL,2025-10-12
12985,AW00012985,Hailey,Roberts,M,NULL,2025-10-12
12986,AW00012986,Rachel,Garcia,M,NULL,2025-10-12
12987,AW00012987,Felicia,Moreno,M,NULL,2025-10-12
12988,AW00012988,Barbara,Goel,S,NULL,2025-10-12
12989,AW00012989,Carly,Goel,M,NULL,2025-10-12
12990,AW00012990,Leslie,Hernandez,S,NULL,2025-10-12
12991,AW00012991,J├⌐sus,Serrano,M,NULL,2025-10-12
12992,AW00012992,Ernest,Zeng,M,NULL,2025-10-12
12993,AW00012993,Xavier,Henderson,M,NULL,2025-10-12
12994,AW00012994,Anna,Martinez,S,NULL,2025-10-12
12995,AW00012995,Grant,Nara,M,NULL,2025-10-12
12996,AW00012996,Jaclyn,Liu,M,NULL,2025-10-12
12997,AW00012997,Nina,Xie,M,NULL,2025-10-12
12998,AW00012998,Mayra,Mehta,S,NULL,2025-10-12
12999,AW00012999,Nichole,Shen,S,NULL,2025-10-12
13000,AW00013000,Rafael,Raje,M,NULL,2025-10-12
13001,AW00013001,Clarence,Zhang,S,NULL,2025-10-12
13002,AW00013002,Roger,Cai,M,NULL,2025-10-12
13003,AW00013003,Jill,Hernandez,M,NULL,2025-10-12
13004,AW00013004,Randy,Chen,M,NULL,2025-10-12
13005,AW00013005,Desiree,Alvarez,M,NULL,2025-10-12
13006,AW00013006,Whitney,Rana,S,NULL,2025-10-12
13007,AW00013007,Brooke,Ward,S,NULL,2025-10-12
13008,AW00013008,Alberto,Mu├▒oz,M,NULL,2025-10-12
13009,AW00013009,Mindy,She,M,NULL,2025-10-12
13010,AW00013010,Erica,Ye,M,NULL,2025-10-12
13011,AW00013011,Anne,Ortega,S,NULL,2025-10-12
13012,AW00013012,Krystal,Hu,S,NULL,2025-10-12
13013,AW00013013,Vincent,Ye,M,NULL,2025-10-12
13014,AW00013014,James,Clark,M,NULL,2025-10-12
13015,AW00013015,Rebecca,Parker,S,NULL,2025-10-12
13016,AW00013016,Antonio,Bryant,M,NULL,2025-10-12
13017,AW00013017,Xavier,Alexander,M,NULL,2025-10-12
13018,AW00013018,Brendan,Xie,M,NULL,2025-10-12
13019,AW00013019,Destiny,Murphy,S,NULL,2025-10-12
13020,AW00013020,Madalena,Sanchez,M,NULL,2025-10-12
13021,AW00013021,Kendra,Diaz,S,NULL,2025-10-12
13022,AW00013022,Rafael,Ma,M,NULL,2025-10-12
13023,AW00013023,Dominique,Raman,S,NULL,2025-10-12
13024,AW00013024,Marc,Moreno,M,NULL,2025-10-12
13025,AW00013025,Reginald,Serrano,M,NULL,2025-10-12
13026,AW00013026,Colleen,Zheng,S,NULL,2025-10-12
13027,AW00013027,Jeremy,Patterson,S,NULL,2025-10-12
13028,AW00013028,Dalton,Thompson,S,NULL,2025-10-12
13029,AW00013029,Jennifer,Foster,S,NULL,2025-10-12
13030,AW00013030,Sophia,Lopez,S,NULL,2025-10-12
13031,AW00013031,Hunter,Shan,S,NULL,2025-10-12
13032,AW00013032,Kevin,Baker,M,NULL,2025-10-12
13033,AW00013033,Xavier,Gonzalez,S,NULL,2025-10-12
13034,AW00013034,Kelsey,Yuan,S,NULL,2025-10-12
13035,AW00013035,Kristy,Torres,M,NULL,2025-10-12
13036,AW00013036,Virginia,Subram,S,NULL,2025-10-12
13037,AW00013037,Terrence,Pal,M,NULL,2025-10-12
13038,AW00013038,Wilson,Pais,M,NULL,2025-10-12
13039,AW00013039,Trisha,Ma,S,NULL,2025-10-12
13040,AW00013040,Roy,Gonzalez,M,NULL,2025-10-12
13041,AW00013041,Cameron,Brown,M,NULL,2025-10-12
13042,AW00013042,Alison,Pal,M,NULL,2025-10-12
13043,AW00013043,Brenda,Madan,M,NULL,2025-10-12
13044,AW00013044,Katrina,Jai,M,NULL,2025-10-12
13045,AW00013045,Anne,Gomez,M,NULL,2025-10-12
13046,AW00013046,Jonathan,Rodriguez,M,NULL,2025-10-12
13047,AW00013047,Rodney,Vazquez,M,NULL,2025-10-12
13048,AW00013048,Alexis,Hayes,M,NULL,2025-10-12
13049,AW00013049,Autumn,Wang,M,NULL,2025-10-12
13050,AW00013050,Dennis,Zeng,M,NULL,2025-10-12
13051,AW00013051,Ethan,Jones,S,NULL,2025-10-12
13052,AW00013052,Jared,Morris,S,NULL,2025-10-12
13053,AW00013053,Vincent,Lu,S,NULL,2025-10-12
13054,AW00013054,Bryce,Ward,M,NULL,2025-10-12
13055,AW00013055,Patrick,Gray,S,NULL,2025-10-12
13056,AW00013056,Morgan,Blue,S,NULL,2025-10-12
13057,AW00013057,Destiny,Powell,S,NULL,2025-10-12
13058,AW00013058,Ramon,Huang,M,NULL,2025-10-12
13059,AW00013059,Keith,Deng,M,NULL,2025-10-12
13060,AW00013060,Eugene,Zhu,M,NULL,2025-10-12
13061,AW00013061,Ethan,Anderson,S,NULL,2025-10-12
13062,AW00013062,Eduardo,Williams,S,NULL,2025-10-12
13063,AW00013063,Jessica,Johnson,S,NULL,2025-10-12
13064,AW00013064,Dalton,Parker,S,NULL,2025-10-12
13065,AW00013065,Morgan,Gonzalez,S,NULL,2025-10-12
13066,AW00013066,Carson,Perry,S,NULL,2025-10-12
13067,AW00013067,Olivia,Garcia,S,NULL,2025-10-12
13068,AW00013068,Alexandria,Morris,S,NULL,2025-10-12
13069,AW00013069,Adam,Green,M,NULL,2025-10-12
13070,AW00013070,Emma,Clark,S,NULL,2025-10-12
13071,AW00013071,Thomas,Walker,M,NULL,2025-10-12
13072,AW00013072,Emma,Rogers,S,NULL,2025-10-12
13073,AW00013073,Sydney,Lopez,M,NULL,2025-10-12
13074,AW00013074,Grace,Hughes,M,NULL,2025-10-12
13075,AW00013075,Kelvin,Lin,M,NULL,2025-10-12
13076,AW00013076,Craig,Munoz,S,NULL,2025-10-12
13077,AW00013077,Alejandro,Goel,S,NULL,2025-10-12
13078,AW00013078,Michele,Chande,S,NULL,2025-10-12
13079,AW00013079,Edwin,Bhat,S,NULL,2025-10-12
13080,AW00013080,Denise,Mehta,S,NULL,2025-10-12
13081,AW00013081,Krista,Ruiz,S,NULL,2025-10-12
13082,AW00013082,Juan,Peterson,S,NULL,2025-10-12
13083,AW00013083,Jordyn,Butler,S,NULL,2025-10-12
13084,AW00013084,Luis,Hughes,S,NULL,2025-10-12
13085,AW00013085,Daniel,Harris,S,NULL,2025-10-12
13086,AW00013086,Blake,Nelson,S,NULL,2025-10-12
13087,AW00013087,Jeremy,Collins,S,NULL,2025-10-12
13088,AW00013088,Megan,Powell,S,NULL,2025-10-12
13089,AW00013089,Elizabeth,Alexander,M,NULL,2025-10-12
13090,AW00013090,Wayne,Tang,S,NULL,2025-10-12
13091,AW00013091,Deanna,Martin,S,NULL,2025-10-12
13092,AW00013092,William,Walker,M,NULL,2025-10-12
13093,AW00013093,Michelle,James,S,NULL,2025-10-12
13094,AW00013094,Antonio,Diaz,M,NULL,2025-10-12
13095,AW00013095,Jordan,Griffin,S,NULL,2025-10-12
13096,AW00013096,Jonathan,Chen,M,NULL,2025-10-12
13097,AW00013097,Dalton,Hughes,M,NULL,2025-10-12
13098,AW00013098,Miguel,Russell,M,NULL,2025-10-12
13099,AW00013099,Jay,Romero,M,NULL,2025-10-12
13100,AW00013100,Jeremy,Perez,M,NULL,2025-10-12
13101,AW00013101,Alex,Sanchez,S,NULL,2025-10-12
13102,AW00013102,Mariah,Bryant,S,NULL,2025-10-12
13103,AW00013103,Brendan,Raji,S,NULL,2025-10-12
13104,AW00013104,Gregory,Becker,S,NULL,2025-10-12
13105,AW00013105,Whitney,Kov├ír,M,NULL,2025-10-12
13106,AW00013106,Ebony,Munoz,M,NULL,2025-10-12
13107,AW00013107,Mary,Nelson,M,NULL,2025-10-12
13108,AW00013108,Curtis,Wang,M,NULL,2025-10-12
13109,AW00013109,Cheryl,Navarro,M,NULL,2025-10-12
13110,AW00013110,Levi,Mehta,M,NULL,2025-10-12
13111,AW00013111,Hannah,Butler,S,NULL,2025-10-12
13112,AW00013112,Bianca,Gao,S,NULL,2025-10-12
13113,AW00013113,Bryant,Sanchez,S,NULL,2025-10-12
13114,AW00013114,Claudia,Zhang,S,NULL,2025-10-12
13115,AW00013115,Clarence,Wu,S,NULL,2025-10-12
13116,AW00013116,Tyrone,Diaz,S,NULL,2025-10-12
13117,AW00013117,Evelyn,Rodriguez,S,NULL,2025-10-12
13118,AW00013118,Sydney,Cook,M,NULL,2025-10-12
13119,AW00013119,Jaclyn,Guo,S,NULL,2025-10-12
13120,AW00013120,Levi,Weber,M,NULL,2025-10-12
13121,AW00013121,Latasha,Jimenez,M,NULL,2025-10-12
13122,AW00013122,Catherine,Cox,M,NULL,2025-10-12
13123,AW00013123,Kelli,Raji,S,NULL,2025-10-12
13124,AW00013124,Marco,Vance,S,NULL,2025-10-12
13125,AW00013125,Alejandro,Hu,S,NULL,2025-10-12
13126,AW00013126,Lydia,Suri,S,NULL,2025-10-12
13127,AW00013127,Shane,Fernandez,S,NULL,2025-10-12
13128,AW00013128,Colleen,West,S,NULL,2025-10-12
13129,AW00013129,Joy,Ramos,S,NULL,2025-10-12
13130,AW00013130,Dalton,Miller,M,NULL,2025-10-12
13131,AW00013131,Briana,Diaz,M,NULL,2025-10-12
13132,AW00013132,Casey,Vazquez,S,NULL,2025-10-12
13133,AW00013133,Devon,Kennedy,S,NULL,2025-10-12
13134,AW00013134,Sara,Morgan,S,NULL,2025-10-12
13135,AW00013135,Johnny,Rai,S,NULL,2025-10-12
13136,AW00013136,Virginia,Martinez,M,NULL,2025-10-12
13137,AW00013137,Jacqueline,Simmons,M,NULL,2025-10-12
13138,AW00013138,Teresa,Alonso,M,NULL,2025-10-12
13139,AW00013139,Carmen,Perez,S,NULL,2025-10-12
13140,AW00013140,Jamie,Zhu,M,NULL,2025-10-12
13141,AW00013141,Walter,Hernandez,M,NULL,2025-10-12
13142,AW00013142,Xavier,Moore,M,NULL,2025-10-12
13143,AW00013143,Hannah,Jackson,M,NULL,2025-10-12
13144,AW00013144,Destiny,Stewart,S,NULL,2025-10-12
13145,AW00013145,Gilbert,Xu,M,NULL,2025-10-12
13146,AW00013146,Gabriella,Ramirez,S,NULL,2025-10-12
13147,AW00013147,Cedric,Lin,M,NULL,2025-10-12
13148,AW00013148,Tyler,Anderson,M,NULL,2025-10-12
13149,AW00013149,Linda,Ferrier,M,NULL,2025-10-12
13150,AW00013150,Lacey,Yang,S,NULL,2025-10-12
13151,AW00013151,Ethan,Moore,S,NULL,2025-10-12
13152,AW00013152,Gabrielle,Butler,M,NULL,2025-10-12
13153,AW00013153,Jack,Hill,S,NULL,2025-10-12
13154,AW00013154,Aaron,Lal,M,NULL,2025-10-12
13155,AW00013155,Jay,Gutierrez,M,NULL,2025-10-12
13156,AW00013156,Bradley,Lal,M,NULL,2025-10-12
13157,AW00013157,Heidi,Gonzalez,M,NULL,2025-10-12
13158,AW00013158,Casey,Xu,M,NULL,2025-10-12
13159,AW00013159,Roberto,Ramos,M,NULL,2025-10-12
13160,AW00013160,Willie,Xu,M,NULL,2025-10-12
13161,AW00013161,Jose,Moore,M,NULL,2025-10-12
13162,AW00013162,Nina,Nath,S,NULL,2025-10-12
13163,AW00013163,Noah,Lopez,M,NULL,2025-10-12
13164,AW00013164,Olivia,Ward,S,NULL,2025-10-12
13165,AW00013165,Wyatt,Walker,S,NULL,2025-10-12
13166,AW00013166,Kyle,Chen,M,NULL,2025-10-12
13167,AW00013167,Mario,Tang,S,NULL,2025-10-12
13168,AW00013168,Hannah,Price,S,NULL,2025-10-12
13169,AW00013169,Caleb,Griffin,S,NULL,2025-10-12
13170,AW00013170,Sebastian,Reed,S,NULL,2025-10-12
13171,AW00013171,Catherine,Torres,S,NULL,2025-10-12
13172,AW00013172,Isabella,Cook,S,NULL,2025-10-12
13173,AW00013173,Dalton,Brooks,M,NULL,2025-10-12
13174,AW00013174,Gabriella,Morris,S,NULL,2025-10-12
13175,AW00013175,Noah,Smith,M,NULL,2025-10-12
13176,AW00013176,Kurt,Chander,S,NULL,2025-10-12
13177,AW00013177,Taylor,Rogers,S,NULL,2025-10-12
13178,AW00013178,Megan,Gray,S,NULL,2025-10-12
13179,AW00013179,Adrian,Sanchez,M,NULL,2025-10-12
13180,AW00013180,Leslie,Sanz,M,NULL,2025-10-12
13181,AW00013181,Brian,Morgan,M,NULL,2025-10-12
13182,AW00013182,Jeremy,Bennett,M,NULL,2025-10-12
13183,AW00013183,Christian,Jenkins,M,NULL,2025-10-12
13184,AW00013184,Miguel,Perez,M,NULL,2025-10-12
13185,AW00013185,William,Lee,M,NULL,2025-10-12
13186,AW00013186,Marcus,Sanders,M,NULL,2025-10-12
13187,AW00013187,Evan,Wright,M,NULL,2025-10-12
13188,AW00013188,Anthony,Davis,M,NULL,2025-10-12
13189,AW00013189,Gloria,Romero,S,NULL,2025-10-12
13190,AW00013190,Jonathan,Diaz,S,NULL,2025-10-12
13191,AW00013191,Emma,Rodriguez,M,NULL,2025-10-12
13192,AW00013192,Hunter,Martinez,M,NULL,2025-10-12
13193,AW00013193,Kevin,Evans,M,NULL,2025-10-12
13194,AW00013194,Kevin,Carter,M,NULL,2025-10-12
13195,AW00013195,Aaron,Perry,M,NULL,2025-10-12
13196,AW00013196,Kimberly,Sanders,M,NULL,2025-10-12
13197,AW00013197,Katherine,Smith,M,NULL,2025-10-12
13198,AW00013198,Cindy,Gray,M,NULL,2025-10-12
13199,AW00013199,Timothy,Stewart,S,NULL,2025-10-12
13200,AW00013200,Jessica,Miller,M,NULL,2025-10-12
13201,AW00013201,Nicholas,Davis,S,NULL,2025-10-12
13202,AW00013202,Natasha,Romero,S,NULL,2025-10-12
13203,AW00013203,Bailey,Bell,S,NULL,2025-10-12
13204,AW00013204,Savannah,Parker,S,NULL,2025-10-12
13205,AW00013205,Jerome,Torres,M,NULL,2025-10-12
13206,AW00013206,Emily,Flores,S,NULL,2025-10-12
13207,AW00013207,Kenneth,Rai,M,NULL,2025-10-12
13208,AW00013208,Cassidy,Bryant,S,NULL,2025-10-12
13209,AW00013209,Alexandria,Bailey,M,NULL,2025-10-12
13210,AW00013210,Ethan,Simmons,M,NULL,2025-10-12
13211,AW00013211,James,Jai,M,NULL,2025-10-12
13212,AW00013212,Logan,Phillips,M,NULL,2025-10-12
13213,AW00013213,Courtney,King,M,NULL,2025-10-12
13214,AW00013214,Elijah,Adams,M,NULL,2025-10-12
13215,AW00013215,Colleen,Sharma,M,NULL,2025-10-12
13216,AW00013216,Mary,Mitchell,M,NULL,2025-10-12
13217,AW00013217,Julian,Alexander,S,NULL,2025-10-12
13218,AW00013218,Melissa,Bryant,M,NULL,2025-10-12
13219,AW00013219,Rafael,Shan,M,NULL,2025-10-12
13220,AW00013220,Isabella,Hernandez,M,NULL,2025-10-12
13221,AW00013221,Madeline,Hall,M,NULL,2025-10-12
13222,AW00013222,Arturo,Liu,M,NULL,2025-10-12
13223,AW00013223,Noah,Lee,S,NULL,2025-10-12
13224,AW00013224,Amanda,Brooks,M,NULL,2025-10-12
13225,AW00013225,J├⌐sus,Suarez,M,NULL,2025-10-12
13226,AW00013226,Jenna,Mitchell,M,NULL,2025-10-12
13227,AW00013227,Alexander,Wilson,M,NULL,2025-10-12
13228,AW00013228,Thomas,Sanchez,M,NULL,2025-10-12
13229,AW00013229,Dylan,Wang,M,NULL,2025-10-12
13230,AW00013230,Chloe,Bryant,M,NULL,2025-10-12
13231,AW00013231,Alexia,Ross,M,NULL,2025-10-12
13232,AW00013232,Kaitlyn,Baker,S,NULL,2025-10-12
13233,AW00013233,Richard,Coleman,M,NULL,2025-10-12
13234,AW00013234,Robert,Lewis,S,NULL,2025-10-12
13235,AW00013235,Jonathan,Robinson,M,NULL,2025-10-12
13236,AW00013236,Robert,Wang,M,NULL,2025-10-12
13237,AW00013237,Devin,Stewart,M,NULL,2025-10-12
13238,AW00013238,John,Williams,M,NULL,2025-10-12
13239,AW00013239,Matthew,Thomas,M,NULL,2025-10-12
13240,AW00013240,Blake,Foster,M,NULL,2025-10-12
13241,AW00013241,Natalie,Ward,M,NULL,2025-10-12
13242,AW00013242,Kyle,Yang,S,NULL,2025-10-12
13243,AW00013243,Alyssa,Davis,S,NULL,2025-10-12
13244,AW00013244,Jose,Sharma,M,NULL,2025-10-12
13245,AW00013245,Angel,Scott,M,NULL,2025-10-12
13246,AW00013246,Hailey,Perez,M,NULL,2025-10-12
13247,AW00013247,Zachary,Chen,M,NULL,2025-10-12
13248,AW00013248,Isabella,Martinez,M,NULL,2025-10-12
13249,AW00013249,Ryan,Perry,M,NULL,2025-10-12
13250,AW00013250,Jordan,King,M,NULL,2025-10-12
13251,AW00013251,Raymond,Malhotra,M,NULL,2025-10-12
13252,AW00013252,Bianca,Lu,M,NULL,2025-10-12
13253,AW00013253,Carly,Xie,M,NULL,2025-10-12
13254,AW00013254,Beth,Gomez,M,NULL,2025-10-12
13255,AW00013255,Lance,Blanco,M,NULL,2025-10-12
13256,AW00013256,Abby,Subram,S,NULL,2025-10-12
13257,AW00013257,Jon,Chander,M,NULL,2025-10-12
13258,AW00013258,Anne,Dominguez,M,NULL,2025-10-12
13259,AW00013259,Allen,Garcia,M,NULL,2025-10-12
13260,AW00013260,James,Flores,M,NULL,2025-10-12
13261,AW00013261,Lindsey,Andersen,M,NULL,2025-10-12
13262,AW00013262,Jaime,Nara,M,NULL,2025-10-12
13263,AW00013263,Kate,Anand,S,NULL,2025-10-12
13264,AW00013264,Melanie,Sanchez,M,NULL,2025-10-12
13265,AW00013265,Luke,Adams,S,NULL,2025-10-12
13266,AW00013266,Samuel,Wang,M,NULL,2025-10-12
13267,AW00013267,Matthew,Moore,M,NULL,2025-10-12
13268,AW00013268,Katherine,Parker,M,NULL,2025-10-12
13269,AW00013269,Rachel,Martin,S,NULL,2025-10-12
13270,AW00013270,Mason,Baker,S,NULL,2025-10-12
13271,AW00013271,Ryan,Anderson,M,NULL,2025-10-12
13272,AW00013272,Jordan,Gonzalez,S,NULL,2025-10-12
13273,AW00013273,Elizabeth,Lee,S,NULL,2025-10-12
13274,AW00013274,Joshua,Lee,S,NULL,2025-10-12
13275,AW00013275,Carlos,Murphy,M,NULL,2025-10-12
13276,AW00013276,Sarah,Johnson,M,NULL,2025-10-12
13277,AW00013277,Nathan,Brown,S,NULL,2025-10-12
13278,AW00013278,Jorge,Hu,S,NULL,2025-10-12
13279,AW00013279,Rachel,Howard,M,NULL,2025-10-12
13280,AW00013280,Bailey,Adams,M,NULL,2025-10-12
13281,AW00013281,Brent,Li,M,NULL,2025-10-12
13282,AW00013282,Madison,Price,M,NULL,2025-10-12
13283,AW00013283,Dakota,Griffin,M,NULL,2025-10-12
13284,AW00013284,Victoria,Butler,M,NULL,2025-10-12
13285,AW00013285,Kara,Chavez,M,NULL,2025-10-12
13286,AW00013286,Hannah,Rodriguez,S,NULL,2025-10-12
13287,AW00013287,Brandon,Rodriguez,S,NULL,2025-10-12
13288,AW00013288,Jackson,Lopez,M,NULL,2025-10-12
13289,AW00013289,Alexandria,Coleman,M,NULL,2025-10-12
13290,AW00013290,Jordan,Campbell,M,NULL,2025-10-12
13291,AW00013291,Nina,Xu,M,NULL,2025-10-12
13292,AW00013292,Paula,Carlson,S,NULL,2025-10-12
13293,AW00013293,Barbara,Lu,M,NULL,2025-10-12
13294,AW00013294,Cassidy,Hughes,M,NULL,2025-10-12
13295,AW00013295,Jasmine,Jackson,M,NULL,2025-10-12
13296,AW00013296,Seth,Anderson,M,NULL,2025-10-12
13297,AW00013297,Arthur,Rubio,M,NULL,2025-10-12
13298,AW00013298,Anna,Harris,M,NULL,2025-10-12
13299,AW00013299,Vanessa,Ross,M,NULL,2025-10-12
13300,AW00013300,Timothy,Hernandez,M,NULL,2025-10-12
13301,AW00013301,Angela,Stewart,S,NULL,2025-10-12
13302,AW00013302,Cole,Torres,S,NULL,2025-10-12
13303,AW00013303,Jonathan,Martinez,M,NULL,2025-10-12
13304,AW00013304,Sara,Peterson,S,NULL,2025-10-12
13305,AW00013305,Oscar,Alexander,M,NULL,2025-10-12
13306,AW00013306,Kaitlyn,Cox,M,NULL,2025-10-12
13307,AW00013307,Michelle,Stone,M,NULL,2025-10-12
13308,AW00013308,Kaitlyn,King,M,NULL,2025-10-12
13309,AW00013309,Angela,Sanders,M,NULL,2025-10-12
13310,AW00013310,Miguel,Barnes,M,NULL,2025-10-12
13311,AW00013311,Isabella,Reed,M,NULL,2025-10-12
13312,AW00013312,Natalie,Jenkins,M,NULL,2025-10-12
13313,AW00013313,Megan,Stone,M,NULL,2025-10-12
13314,AW00013314,Jordan,Hernandez,M,NULL,2025-10-12
13315,AW00013315,Lucas,Thomas,M,NULL,2025-10-12
13316,AW00013316,Angel,Rivera,M,NULL,2025-10-12
13317,AW00013317,Jeremiah,Long,S,NULL,2025-10-12
13318,AW00013318,Amber,Perez,M,NULL,2025-10-12
13319,AW00013319,Charles,Howard,S,NULL,2025-10-12
13320,AW00013320,Jasmine,Jones,S,NULL,2025-10-12
13321,AW00013321,Arianna,Barnes,S,NULL,2025-10-12
13322,AW00013322,Elizabeth,Patterson,S,NULL,2025-10-12
13323,AW00013323,Adam,Adams,M,NULL,2025-10-12
13324,AW00013324,Florian,Stiller,M,NULL,2025-10-12
13325,AW00013325,Marcus,Wright,M,NULL,2025-10-12
13326,AW00013326,Bob,Fernandez,M,NULL,2025-10-12
13327,AW00013327,Isabelle,Russell,M,NULL,2025-10-12
13328,AW00013328,Albert,Serrano,S,NULL,2025-10-12
13329,AW00013329,Jake,Wang,M,NULL,2025-10-12
13330,AW00013330,Maria,Patterson,M,NULL,2025-10-12
13331,AW00013331,Lauren,Diaz,M,NULL,2025-10-12
13332,AW00013332,Neil,Alonso,M,NULL,2025-10-12
13333,AW00013333,Tara,Chander,M,NULL,2025-10-12
13334,AW00013334,Melanie,Rivera,M,NULL,2025-10-12
13335,AW00013335,Alyssa,Barnes,S,NULL,2025-10-12
13336,AW00013336,Deanna,Gill,M,NULL,2025-10-12
13337,AW00013337,Lauren,Cox,M,NULL,2025-10-12
13338,AW00013338,Jada,Carter,S,NULL,2025-10-12
13339,AW00013339,Nicole,Clark,S,NULL,2025-10-12
13340,AW00013340,Natalie,Edwards,M,NULL,2025-10-12
13341,AW00013341,Lucas,King,M,NULL,2025-10-12
13342,AW00013342,Brandon,Jackson,S,NULL,2025-10-12
13343,AW00013343,Melanie,Bradley,M,NULL,2025-10-12
13344,AW00013344,Caitlin,Reed,M,NULL,2025-10-12
13345,AW00013345,Dalton,Butler,M,NULL,2025-10-12
13346,AW00013346,Gregory,Chande,S,NULL,2025-10-12
13347,AW00013347,Rachel,Hall,M,NULL,2025-10-12
13348,AW00013348,Noah,Young,M,NULL,2025-10-12
13349,AW00013349,Kaitlyn,Gonzalez,M,NULL,2025-10-12
13350,AW00013350,Isaac,Sandberg,M,NULL,2025-10-12
13351,AW00013351,Mariah,Cox,S,NULL,2025-10-12
13352,AW00013352,Joseph,Davis,S,NULL,2025-10-12
13353,AW00013353,Jordyn,Coleman,S,NULL,2025-10-12
13354,AW00013354,Eric,Campbell,M,NULL,2025-10-12
13355,AW00013355,Jackson,Jai,M,NULL,2025-10-12
13356,AW00013356,Stefanie,Prasad,M,NULL,2025-10-12
13357,AW00013357,Blake,Gonzales,S,NULL,2025-10-12
13358,AW00013358,Alexandra,Edwards,M,NULL,2025-10-12
13359,AW00013359,Ian,Wood,M,NULL,2025-10-12
13360,AW00013360,Jada,Cook,M,NULL,2025-10-12
13361,AW00013361,Cameron,Jai,M,NULL,2025-10-12
13362,AW00013362,Destiny,Morgan,S,NULL,2025-10-12
13363,AW00013363,Sydney,Allen,M,NULL,2025-10-12
13364,AW00013364,Natalie,Anderson,S,NULL,2025-10-12
13365,AW00013365,Luke,Shan,M,NULL,2025-10-12
13366,AW00013366,Austin,Davis,M,NULL,2025-10-12
13367,AW00013367,Savannah,Edwards,M,NULL,2025-10-12
13368,AW00013368,Kyle,Henderson,M,NULL,2025-10-12
13369,AW00013369,Mariah,Henderson,M,NULL,2025-10-12
13370,AW00013370,Blake,Ross,M,NULL,2025-10-12
13371,AW00013371,Sydney,Gonzales,S,NULL,2025-10-12
13372,AW00013372,Isaac,Edwards,M,NULL,2025-10-12
13373,AW00013373,Michelle,Murphy,S,NULL,2025-10-12
13374,AW00013374,Marco,Martinez,M,NULL,2025-10-12
13375,AW00013375,Jason,Kumar,M,NULL,2025-10-12
13376,AW00013376,Jerry,Rai,M,NULL,2025-10-12
13377,AW00013377,Thomas,Hernandez,M,NULL,2025-10-12
13378,AW00013378,Alexandra,Bailey,M,NULL,2025-10-12
13379,AW00013379,Bailey,Morris,S,NULL,2025-10-12
13380,AW00013380,Katherine,Scott,M,NULL,2025-10-12
13381,AW00013381,Vanessa,Jenkins,M,NULL,2025-10-12
13382,AW00013382,Richard,Rogers,M,NULL,2025-10-12
13383,AW00013383,Natalie,Wright,S,NULL,2025-10-12
13384,AW00013384,Mario,Ashe,S,NULL,2025-10-12
13385,AW00013385,Danielle,Cook,S,NULL,2025-10-12
13386,AW00013386,Samuel,Patterson,M,NULL,2025-10-12
13387,AW00013387,Miranda,Jenkins,M,NULL,2025-10-12
13388,AW00013388,Marshall,Shen,S,NULL,2025-10-12
13389,AW00013389,Madison,Thomas,M,NULL,2025-10-12
13390,AW00013390,Julia,Collins,M,NULL,2025-10-12
13391,AW00013391,Brenda,Malhotra,M,NULL,2025-10-12
13392,AW00013392,Hunter,Parker,M,NULL,2025-10-12
13393,AW00013393,Willie,Kumar,M,NULL,2025-10-12
13394,AW00013394,Matthew,Clark,S,NULL,2025-10-12
13395,AW00013395,Gabriel,Li,M,NULL,2025-10-12
13396,AW00013396,David,Kumar,M,NULL,2025-10-12
13397,AW00013397,Adam,Mitchell,M,NULL,2025-10-12
13398,AW00013398,Logan,Ross,M,NULL,2025-10-12
13399,AW00013399,Edward,Young,M,NULL,2025-10-12
13400,AW00013400,Julia,Thomas,M,NULL,2025-10-12
13401,AW00013401,Erin,Bradley,S,NULL,2025-10-12
13402,AW00013402,Gabriel,Turner,M,NULL,2025-10-12
13403,AW00013403,Jennifer,Jackson,S,NULL,2025-10-12
13404,AW00013404,Kelvin,Yang,M,NULL,2025-10-12
13405,AW00013405,Ethan,Bryant,M,NULL,2025-10-12
13406,AW00013406,Craig,Jim├⌐nez,M,NULL,2025-10-12
13407,AW00013407,Cassandra,Rana,S,NULL,2025-10-12
13408,AW00013408,Katherine,Gonzales,M,NULL,2025-10-12
13409,AW00013409,Cory,Fernandez,M,NULL,2025-10-12
13410,AW00013410,Jillian,Madan,M,NULL,2025-10-12
13411,AW00013411,Jacquelyn,Blanco,M,NULL,2025-10-12
13412,AW00013412,Rafael,Zhao,M,NULL,2025-10-12
13413,AW00013413,Fernando,Phillips,M,NULL,2025-10-12
13414,AW00013414,Miguel,Wilson,M,NULL,2025-10-12
13415,AW00013415,Marcus,Rogers,S,NULL,2025-10-12
13416,AW00013416,Richard,Roberts,S,NULL,2025-10-12
13417,AW00013417,Ian,Cox,M,NULL,2025-10-12
13418,AW00013418,Devin,Cox,M,NULL,2025-10-12
13419,AW00013419,Lauren,Coleman,M,NULL,2025-10-12
13420,AW00013420,Jordan,Turner,M,NULL,2025-10-12
13421,AW00013421,Alyssa,Patterson,M,NULL,2025-10-12
13422,AW00013422,Jacqueline,Washington,S,NULL,2025-10-12
13423,AW00013423,Alex,Peterson,S,NULL,2025-10-12
13424,AW00013424,Jasmine,Thomas,M,NULL,2025-10-12
13425,AW00013425,Jose,Garcia,M,NULL,2025-10-12
13426,AW00013426,Taylor,Williams,S,NULL,2025-10-12
13427,AW00013427,Connor,Winston,S,NULL,2025-10-12
13428,AW00013428,Marcus,Ramirez,M,NULL,2025-10-12
13429,AW00013429,Gabrielle,Washington,M,NULL,2025-10-12
13430,AW00013430,Edward,Griffin,M,NULL,2025-10-12
13431,AW00013431,Bryan,James,M,NULL,2025-10-12
13432,AW00013432,Dalton,Wood,S,NULL,2025-10-12
13433,AW00013433,Jessie,Vazquez,S,NULL,2025-10-12
13434,AW00013434,Kaitlyn,Wright,S,NULL,2025-10-12
13435,AW00013435,Tracy,Pal,M,NULL,2025-10-12
13436,AW00013436,Gail,Griffin,S,NULL,2025-10-12
13437,AW00013437,Ethan,Flores,M,NULL,2025-10-12
13438,AW00013438,Chloe,Griffin,S,NULL,2025-10-12
13439,AW00013439,Arturo,Lin,M,NULL,2025-10-12
13440,AW00013440,Sydney,Miller,S,NULL,2025-10-12
13441,AW00013441,Omar,Zhang,M,NULL,2025-10-12
13442,AW00013442,Paula,Vazquez,S,NULL,2025-10-12
13443,AW00013443,Jasmine,White,M,NULL,2025-10-12
13444,AW00013444,Abby,Lopez,S,NULL,2025-10-12
13445,AW00013445,Logan,Davis,M,NULL,2025-10-12
13446,AW00013446,Katelyn,Scott,S,NULL,2025-10-12
13447,AW00013447,Destiny,Cox,M,NULL,2025-10-12
13448,AW00013448,Catherine,Ward,M,NULL,2025-10-12
13449,AW00013449,Jerome,Diaz,S,NULL,2025-10-12
13450,AW00013450,Victoria,Jones,S,NULL,2025-10-12
13451,AW00013451,Robin,Browning,M,NULL,2025-10-12
13452,AW00013452,Kaitlyn,Evans,M,NULL,2025-10-12
13453,AW00013453,Amanda,Howard,M,NULL,2025-10-12
13454,AW00013454,Benjamin,Griffin,M,NULL,2025-10-12
13455,AW00013455,Kaitlyn,Bryant,M,NULL,2025-10-12
13456,AW00013456,Sydney,Hernandez,S,NULL,2025-10-12
13457,AW00013457,Eric,Henderson,M,NULL,2025-10-12
13458,AW00013458,Joan,James,M,NULL,2025-10-12
13459,AW00013459,Devin,Foster,M,NULL,2025-10-12
13460,AW00013460,Jasmine,Walker,S,NULL,2025-10-12
13461,AW00013461,Anthony,Jones,S,NULL,2025-10-12
13462,AW00013462,Jay,Sara,S,NULL,2025-10-12
13463,AW00013463,Tammy,Sara,M,NULL,2025-10-12
13464,AW00013464,Martha,Hu,M,NULL,2025-10-12
13465,AW00013465,Sydney,Campbell,M,NULL,2025-10-12
13466,AW00013466,Bryce,James,M,NULL,2025-10-12
13467,AW00013467,Kristopher,Martinez,S,NULL,2025-10-12
13468,AW00013468,Mariah,Sanders,S,NULL,2025-10-12
13469,AW00013469,Bryce,Bailey,S,NULL,2025-10-12
13470,AW00013470,Jaclyn,Jai,S,NULL,2025-10-12
13471,AW00013471,Eric,Bryant,M,NULL,2025-10-12
13472,AW00013472,Simon,Pearson,M,NULL,2025-10-12
13473,AW00013473,Logan,Hill,M,NULL,2025-10-12
13474,AW00013474,Elizabeth,Hall,M,NULL,2025-10-12
13475,AW00013475,Charles,Allen,M,NULL,2025-10-12
13476,AW00013476,Timothy,Hall,M,NULL,2025-10-12
13477,AW00013477,Katherine,Wood,M,NULL,2025-10-12
13478,AW00013478,Alexia,Coleman,S,NULL,2025-10-12
13479,AW00013479,Katelyn,Rogers,S,NULL,2025-10-12
13480,AW00013480,Anna,Rodriguez,S,NULL,2025-10-12
13481,AW00013481,Hunter,Hernandez,M,NULL,2025-10-12
13482,AW00013482,Haley,Bryant,M,NULL,2025-10-12
13483,AW00013483,Christian,Lal,M,NULL,2025-10-12
13484,AW00013484,Marcus,Martinez,S,NULL,2025-10-12
13485,AW00013485,Thomas,Allen,M,NULL,2025-10-12
13486,AW00013486,Rebekah,Gomez,S,NULL,2025-10-12
13487,AW00013487,Emily,Martin,M,NULL,2025-10-12
13488,AW00013488,Laura,Guo,M,NULL,2025-10-12
13489,AW00013489,Jennifer,Walker,M,NULL,2025-10-12
13490,AW00013490,Edward,Rodriguez,M,NULL,2025-10-12
13491,AW00013491,Natalie,Howard,M,NULL,2025-10-12
13492,AW00013492,Christian,Foster,M,NULL,2025-10-12
13493,AW00013493,Valerie,Zhao,M,NULL,2025-10-12
13494,AW00013494,Byron,Gutierrez,S,NULL,2025-10-12
13495,AW00013495,Micheal,Alvarez,M,NULL,2025-10-12
13496,AW00013496,Lucas,Morris,M,NULL,2025-10-12
13497,AW00013497,Deborah,Sharma,M,NULL,2025-10-12
13498,AW00013498,Joel,Mehta,S,NULL,2025-10-12
13499,AW00013499,Olivia,Cox,S,NULL,2025-10-12
13500,AW00013500,Molly,Vance,M,NULL,2025-10-12
13501,AW00013501,Clayton,Zhu,M,NULL,2025-10-12
13502,AW00013502,Deborah,Nara,S,NULL,2025-10-12
13503,AW00013503,Theodore,Gomez,M,NULL,2025-10-12
13504,AW00013504,Beth,Alonso,M,NULL,2025-10-12
13505,AW00013505,Jamie,Cai,M,NULL,2025-10-12
13506,AW00013506,Willie,Guo,S,NULL,2025-10-12
13507,AW00013507,Margaret,Patterson,M,NULL,2025-10-12
13508,AW00013508,Cassandra,Sanchez,M,NULL,2025-10-12
13509,AW00013509,Lucas,Johnson,M,NULL,2025-10-12
13510,AW00013510,Jon,Shen,M,NULL,2025-10-12
13511,AW00013511,Ernest,Liu,S,NULL,2025-10-12
13512,AW00013512,Ken,S├ínchez,M,NULL,2025-10-12
13513,AW00013513,Abigail,Henderson,M,NULL,2025-10-12
13514,AW00013514,Lindsay,Luo,S,NULL,2025-10-12
13515,AW00013515,Cara,Liang,M,NULL,2025-10-12
13516,AW00013516,Harold,Ray,M,NULL,2025-10-12
13517,AW00013517,Nicolas,Sharma,S,NULL,2025-10-12
13518,AW00013518,Brendan,Goldstein,S,NULL,2025-10-12
13519,AW00013519,Lucas,Foster,S,NULL,2025-10-12
13520,AW00013520,Carol,Nelson,S,NULL,2025-10-12
13521,AW00013521,Sandra,Lu,S,NULL,2025-10-12
13522,AW00013522,Logan,Taylor,S,NULL,2025-10-12
13523,AW00013523,Adrienne,Ruiz,S,NULL,2025-10-12
13524,AW00013524,Cheryl,Blanco,M,NULL,2025-10-12
13525,AW00013525,Cassandra,Van,M,NULL,2025-10-12
13526,AW00013526,Krystal,Liu,M,NULL,2025-10-12
13527,AW00013527,Tonya,Andersen,M,NULL,2025-10-12
13528,AW00013528,Carmen,Lopez,M,NULL,2025-10-12
13529,AW00013529,Pamela,Martinez,S,NULL,2025-10-12
13530,AW00013530,Krystal,Chen,M,NULL,2025-10-12
13531,AW00013531,Tyrone,Gutierrez,M,NULL,2025-10-12
13532,AW00013532,Melody,Gill,M,NULL,2025-10-12
13533,AW00013533,Eduardo,Butler,S,NULL,2025-10-12
13534,AW00013534,Beth,Navarro,M,NULL,2025-10-12
13535,AW00013535,Omar,Nara,S,NULL,2025-10-12
13536,AW00013536,Arianna,Ward,S,NULL,2025-10-12
13537,AW00013537,Jill,Moreno,S,NULL,2025-10-12
13538,AW00013538,Vanessa,Henderson,S,NULL,2025-10-12
13539,AW00013539,Roger,Guo,S,NULL,2025-10-12
13540,AW00013540,Paula,Ortega,M,NULL,2025-10-12
13541,AW00013541,Ashlee,Xu,M,NULL,2025-10-12
13542,AW00013542,Sharon,Kumar,M,NULL,2025-10-12
13543,AW00013543,Phillip,Rana,S,NULL,2025-10-12
13544,AW00013544,Joy,Martin,S,NULL,2025-10-12
13545,AW00013545,Brad,Sharma,M,NULL,2025-10-12
13546,AW00013546,Mitchell,Jai,M,NULL,2025-10-12
13547,AW00013547,Michele,Jimenez,S,NULL,2025-10-12
13548,AW00013548,Bridget,Jai,M,NULL,2025-10-12
13549,AW00013549,Richard,King,S,NULL,2025-10-12
13550,AW00013550,Joe,Malhotra,S,NULL,2025-10-12
13551,AW00013551,Jacob,Lee,M,NULL,2025-10-12
13552,AW00013552,Trevor,Hughes,S,NULL,2025-10-12
13553,AW00013553,Jessica,Coleman,M,NULL,2025-10-12
13554,AW00013554,Paula,Moreno,M,NULL,2025-10-12
13555,AW00013555,Tammy,Smith,M,NULL,2025-10-12
13556,AW00013556,Alisha,Nath,S,NULL,2025-10-12
13557,AW00013557,Stacey,Liu,M,NULL,2025-10-12
13558,AW00013558,Karen,Lu,M,NULL,2025-10-12
13559,AW00013559,Lori,Ramos,S,NULL,2025-10-12
13560,AW00013560,Andres,Shan,M,NULL,2025-10-12
13561,AW00013561,Gary,Navarro,M,NULL,2025-10-12
13562,AW00013562,Bryant,Van,S,NULL,2025-10-12
13563,AW00013563,Phillip,Sai,M,NULL,2025-10-12
13564,AW00013564,Sabrina,Blanco,M,NULL,2025-10-12
13565,AW00013565,Tiffany,Zhao,M,NULL,2025-10-12
13566,AW00013566,Mikael,Sandberg,S,NULL,2025-10-12
13567,AW00013567,Anne,Rubio,M,NULL,2025-10-12
13568,AW00013568,Max,Jimenez,M,NULL,2025-10-12
13569,AW00013569,Marcus,Hall,S,NULL,2025-10-12
13570,AW00013570,Benjamin,Jackson,S,NULL,2025-10-12
13571,AW00013571,Allen,Mehta,M,NULL,2025-10-12
13572,AW00013572,Shaun,Deng,S,NULL,2025-10-12
13573,AW00013573,Edwin,Pal,M,NULL,2025-10-12
13574,AW00013574,Brenda,Garcia,S,NULL,2025-10-12
13575,AW00013575,Alicia,Shen,M,NULL,2025-10-12
13576,AW00013576,Tamara,Lal,S,NULL,2025-10-12
13577,AW00013577,Theodore,Torres,M,NULL,2025-10-12
13578,AW00013578,Karl,Nath,M,NULL,2025-10-12
13579,AW00013579,Alan,Chen,M,NULL,2025-10-12
13580,AW00013580,Carol,Xu,M,NULL,2025-10-12
13581,AW00013581,Albert,Blanco,M,NULL,2025-10-12
13582,AW00013582,Martha,Gao,M,NULL,2025-10-12
13583,AW00013583,Blake,Butler,S,NULL,2025-10-12
13584,AW00013584,Isaiah,Cox,S,NULL,2025-10-12
13585,AW00013585,Savannah,Morris,M,NULL,2025-10-12
13586,AW00013586,Larry,Alonso,M,NULL,2025-10-12
13587,AW00013587,Kristina,Subram,S,NULL,2025-10-12
13588,AW00013588,Deb,Dominguez,M,NULL,2025-10-12
13589,AW00013589,Cameron,Smith,S,NULL,2025-10-12
13590,AW00013590,Louis,Xie,M,NULL,2025-10-12
13591,AW00013591,Latasha,Alonso,M,NULL,2025-10-12
13592,AW00013592,Gabriella,Collins,M,NULL,2025-10-12
13593,AW00013593,Deanna,Navarro,S,NULL,2025-10-12
13594,AW00013594,Jessica,Williams,M,NULL,2025-10-12
13595,AW00013595,Cole,Stewart,S,NULL,2025-10-12
13596,AW00013596,Billy,Gomez,M,NULL,2025-10-12
13597,AW00013597,Lance,Gutierrez,M,NULL,2025-10-12
13598,AW00013598,Keith,Luo,M,NULL,2025-10-12
13599,AW00013599,Valerie,Zhu,M,NULL,2025-10-12
13600,AW00013600,Marie,Sanz,M,NULL,2025-10-12
13601,AW00013601,Tanya,Dominguez,M,NULL,2025-10-12
13602,AW00013602,Virginia,Mehta,M,NULL,2025-10-12
13603,AW00013603,Molly,Martinez,M,NULL,2025-10-12
13604,AW00013604,Nuan,Zheng,M,NULL,2025-10-12
13605,AW00013605,Gerrit,Straatsma,M,NULL,2025-10-12
13606,AW00013606,Drew,Sharma,M,NULL,2025-10-12
13607,AW00013607,Levi,Rana,S,NULL,2025-10-12
13608,AW00013608,Karla,Kumar,M,NULL,2025-10-12
13609,AW00013609,Ramon,Yang,M,NULL,2025-10-12
13610,AW00013610,Omar,Sharma,M,NULL,2025-10-12
13611,AW00013611,Marshall,Huang,M,NULL,2025-10-12
13612,AW00013612,Hailey,Ross,M,NULL,2025-10-12
13613,AW00013613,Derek,Jai,M,NULL,2025-10-12
13614,AW00013614,Julie,Becker,S,NULL,2025-10-12
13615,AW00013615,Jacquelyn,Rowe,S,NULL,2025-10-12
13616,AW00013616,Cole,Ramirez,M,NULL,2025-10-12
13617,AW00013617,Gerald,Suri,M,NULL,2025-10-12
13618,AW00013618,Jay,Raman,S,NULL,2025-10-12
13619,AW00013619,Arturo,Xu,M,NULL,2025-10-12
13620,AW00013620,Damien,Ye,S,NULL,2025-10-12
13621,AW00013621,Melody,Ruiz,M,NULL,2025-10-12
13622,AW00013622,Alan,Wang,M,NULL,2025-10-12
13623,AW00013623,Mitchell,Carson,M,NULL,2025-10-12
13624,AW00013624,Nicole,Long,S,NULL,2025-10-12
13625,AW00013625,Jason,Campbell,M,NULL,2025-10-12
13626,AW00013626,Johnathan,Madan,M,NULL,2025-10-12
13627,AW00013627,Natasha,Rubio,M,NULL,2025-10-12
13628,AW00013628,Kaitlin,Schmidt,M,NULL,2025-10-12
13629,AW00013629,Karla,Yuan,M,NULL,2025-10-12
13630,AW00013630,Brenda,Arun,S,NULL,2025-10-12
13631,AW00013631,Joe,Subram,M,NULL,2025-10-12
13632,AW00013632,Cheryl,Munoz,S,NULL,2025-10-12
13633,AW00013633,Juan,Ramos,S,NULL,2025-10-12
13634,AW00013634,Alexis,Russell,M,NULL,2025-10-12
13635,AW00013635,Kurt,Deng,M,NULL,2025-10-12
13636,AW00013636,Jarrod,Rodriguez,M,NULL,2025-10-12
13637,AW00013637,Victoria,Cooper,M,NULL,2025-10-12
13638,AW00013638,Diana,Alvarez,S,NULL,2025-10-12
13639,AW00013639,Colin,Liang,M,NULL,2025-10-12
13640,AW00013640,Rachael,Patel,M,NULL,2025-10-12
13641,AW00013641,Adrian,Watson,S,NULL,2025-10-12
13642,AW00013642,Cassie,Nara,M,NULL,2025-10-12
13643,AW00013643,Ronald,Sai,S,NULL,2025-10-12
13644,AW00013644,Kristi,Dominguez,M,NULL,2025-10-12
13645,AW00013645,Eugene,He,S,NULL,2025-10-12
13646,AW00013646,Terry,Yuan,M,NULL,2025-10-12
13647,AW00013647,Armando,Alonso,S,NULL,2025-10-12
13648,AW00013648,Arturo,Sharma,S,NULL,2025-10-12
13649,AW00013649,Rebekah,Suarez,M,NULL,2025-10-12
13650,AW00013650,Jessie,She,M,NULL,2025-10-12
13651,AW00013651,Jerry,Sharma,M,NULL,2025-10-12
13652,AW00013652,Tamara,Zeng,M,NULL,2025-10-12
13653,AW00013653,Tony,Chander,M,NULL,2025-10-12
13654,AW00013654,Shawn,Andersen,M,NULL,2025-10-12
13655,AW00013655,Christopher,Walker,M,NULL,2025-10-12
13656,AW00013656,Faith,Howard,M,NULL,2025-10-12
13657,AW00013657,Kaylee,Collins,S,NULL,2025-10-12
13658,AW00013658,Wyatt,Bennett,M,NULL,2025-10-12
13659,AW00013659,Clayton,Shan,M,NULL,2025-10-12
13660,AW00013660,Ethan,Davis,M,NULL,2025-10-12
13661,AW00013661,Andre,Sara,M,NULL,2025-10-12
13662,AW00013662,Miguel,Roberts,S,NULL,2025-10-12
13663,AW00013663,Melvin,Tang,S,NULL,2025-10-12
13664,AW00013664,Larry,Diaz,S,NULL,2025-10-12
13665,AW00013665,Kristi,Randall,M,NULL,2025-10-12
13666,AW00013666,Teresa,Ruiz,S,NULL,2025-10-12
13667,AW00013667,Andres,Deng,S,NULL,2025-10-12
13668,AW00013668,Stanley,Martinez,M,NULL,2025-10-12
13669,AW00013669,Kristy,Gill,M,NULL,2025-10-12
13670,AW00013670,Brittney,Zeng,S,NULL,2025-10-12
13671,AW00013671,Frank,Ramos,S,NULL,2025-10-12
13672,AW00013672,Benjamin,Davis,S,NULL,2025-10-12
13673,AW00013673,Sandra,He,S,NULL,2025-10-12
13674,AW00013674,Drew,Shen,S,NULL,2025-10-12
13675,AW00013675,Stanley,Sai,S,NULL,2025-10-12
13676,AW00013676,George,Kapoor,M,NULL,2025-10-12
13677,AW00013677,Brian,Albrecht,S,NULL,2025-10-12
13678,AW00013678,Warren,Goel,M,NULL,2025-10-12
13679,AW00013679,Sandra,Li,M,NULL,2025-10-12
13680,AW00013680,Jan,Watson,M,NULL,2025-10-12
13681,AW00013681,Adam,Hall,S,NULL,2025-10-12
13682,AW00013682,Fernando,Lopez,S,NULL,2025-10-12
13683,AW00013683,Sheila,Torres,S,NULL,2025-10-12
13684,AW00013684,Francis,Dominguez,S,NULL,2025-10-12
13685,AW00013685,Briana,Torres,M,NULL,2025-10-12
13686,AW00013686,Peter,Jai,M,NULL,2025-10-12
13687,AW00013687,Mario,Xie,M,NULL,2025-10-12
13688,AW00013688,Ruben,Sanchez,S,NULL,2025-10-12
13689,AW00013689,Teresa,Ramos,S,NULL,2025-10-12
13690,AW00013690,Claudia,Gao,S,NULL,2025-10-12
13691,AW00013691,Ariana,Bailey,S,NULL,2025-10-12
13692,AW00013692,Curtis,Li,M,NULL,2025-10-12
13693,AW00013693,Dominic,Gonzalez,S,NULL,2025-10-12
13694,AW00013694,Savannah,Gray,S,NULL,2025-10-12
13695,AW00013695,Christian,Clark,S,NULL,2025-10-12
13696,AW00013696,Katherine,Edwards,S,NULL,2025-10-12
13697,AW00013697,J├⌐sus,Munoz,S,NULL,2025-10-12
13698,AW00013698,Catherine,Sanchez,S,NULL,2025-10-12
13699,AW00013699,Rachel,Alexander,S,NULL,2025-10-12
13700,AW00013700,Evan,Howard,S,NULL,2025-10-12
13701,AW00013701,Haley,Scott,S,NULL,2025-10-12
13702,AW00013702,Jessie,Suarez,S,NULL,2025-10-12
13703,AW00013703,Mackenzie,Sanders,S,NULL,2025-10-12
13704,AW00013704,Victoria,Davis,S,NULL,2025-10-12
13705,AW00013705,Blake,Mitchell,S,NULL,2025-10-12
13706,AW00013706,Kaitlyn,Peterson,S,NULL,2025-10-12
13707,AW00013707,Austin,Smith,M,NULL,2025-10-12
13708,AW00013708,Jennifer,Bennett,S,NULL,2025-10-12
13709,AW00013709,Zachary,Robinson,S,NULL,2025-10-12
13710,AW00013710,Destiny,Harris,S,NULL,2025-10-12
13711,AW00013711,Thomas,Mitchell,S,NULL,2025-10-12
13712,AW00013712,Nancy,Martinez,S,NULL,2025-10-12
13713,AW00013713,Alexander,Walker,S,NULL,2025-10-12
13714,AW00013714,Amanda,Ward,M,NULL,2025-10-12
13715,AW00013715,Eduardo,Sanchez,M,NULL,2025-10-12
13716,AW00013716,Brandon,Jai,M,NULL,2025-10-12
13717,AW00013717,Audrey,Gill,M,NULL,2025-10-12
13718,AW00013718,Marcus,Barnes,M,NULL,2025-10-12
13719,AW00013719,Isaac,Carter,M,NULL,2025-10-12
13720,AW00013720,Cameron,Johnson,M,NULL,2025-10-12
13721,AW00013721,Lucas,Howard,S,NULL,2025-10-12
13722,AW00013722,Luke,Campbell,M,NULL,2025-10-12
13723,AW00013723,Leonard,Raje,M,NULL,2025-10-12
13724,AW00013724,Charles,Thompson,M,NULL,2025-10-12
13725,AW00013725,Nathan,Henderson,M,NULL,2025-10-12
13726,AW00013726,Austin,Lewis,M,NULL,2025-10-12
13727,AW00013727,Paula,Rubio,M,NULL,2025-10-12
13728,AW00013728,Taylor,Stewart,M,NULL,2025-10-12
13729,AW00013729,Jason,Li,M,NULL,2025-10-12
13730,AW00013730,Walter,Sua
