sls_ord_num,sls_prd_key,sls_cust_id,sls_order_dt,sls_ship_dt,sls_due_dt,sls_sales,sls_quantity,sls_price
SO43697,BK-R93R-62,21768,20101229,20110105,20110110,3578,1,3578
SO43698,BK-M82S-44,28389,20101229,20110105,20110110,3400,1,3400
SO43699,BK-M82S-44,25863,20101229,20110105,20110110,3400,1,3400
SO43700,BK-R50B-62,14501,20101229,20110105,20110110,699,1,699
SO43701,BK-M82S-44,11003,20101229,20110105,20110110,3400,1,3400
SO43702,BK-R93R-44,27645,20101230,20110106,20110111,3578,1,3578
SO43703,BK-R93R-62,16624,20101230,20110106,20110111,3578,1,3578
SO43704,BK-M82B-48,11005,20101230,20110106,20110111,3375,1,3375
SO43705,BK-M82S-38,11011,20101230,20110106,20110111,3400,1,3400
SO43706,BK-R93R-48,27621,20101231,20110107,20110112,3578,1,3578
SO43707,BK-R93R-48,27616,20101231,20110107,20110112,3578,1,3578
SO43708,BK-R50R-52,20042,20101231,20110107,20110112,699,1,699
SO43709,BK-R93R-52,16351,20101231,20110107,20110112,3578,1,3578
SO43710,BK-R93R-56,16517,20101231,20110107,20110112,3578,1,3578
SO43711,BK-R93R-56,27606,20110101,20110108,20110113,3578,1,3578
SO43712,BK-R93R-44,13513,20110101,20110108,20110113,3578,1,3578
SO43713,BK-R93R-62,27601,20110102,20110109,20110114,3578,1,3578
SO43714,BK-R93R-44,13591,20110102,20110109,20110114,3578,1,3578
SO43715,BK-R93R-56,16483,20110102,20110109,20110114,3578,1,3578
SO43716,BK-R93R-44,16529,20110102,20110109,20110114,3578,1,3578
SO43717,BK-R50B-62,25249,20110102,20110109,20110114,699,1,699
SO43718,BK-R93R-44,27668,20110103,20110110,20110115,3578,1,3578
SO43719,BK-R93R-48,27612,20110103,20110110,20110115,3578,1,3578
SO43720,BK-R93R-44,13264,20110103,20110110,20110115,3578,1,3578
SO43721,BK-R93R-62,13590,20110103,20110110,20110115,3578,1,3578
SO43722,BK-R93R-48,13581,20110104,20110111,20110116,3578,1,3578
SO43723,BK-R50B-58,14520,20110104,20110111,20110116,699,1,699
SO43724,BK-R93R-44,16520,20110104,20110111,20110116,3578,1,3578
SO43725,BK-R93R-44,13258,20110105,20110112,20110117,3578,1,3578
SO43726,BK-R50B-58,14560,20110105,20110112,20110117,699,1,699
SO43727,BK-R93R-44,16607,20110105,20110112,20110117,3578,1,3578
SO43728,BK-R93R-52,27666,20110106,20110113,20110118,3578,1,3578
SO43729,BK-M82S-44,11238,20110106,20110113,20110118,3400,1,3400
SO43730,BK-M82S-44,25861,20110106,20110113,20110118,3400,1,3400
SO43731,BK-R93R-56,16629,20110106,20110113,20110118,3578,1,3578
SO43732,BK-M82B-44,11025,20110106,20110113,20110118,3375,1,3375
SO43733,BK-R93R-48,27577,20110106,20110113,20110118,3578,1,3578
SO43734,BK-R93R-48,27604,20110107,20110114,20110119,3578,1,3578
SO43735,BK-R93R-62,16522,20110107,20110114,20110119,3578,1,3578
SO43736,BK-M82S-44,11002,20110107,20110114,20110119,3400,1,3400
SO43737,BK-R93R-44,13261,20110108,20110115,20110120,3578,1,3578
SO43738,BK-R93R-48,11606,20110108,20110115,20110120,3578,1,3578
SO43739,BK-R93R-62,13563,20110108,20110115,20110120,3578,1,3578
SO43740,BK-R93R-48,16527,20110108,20110115,20110120,3578,1,3578
SO43741,BK-R93R-62,27671,20110109,20110116,20110121,3578,1,3578
SO43742,BK-R93R-56,13576,20110109,20110116,20110121,3578,1,3578
SO43743,BK-M82S-48,11007,20110109,20110116,20110121,3400,1,3400
SO43744,BK-R93R-52,16631,20110109,20110116,20110121,3578,1,3578
SO43745,BK-R93R-44,16514,20110110,20110117,20110122,3578,1,3578
SO43746,BK-R93R-48,16616,20110110,20110117,20110122,3578,1,3578
SO43747,BK-R93R-56,27623,20110111,20110118,20110123,3578,1,3578
SO43748,BK-R93R-52,27625,20110111,20110118,20110123,3578,1,3578
SO43749,BK-R93R-56,27636,20110111,20110118,20110123,3578,1,3578
SO43750,BK-R93R-44,11591,20110111,20110118,20110123,3578,1,3578
SO43751,BK-R93R-52,11592,20110111,20110118,20110123,3578,1,3578
SO43752,BK-R93R-44,13265,20110111,20110118,20110123,3578,1,3578
SO43753,BK-R93R-62,16482,20110111,20110118,20110123,3578,1,3578
SO43754,BK-R93R-48,27617,20110112,20110119,20110124,3578,1,3578
SO43755,BK-R93R-44,27670,20110112,20110119,20110124,3578,1,3578
SO43756,BK-R50B-58,19941,20110112,20110119,20110124,699,1,699
SO43757,BK-M82B-44,11017,20110112,20110119,20110124,3375,1,3375
SO43758,BK-R93R-62,27646,20110113,20110120,20110125,3578,1,3578
SO43759,BK-R93R-62,13257,20110113,20110120,20110125,3578,1,3578
SO43760,BK-R93R-56,16352,20110113,20110120,20110125,3578,1,3578
SO43761,BK-R93R-62,16493,20110113,20110120,20110125,3578,1,3578
SO43762,BK-R93R-56,27578,20110114,20110121,20110126,3578,1,3578
SO43763,BK-R93R-52,16525,20110114,20110121,20110126,3578,1,3578
SO43764,BK-R93R-62,16612,20110114,20110121,20110126,3578,1,3578
SO43765,BK-M82S-44,11010,20110114,20110121,20110126,3400,1,3400
SO43766,BK-R93R-52,16518,20110115,20110122,20110127,3578,1,3578
SO43767,BK-M82B-44,11001,20110115,20110122,20110127,3375,1,3375
SO43768,BK-R93R-48,27649,20110116,20110123,20110128,3578,1,3578
SO43769,BK-R93R-48,21659,20110116,20110123,20110128,3578,1,3578
SO43770,BK-R93R-48,27614,20110116,20110123,20110128,3578,1,3578
SO43771,BK-R50R-52,14559,20110116,20110123,20110128,699,1,699
SO43772,BK-R93R-48,16524,20110116,20110123,20110128,3578,1,3578
SO43773,BK-R93R-56,16526,20110116,20110123,20110128,3578,1,3578
SO43774,BK-R93R-52,16348,20110116,20110123,20110128,3578,1,3578
SO43775,BK-M82S-48,11027,20110116,20110123,20110128,3400,1,3400
SO43776,BK-R93R-56,13260,20110117,20110124,20110129,3578,1,3578
SO43777,BK-R93R-44,16515,20110117,20110124,20110129,3578,1,3578
SO43778,BK-M82S-42,11018,20110117,20110124,20110129,3400,1,3400
SO43779,BK-R50R-44,25252,20110117,20110124,20110129,699,1,699
SO43780,BK-R93R-44,11599,20110118,20110125,20110130,3578,1,3578
SO43781,BK-R93R-48,16495,20110118,20110125,20110130,3578,1,3578
SO43782,BK-R93R-48,16516,20110118,20110125,20110130,3578,1,3578
SO43783,BK-R93R-48,16620,20110118,20110125,20110130,3578,1,3578
SO43784,BK-R93R-62,27667,20110119,20110126,20110131,3578,1,3578
SO43785,BK-R93R-44,11601,20110119,20110126,20110131,3578,1,3578
SO43786,BK-R93R-44,11607,20110119,20110126,20110131,3578,1,3578
SO43787,BK-M82S-38,29385,20110119,20110126,20110131,3400,1,3400
SO43788,BK-M82B-48,11239,20110119,20110126,20110131,3375,1,3375
SO43789,BK-M82B-48,25865,20110119,20110126,20110131,3375,1,3375
SO43790,BK-M82S-38,25857,20110119,20110126,20110131,3400,1,3400
SO43791,BK-R93R-56,16484,20110119,20110126,20110131,3578,1,3578
SO43792,BK-R93R-48,16623,20110119,20110126,20110131,3578,1,3578
SO43793,BK-M82S-38,11000,20110119,20110126,20110131,3400,1,3400
SO43794,BK-M82S-48,11029,20110119,20110126,20110131,3400,1,3400
SO43795,BK-R93R-48,27615,20110120,20110127,20110201,3578,1,3578
SO43796,BK-R50B-52,17956,20110120,20110127,20110201,699,1,699
SO43797,BK-R93R-48,16345,20110120,20110127,20110201,3578,1,3578
SO43798,BK-R93R-62,16521,20110120,20110127,20110201,3578,1,3578
SO43799,BK-R93R-48,16636,20110120,20110127,20110201,3578,1,3578
SO43800,BK-R93R-44,21710,20110121,20110128,20110202,3578,1,3578
SO43801,BK-R93R-44,13583,20110121,20110128,20110202,3578,1,3578
SO43802,BK-R93R-48,11593,20110121,20110128,20110202,3578,1,3578
SO43803,BK-R93R-56,21741,20110122,20110129,20110203,3578,1,3578
SO43804,BK-R93R-62,13585,20110122,20110129,20110203,3578,1,3578
SO43805,BK-R50R-48,14510,20110122,20110129,20110203,699,1,699
SO43806,BK-R93R-48,16523,20110122,20110129,20110203,3578,1,3578
SO43807,BK-R93R-48,11611,20110123,20110130,20110204,3578,1,3578
SO43808,BK-R93R-52,13259,20110123,20110130,20110204,3578,1,3578
SO43809,BK-R93R-62,16350,20110123,20110130,20110204,3578,1,3578
SO43810,BK-M82S-42,11004,20110123,20110130,20110204,3400,1,3400
SO43811,BK-M82S-44,11026,20110123,20110130,20110204,3400,1,3400
SO43812,BK-R93R-48,27662,20110124,20110131,20110205,3578,1,3578
SO43813,BK-M82B-44,28390,20110124,20110131,20110205,3375,1,3375
SO43814,BK-M82B-44,25866,20110124,20110131,20110205,3375,1,3375
SO43815,BK-R93R-44,16494,20110124,20110131,20110205,3578,1,3578
SO43816,BK-R93R-56,16496,20110124,20110131,20110205,3578,1,3578
SO43817,BK-R93R-62,16519,20110124,20110131,20110205,3578,1,3578
SO43818,BK-R93R-48,16528,20110124,20110131,20110205,3578,1,3578
SO43819,BK-M82S-44,11006,20110124,20110131,20110205,3400,1,3400
SO43820,BK-R93R-48,27651,20110125,20110201,20110206,3578,1,3578
SO43821,BK-R93R-62,27663,20110125,20110201,20110206,3578,1,3578
SO43822,BK-R93R-52,27669,20110125,20110201,20110206,3578,1,3578
SO43823,BK-R50B-52,19942,20110125,20110201,20110206,699,1,699
SO43824,BK-R50B-44,14558,20110125,20110201,20110206,699,1,699
SO43825,BK-R93R-52,16349,20110125,20110201,20110206,3578,1,3578
SO43826,BK-M82B-38,11008,20110125,20110201,20110206,3375,1,3375
SO43827,BK-R50B-44,25250,20110125,20110201,20110206,699,1,699
SO43828,BK-R93R-62,27605,20110126,20110202,20110207,3578,1,3578
SO43829,BK-R93R-62,27611,20110126,20110202,20110207,3578,1,3578
SO43830,BK-R93R-44,16347,20110126,20110202,20110207,3578,1,3578
SO43831,BK-M82B-42,11028,20110126,20110202,20110207,3375,1,3375
SO43832,BK-R93R-62,13584,20110126,20110202,20110207,3578,1,3578
SO43833,BK-R93R-62,21727,20110127,20110203,20110208,3578,1,3578
SO43834,BK-M82B-38,28393,20110127,20110203,20110208,3375,1,3375
SO43835,BK-M82B-38,19802,20110127,20110203,20110208,3375,1,3375
SO43836,BK-R50R-62,26620,20110127,20110203,20110208,699,1,699
SO43837,BK-M82B-44,11009,20110127,20110203,20110208,3375,1,3375
SO43838,BK-R93R-52,27641,20110128,20110204,20110209,3578,1,3578
SO43839,BK-R93R-44,27673,20110128,20110204,20110209,3578,1,3578
SO43840,BK-R50R-44,17957,20110128,20110204,20110209,699,1,699
SO43841,BK-R93R-56,13406,20110128,20110204,20110209,3578,1,3578
SO43842,BK-R93R-48,16630,20110128,20110204,20110209,3578,1,3578
SO43918,BK-R93R-52,22041,20110129,20110205,20110210,3578,1,3578
SO43919,BK-R93R-56,12124,20110129,20110205,20110210,3578,1,3578
SO43920,BK-R93R-52,28066,20110129,20110205,20110210,3578,1,3578
SO43921,BK-R93R-52,16743,20110129,20110205,20110210,3578,1,3578
SO43922,BK-R93R-62,13546,20110129,20110205,20110210,3578,1,3578
SO43923,BK-R93R-48,28018,20110130,20110206,20110211,3578,1,3578
SO43924,BK-R93R-62,12132,20110130,20110206,20110211,3578,1,3578
SO43925,BK-R93R-56,16661,20110130,20110206,20110211,3578,1,3578
SO43926,BK-M82B-48,11055,20110131,20110207,20110212,3375,1,3375
SO43927,BK-R93R-56,16662,20110131,20110207,20110212,3578,1,3578
SO43928,BK-R93R-52,16740,20110131,20110207,20110212,3578,1,3578
SO43929,BK-R50R-60,25270,20110131,20110207,20110212,699,1,699
SO43930,BK-R93R-48,28038,20110201,20110208,20110213,3578,1,3578
SO43931,BK-R93R-52,13548,20110201,20110208,20110213,3578,1,3578
SO43932,BK-R93R-56,16741,20110201,20110208,20110213,3578,1,3578
SO43933,BK-M82S-48,11031,20110201,20110208,20110213,3400,1,3400
SO43934,BK-M82S-44,11034,20110201,20110208,20110213,3400,1,3400
SO43935,BK-R50B-60,20048,20110202,20110209,20110214,699,1,699
SO43936,BK-R93R-44,28065,20110202,20110209,20110214,3578,1,3578
SO43937,BK-R93R-48,17047,20110202,20110209,20110214,3578,1,3578
SO43938,BK-R93R-62,16686,20110202,20110209,20110214,3578,1,3578
SO43939,BK-R93R-48,16659,20110202,20110209,20110214,3578,1,3578
SO43940,BK-R50B-62,25294,20110202,20110209,20110214,699,1,699
SO43941,BK-R93R-56,13600,20110203,20110210,20110215,3578,1,3578
SO43942,BK-R93R-62,17051,20110203,20110210,20110215,3578,1,3578
SO43943,BK-R50B-44,14565,20110203,20110210,20110215,699,1,699
SO43944,BK-M82S-38,11054,20110203,20110210,20110215,3400,1,3400
SO43945,BK-R93R-62,16675,20110203,20110210,20110215,3578,1,3578
SO43946,BK-R93R-52,16687,20110203,20110210,20110215,3578,1,3578
SO43947,BK-R93R-62,16712,20110203,20110210,20110215,3578,1,3578
SO43948,BK-M82S-42,11047,20110203,20110210,20110215,3400,1,3400
SO43949,BK-R93R-62,27726,20110204,20110211,20110216,3578,1,3578
SO43950,BK-R93R-44,28014,20110204,20110211,20110216,3578,1,3578
SO43951,BK-R93R-44,16696,20110204,20110211,20110216,3578,1,3578
SO43952,BK-R93R-48,16639,20110204,20110211,20110216,3578,1,3578
SO43953,BK-R50B-52,20049,20110205,20110212,20110217,699,1,699
SO43954,BK-R93R-44,13602,20110205,20110212,20110217,3578,1,3578
SO43955,BK-R93R-56,13661,20110205,20110212,20110217,3578,1,3578
SO43956,BK-M82S-38,11030,20110205,20110212,20110217,3400,1,3400
SO43957,BK-R93R-52,28068,20110206,20110213,20110218,3578,1,3578
SO43958,BK-R93R-48,16658,20110206,20110213,20110218,3578,1,3578
SO43959,BK-M82B-38,11035,20110206,20110213,20110218,3375,1,3375
SO43960,BK-M82B-42,11046,20110206,20110213,20110218,3375,1,3375
SO43961,BK-R93R-44,28031,20110207,20110214,20110219,3578,1,3578
SO43962,BK-R93R-48,28076,20110207,20110214,20110219,3578,1,3578
SO43963,BK-R93R-56,16685,20110207,20110214,20110219,3578,1,3578
SO43964,BK-R93R-48,16745,20110207,20110214,20110219,3578,1,3578
SO43965,BK-M82B-48,11038,20110207,20110214,20110219,3375,1,3375
SO43966,BK-M82S-48,11039,20110207,20110214,20110219,3400,1,3400
SO43967,BK-R93R-52,28040,20110208,20110215,20110220,3578,1,3578
SO43968,BK-R93R-52,28067,20110208,20110215,20110220,3578,1,3578
SO43969,BK-R93R-62,28071,20110208,20110215,20110220,3578,1,3578
SO43970,BK-R93R-44,16684,20110208,20110215,20110220,3578,1,3578
SO43971,BK-R93R-56,16657,20110208,20110215,20110220,3578,1,3578
SO43972,BK-R93R-56,21939,20110209,20110216,20110221,3578,1,3578
SO43973,BK-R93R-48,28039,20110209,20110216,20110221,3578,1,3578
SO43974,BK-R93R-48,13687,20110209,20110216,20110221,3578,1,3578
SO43975,BK-R93R-48,13540,20110209,20110216,20110221,3578,1,3578
SO43976,BK-R93R-62,28063,20110209,20110216,20110221,3578,1,3578
SO43977,BK-R93R-48,16703,20110209,20110216,20110221,3578,1,3578
SO43978,BK-R93R-62,28030,20110210,20110217,20110222,3578,1,3578
SO43979,BK-R50R-60,14576,20110210,20110217,20110222,699,1,699
SO43980,BK-M82B-48,11048,20110210,20110217,20110222,3375,1,3375
SO43981,BK-R93R-56,16664,20110210,20110217,20110222,3578,1,3578
SO43982,BK-R50B-52,25271,20110210,20110217,20110222,699,1,699
SO43983,BK-R93R-56,28017,20110211,20110218,20110223,3578,1,3578
SO43984,BK-R93R-44,13545,20110211,20110218,20110223,3578,1,3578
SO43985,BK-R93R-52,13515,20110211,20110218,20110223,3578,1,3578
SO43986,BK-R93R-62,28070,20110211,20110218,20110223,3578,1,3578
SO43987,BK-R93R-62,28042,20110212,20110219,20110224,3578,1,3578
SO43988,BK-M82S-38,11244,20110212,20110219,20110224,3400,1,3400
SO43989,BK-R93R-48,28083,20110212,20110219,20110224,3578,1,3578
SO43990,BK-M82S-38,25872,20110212,20110219,20110224,3400,1,3400
SO43991,BK-R93R-62,16660,20110212,20110219,20110224,3578,1,3578
SO43992,BK-R93R-44,16638,20110212,20110219,20110224,3578,1,3578
SO43993,BK-R93R-56,16929,20110214,20110221,20110226,3578,1,3578
SO43994,BK-R93R-56,27681,20110215,20110222,20110227,3578,1,3578
SO43995,BK-R93R-48,21813,20110215,20110222,20110227,3578,1,3578
SO43996,BK-R93R-62,27920,20110215,20110222,20110227,3578,1,3578
SO43997,BK-R93R-62,28022,20110215,20110222,20110227,3578,1,3578
SO43998,BK-M82B-38,11033,20110215,20110222,20110227,3375,1,3375
SO43999,BK-R93R-44,28047,20110215,20110222,20110227,3578,1,3578
SO44000,BK-R93R-44,27918,20110216,20110223,20110228,3578,1,3578
SO44001,BK-R93R-52,28044,20110216,20110223,20110228,3578,1,3578
SO44002,BK-R50B-62,14572,20110216,20110223,20110228,699,1,699
SO44003,BK-R50B-52,19325,20110216,20110223,20110228,699,1,699
SO44004,BK-R93R-62,28061,20110216,20110223,20110228,3578,1,3578
SO44005,BK-R50B-60,26629,20110216,20110223,20110228,699,1,699
SO44006,BK-R93R-62,16744,20110216,20110223,20110228,3578,1,3578
SO44007,BK-R50R-58,25555,20110216,20110223,20110228,699,1,699
SO44008,BK-R93R-48,27678,20110217,20110224,20110301,3578,1,3578
SO44009,BK-R93R-56,27759,20110217,20110224,20110301,3578,1,3578
SO44010,BK-R93R-62,13680,20110217,20110224,20110301,3578,1,3578
SO44011,BK-R93R-62,13514,20110217,20110224,20110301,3578,1,3578
SO44012,BK-M82B-42,11052,20110217,20110224,20110301,3375,1,3375
SO44013,BK-R93R-48,16928,20110217,20110224,20110301,3578,1,3578
SO44014,BK-R93R-52,27917,20110218,20110225,20110302,3578,1,3578
SO44015,BK-R93R-44,13693,20110218,20110225,20110302,3578,1,3578
SO44016,BK-M82B-44,11247,20110218,20110225,20110302,3375,1,3375
SO44017,BK-R93R-62,28078,20110218,20110225,20110302,3578,1,3578
SO44018,BK-M82B-44,25876,20110218,20110225,20110302,3375,1,3375
SO44019,BK-R93R-62,16701,20110218,20110225,20110302,3578,1,3578
SO44020,BK-R93R-44,16931,20110218,20110225,20110302,3578,1,3578
SO44021,BK-M82B-38,11032,20110218,20110225,20110302,3375,1,3375
SO44022,BK-R93R-52,22008,20110219,20110226,20110303,3578,1,3578
SO44023,BK-M82B-42,19830,20110219,20110226,20110303,3375,1,3375
SO44024,BK-R93R-56,16663,20110219,20110226,20110303,3578,1,3578
SO44025,BK-R93R-56,16708,20110219,20110226,20110303,3578,1,3578
SO44026,BK-R93R-62,17045,20110219,20110226,20110303,3578,1,3578
SO44027,BK-R93R-62,21921,20110220,20110227,20110304,3578,1,3578
SO44028,BK-R93R-48,17048,20110220,20110227,20110304,3578,1,3578
SO44029,BK-M82B-44,11050,20110220,20110227,20110304,3375,1,3375
SO44030,BK-R93R-44,12131,20110221,20110228,20110305,3578,1,3578
SO44031,BK-R93R-52,13689,20110221,20110228,20110305,3578,1,3578
SO44032,BK-M82S-38,11243,20110221,20110228,20110305,3400,1,3400
SO44033,BK-R93R-56,16693,20110221,20110228,20110305,3578,1,3578
SO44034,BK-R93R-52,16702,20110221,20110228,20110305,3578,1,3578
SO44035,BK-R93R-48,16707,20110221,20110228,20110305,3578,1,3578
SO44036,BK-R93R-62,17046,20110221,20110228,20110305,3578,1,3578
SO44037,BK-R50R-48,25272,20110221,20110228,20110305,699,1,699
SO44038,BK-M82S-38,25868,20110221,20110228,20110305,3400,1,3400
SO44039,BK-R50B-52,17971,20110222,20110301,20110306,699,1,699
SO44040,BK-M82B-48,11057,20110222,20110301,20110306,3375,1,3375
SO44041,BK-R93R-52,16742,20110222,20110301,20110306,3578,1,3578
SO44042,BK-R93R-52,13678,20110223,20110302,20110307,3578,1,3578
SO44043,BK-R93R-44,13679,20110223,20110302,20110307,3578,1,3578
SO44044,BK-R93R-56,13690,20110223,20110302,20110307,3578,1,3578
SO44045,BK-M82S-38,28394,20110223,20110302,20110307,3400,1,3400
SO44046,BK-R93R-52,28064,20110223,20110302,20110307,3578,1,3578
SO44047,BK-M82S-38,25878,20110223,20110302,20110307,3400,1,3400
SO44048,BK-R93R-56,16713,20110223,20110302,20110307,3578,1,3578
SO44049,BK-R93R-56,13538,20110224,20110303,20110308,3578,1,3578
SO44050,BK-R93R-62,17050,20110224,20110303,20110308,3578,1,3578
SO44051,BK-R93R-62,13691,20110225,20110304,20110309,3578,1,3578
SO44052,BK-R93R-56,16637,20110225,20110304,20110309,3578,1,3578
SO44053,BK-R50B-44,19329,20110226,20110305,20110310,699,1,699
SO44054,BK-R93R-56,13542,20110226,20110305,20110310,3578,1,3578
SO44055,BK-R93R-62,13543,20110226,20110305,20110310,3578,1,3578
SO44056,BK-R93R-56,13559,20110226,20110305,20110310,3578,1,3578
SO44057,BK-R50B-44,14577,20110226,20110305,20110310,699,1,699
SO44058,BK-M82B-44,11056,20110226,20110305,20110310,3375,1,3375
SO44059,BK-R93R-52,16688,20110226,20110305,20110310,3578,1,3578
SO44060,BK-R50B-52,25273,20110226,20110305,20110310,699,1,699
SO44061,BK-R93R-62,27919,20110227,20110306,20110311,3578,1,3578
SO44062,BK-R93R-62,28041,20110227,20110306,20110311,3578,1,3578
SO44063,BK-M82S-38,11240,20110227,20110306,20110311,3400,1,3400
SO44064,BK-R93R-62,22050,20110227,20110306,20110311,3578,1,3578
SO44065,BK-R93R-62,28062,20110227,20110306,20110311,3578,1,3578
SO44066,BK-M82S-38,25867,20110227,20110306,20110311,3400,1,3400
SO44067,BK-R93R-62,17049,20110227,20110306,20110311,3578,1,3578
SO44068,BK-R93R-52,13541,20110228,20110307,20110312,3578,1,3578
SO44069,BK-M82B-42,28395,20110228,20110307,20110312,3375,1,3375
SO44070,BK-M82B-42,19829,20110228,20110307,20110312,3375,1,3375
SO44071,BK-R93R-52,16691,20110228,20110307,20110312,3578,1,3578
SO44072,BK-R93R-44,16656,20110228,20110307,20110312,3578,1,3578
SO44073,BK-M82B-48,11044,20110228,20110307,20110312,3375,1,3375
SO44134,BK-R93R-62,13821,20110301,20110308,20110313,3578,1,3578
SO44135,BK-R93R-62,28156,20110301,20110308,20110313,3578,1,3578
SO44136,BK-R93R-44,22114,20110301,20110308,20110313,3578,1,3578
SO44137,BK-R93R-56,17328,20110301,20110308,20110313,3578,1,3578
SO44138,BK-R93R-62,13765,20110302,20110309,20110314,3578,1,3578
SO44139,BK-R93R-44,13792,20110302,20110309,20110314,3578,1,3578
SO44140,BK-R93R-44,12221,20110302,20110309,20110314,3578,1,3578
SO44141,BK-R93R-52,13572,20110302,20110309,20110314,3578,1,3578
SO44142,BK-R93R-52,22058,20110302,20110309,20110314,3578,1,3578
SO44143,BK-R93R-52,28145,20110302,20110309,20110314,3578,1,3578
SO44144,BK-R93R-48,17071,20110302,20110309,20110314,3578,1,3578
SO44145,BK-R93R-62,17309,20110302,20110309,20110314,3578,1,3578
SO44146,BK-R93R-52,17310,20110302,20110309,20110314,3578,1,3578
SO44147,BK-R93R-62,17320,20110302,20110309,20110314,3578,1,3578
SO44148,BK-R93R-62,28172,20110303,20110310,20110315,3578,1,3578
SO44149,BK-R93R-48,17242,20110303,20110310,20110315,3578,1,3578
SO44150,BK-R93R-48,17315,20110303,20110310,20110315,3578,1,3578
SO44151,BK-R50R-48,25558,20110303,20110310,20110315,699,1,699
SO44152,BK-M82S-44,11334,20110304,20110311,20110316,3400,1,3400
SO44153,BK-R93R-48,28168,20110304,20110311,20110316,3578,1,3578
SO44154,BK-R93R-44,28181,20110304,20110311,20110316,3578,1,3578
SO44155,BK-R93R-52,28131,20110304,20110311,20110316,3578,1,3578
SO44156,BK-M82S-44,25887,20110304,20110311,20110316,3400,1,3400
SO44157,BK-R93R-56,17055,20110304,20110311,20110316,3578,1,3578
SO44158,BK-R93R-44,13567,20110305,20110312,20110317,3578,1,3578
SO44159,BK-R93R-44,28182,20110305,20110312,20110317,3578,1,3578
SO44160,BK-R93R-48,28186,20110305,20110312,20110317,3578,1,3578
SO44161,BK-R93R-56,13772,20110306,20110313,20110318,3578,1,3578
SO44162,BK-R93R-44,28185,20110306,20110313,20110318,3578,1,3578
SO44163,BK-R93R-56,28193,20110306,20110313,20110318,3578,1,3578
SO44164,BK-R93R-62,28088,20110306,20110313,20110318,3578,1,3578
SO44165,BK-R93R-52,17065,20110306,20110313,20110318,3578,1,3578
SO44166,BK-R50B-44,14581,20110306,20110313,20110318,699,1,699
SO44167,BK-R93R-56,17308,20110306,20110313,20110318,3578,1,3578
SO44168,BK-R93R-52,12211,20110307,20110314,20110319,3578,1,3578
SO44169,BK-R93R-44,28179,20110307,20110314,20110319,3578,1,3578
SO44170,BK-R93R-56,28183,20110307,20110314,20110319,3578,1,3578
SO44171,BK-R93R-52,28112,20110307,20110314,20110319,3578,1,3578
SO44172,BK-R50B-44,14584,20110307,20110314,20110319,699,1,699
SO44173,BK-R93R-48,13784,20110308,20110315,20110320,3578,1,3578
SO44174,BK-R93R-44,17229,20110308,20110315,20110320,3578,1,3578
SO44175,BK-R93R-52,17246,20110308,20110315,20110320,3578,1,3578
SO44176,BK-R93R-56,12220,20110309,20110316,20110321,3578,1,3578
SO44177,BK-M82B-44,11337,20110309,20110316,20110321,3375,1,3375
SO44178,BK-R93R-48,28097,20110309,20110316,20110321,3578,1,3578
SO44179,BK-M82B-44,25888,20110309,20110316,20110321,3375,1,3375
SO44180,BK-M82S-48,11058,20110309,20110316,20110321,3400,1,3400
SO44181,BK-R93R-48,17294,20110309,20110316,20110321,3578,1,3578
SO44182,BK-R93R-62,17299,20110309,20110316,20110321,3578,1,3578
SO44183,BK-R93R-62,28158,20110310,20110317,20110322,3578,1,3578
SO44184,BK-R93R-56,17247,20110310,20110317,20110322,3578,1,3578
SO44185,BK-R93R-62,17280,20110310,20110317,20110322,3578,1,3578
SO44186,BK-M82S-48,25889,20110312,20110319,20110324,3400,1,3400
SO44187,BK-R93R-52,17069,20110312,20110319,20110324,3578,1,3578
SO44188,BK-R50B-60,20052,20110313,20110320,20110325,699,1,699
SO44189,BK-R50R-60,20054,20110313,20110320,20110325,699,1,699
SO44190,BK-M82B-38,11061,20110313,20110320,20110325,3375,1,3375
SO44191,BK-R93R-62,17248,20110313,20110320,20110325,3578,1,3578
SO44192,BK-R93R-48,13570,20110314,20110321,20110326,3578,1,3578
SO44193,BK-R93R-48,28164,20110314,20110321,20110326,3578,1,3578
SO44194,BK-R93R-62,17064,20110314,20110321,20110326,3578,1,3578
SO44195,BK-R93R-52,17249,20110314,20110321,20110326,3578,1,3578
SO44196,BK-R93R-56,17295,20110314,20110321,20110326,3578,1,3578
SO44197,BK-R93R-48,28096,20110315,20110322,20110327,3578,1,3578
SO44198,BK-R93R-62,28150,20110315,20110322,20110327,3578,1,3578
SO44199,BK-R93R-52,17259,20110315,20110322,20110327,3578,1,3578
SO44200,BK-R93R-44,17312,20110315,20110322,20110327,3578,1,3578
SO44201,BK-R93R-52,12254,20110316,20110323,20110328,3578,1,3578
SO44202,BK-R93R-44,28159,20110316,20110323,20110328,3578,1,3578
SO44203,BK-R93R-48,28149,20110316,20110323,20110328,3578,1,3578
SO44204,BK-R50B-62,14580,20110316,20110323,20110328,699,1,699
SO44205,BK-R93R-48,17285,20110316,20110323,20110328,3578,1,3578
SO44206,BK-M82S-48,11250,20110317,20110324,20110329,3400,1,3400
SO44207,BK-R93R-52,28162,20110317,20110324,20110329,3578,1,3578
SO44208,BK-M82S-48,25879,20110317,20110324,20110329,3400,1,3400
SO44209,BK-R93R-44,17257,20110317,20110324,20110329,3578,1,3578
SO44210,BK-R93R-62,13783,20110318,20110325,20110330,3578,1,3578
SO44211,BK-R93R-52,28154,20110318,20110325,20110330,3578,1,3578
SO44212,BK-R93R-48,28170,20110318,20110325,20110330,3578,1,3578
SO44213,BK-R93R-62,17351,20110318,20110325,20110330,3578,1,3578
SO44214,BK-R93R-44,17332,20110318,20110325,20110330,3578,1,3578
SO44215,BK-R93R-48,28180,20110319,20110326,20110331,3578,1,3578
SO44216,BK-R93R-56,13560,20110319,20110326,20110331,3578,1,3578
SO44217,BK-R93R-62,28148,20110319,20110326,20110331,3578,1,3578
SO44218,BK-R93R-44,22109,20110319,20110326,20110331,3578,1,3578
SO44219,BK-R50B-44,14590,20110319,20110326,20110331,699,1,699
SO44220,BK-M82S-42,11060,20110319,20110326,20110331,3400,1,3400
SO44221,BK-R93R-56,17255,20110319,20110326,20110331,3578,1,3578
SO44222,BK-R93R-44,17258,20110319,20110326,20110331,3578,1,3578
SO44223,BK-R93R-62,13847,20110320,20110327,20110401,3578,1,3578
SO44224,BK-R93R-56,28166,20110320,20110327,20110401,3578,1,3578
SO44225,BK-R50R-60,20060,20110321,20110328,20110402,699,1,699
SO44226,BK-R93R-52,12255,20110321,20110328,20110402,3578,1,3578
SO44227,BK-M82B-42,28401,20110321,20110328,20110402,3375,1,3375
SO44228,BK-M82S-38,11333,20110321,20110328,20110402,3400,1,3400
SO44229,BK-M82S-38,25886,20110321,20110328,20110402,3400,1,3400
SO44230,BK-R93R-48,17241,20110321,20110328,20110402,3578,1,3578
SO44231,BK-R50B-60,17973,20110321,20110328,20110402,699,1,699
SO44232,BK-R93R-48,17334,20110321,20110328,20110402,3578,1,3578
SO44233,BK-R93R-62,13841,20110322,20110329,20110403,3578,1,3578
SO44234,BK-R93R-48,28184,20110322,20110329,20110403,3578,1,3578
SO44235,BK-R93R-52,22117,20110322,20110329,20110403,3578,1,3578
SO44236,BK-R93R-48,28191,20110322,20110329,20110403,3578,1,3578
SO44237,BK-R93R-62,17056,20110322,20110329,20110403,3578,1,3578
SO44238,BK-R93R-44,17079,20110322,20110329,20110403,3578,1,3578
SO44239,BK-R93R-44,12217,20110323,20110330,20110404,3578,1,3578
SO44240,BK-R93R-44,13580,20110323,20110330,20110404,3578,1,3578
SO44241,BK-R93R-52,28155,20110323,20110330,20110404,3578,1,3578
SO44242,BK-R93R-52,28163,20110323,20110330,20110404,3578,1,3578
SO44243,BK-R93R-48,17278,20110323,20110330,20110404,3578,1,3578
SO44244,BK-R93R-48,17329,20110323,20110330,20110404,3578,1,3578
SO44245,BK-R50R-52,25556,20110323,20110330,20110404,699,1,699
SO44246,BK-R93R-48,12219,20110324,20110331,20110405,3578,1,3578
SO44247,BK-R93R-62,17233,20110324,20110331,20110405,3578,1,3578
SO44248,BK-R93R-52,17240,20110324,20110331,20110405,3578,1,3578
SO44249,BK-R93R-52,13845,20110325,20110401,20110406,3578,1,3578
SO44250,BK-R93R-48,28167,20110325,20110401,20110406,3578,1,3578
SO44251,BK-R93R-44,28190,20110325,20110401,20110406,3578,1,3578
SO44252,BK-R93R-48,13777,20110326,20110402,20110407,3578,1,3578
SO44253,BK-R93R-62,28099,20110326,20110402,20110407,3578,1,3578
SO44254,BK-R93R-56,28142,20110326,20110402,20110407,3578,1,3578
SO44255,BK-R50B-48,14585,20110326,20110402,20110407,699,1,699
SO44256,BK-R93R-48,17232,20110326,20110402,20110407,3578,1,3578
SO44257,BK-R93R-52,12212,20110327,20110403,20110408,3578,1,3578
SO44258,BK-R93R-62,13579,20110327,20110403,20110408,3578,1,3578
SO44259,BK-R93R-48,28171,20110327,20110403,20110408,3578,1,3578
SO44260,BK-R93R-48,28194,20110327,20110403,20110408,3578,1,3578
SO44261,BK-R93R-48,22112,20110327,20110403,20110408,3578,1,3578
SO44262,BK-R50R-60,20149,20110327,20110403,20110408,699,1,699
SO44263,BK-R93R-62,17279,20110327,20110403,20110408,3578,1,3578
SO44264,BK-R93R-52,17286,20110327,20110403,20110408,3578,1,3578
SO44265,BK-R50R-58,25557,20110327,20110403,20110408,699,1,699
SO44266,BK-R50B-62,25559,20110327,20110403,20110408,699,1,699
SO44267,BK-R50B-62,19339,20110328,20110404,20110409,699,1,699
SO44268,BK-R93R-48,13820,20110328,20110404,20110409,3578,1,3578
SO44269,BK-R50R-44,14589,20110329,20110405,20110410,699,1,699
SO44270,BK-R93R-56,13794,20110330,20110406,20110411,3578,1,3578
SO44271,BK-R93R-56,13846,20110330,20110406,20110411,3578,1,3578
SO44272,BK-R93R-44,12256,20110330,20110406,20110411,3578,1,3578
SO44273,BK-R93R-44,28147,20110330,20110406,20110411,3578,1,3578
SO44274,BK-R93R-56,28152,20110330,20110406,20110411,3578,1,3578
SO44275,BK-R93R-44,17256,20110330,20110406,20110411,3578,1,3578
SO44276,BK-R93R-52,17277,20110330,20110406,20110411,3578,1,3578
SO44277,BK-R93R-44,17288,20110330,20110406,20110411,3578,1,3578
SO44278,BK-R93R-62,17293,20110330,20110406,20110411,3578,1,3578
SO44279,BK-R93R-52,17326,20110330,20110406,20110411,3578,1,3578
SO44320,BK-R93R-56,14429,20110331,20110407,20110412,3578,1,3578
SO44321,BK-R93R-44,28222,20110331,20110407,20110412,3578,1,3578
SO44322,BK-R50R-48,17975,20110331,20110407,20110412,699,1,699
SO44323,BK-M82S-38,11072,20110331,20110407,20110412,3400,1,3400
SO44324,BK-R93R-44,12267,20110401,20110408,20110413,3578,1,3578
SO44325,BK-M82B-48,11095,20110401,20110408,20110413,3375,1,3375
SO44326,BK-R93R-48,17728,20110401,20110408,20110413,3578,1,3578
SO44327,BK-R93R-56,28598,20110402,20110409,20110414,3578,1,3578
SO44328,BK-R93R-62,17921,20110402,20110409,20110414,3578,1,3578
SO44329,BK-R93R-44,17904,20110402,20110409,20110414,3578,1,3578
SO44330,BK-R93R-48,28199,20110402,20110409,20110414,3578,1,3578
SO44331,BK-R93R-44,28257,20110403,20110410,20110415,3578,1,3578
SO44332,BK-R93R-62,17510,20110403,20110410,20110415,3578,1,3578
SO44333,BK-M82S-42,11343,20110404,20110411,20110416,3400,1,3400
SO44334,BK-R93R-44,28273,20110404,20110411,20110416,3578,1,3578
SO44335,BK-R50R-62,20165,20110404,20110411,20110416,699,1,699
SO44336,BK-M82S-42,25895,20110404,20110411,20110416,3400,1,3400
SO44337,BK-M82B-48,11097,20110404,20110411,20110416,3375,1,3375
SO44338,BK-R93R-56,18188,20110404,20110411,20110416,3578,1,3578
SO44339,BK-R93R-44,18189,20110404,20110411,20110416,3578,1,3578
SO44340,BK-R93R-56,17354,20110404,20110411,20110416,3578,1,3578
SO44341,BK-M82B-38,25905,20110405,20110412,20110417,3375,1,3375
SO44342,BK-R50R-58,14610,20110405,20110412,20110417,699,1,699
SO44343,BK-R93R-56,17920,20110405,20110412,20110417,3578,1,3578
SO44344,BK-R93R-62,14427,20110406,20110413,20110418,3578,1,3578
SO44345,BK-R93R-52,28200,20110406,20110413,20110418,3578,1,3578
SO44346,BK-R50B-62,14602,20110406,20110413,20110418,699,1,699
SO44347,BK-R93R-48,17911,20110406,20110413,20110418,3578,1,3578
SO44348,BK-R93R-52,14159,20110407,20110414,20110419,3578,1,3578
SO44349,BK-R93R-44,28243,20110407,20110414,20110419,3578,1,3578
SO44350,BK-R93R-48,28244,20110407,20110414,20110419,3578,1,3578
SO44351,BK-R93R-56,28271,20110407,20110414,20110419,3578,1,3578
SO44352,BK-R93R-44,28297,20110407,20110414,20110419,3578,1,3578
SO44353,BK-R50R-44,14591,20110407,20110414,20110419,699,1,699
SO44354,BK-R50B-62,14603,20110407,20110414,20110419,699,1,699
SO44355,BK-M82S-48,11093,20110407,20110414,20110419,3400,1,3400
SO44356,BK-M82S-42,11099,20110407,20110414,20110419,3400,1,3400
SO44357,BK-R93R-62,17511,20110407,20110414,20110419,3578,1,3578
SO44358,BK-R93R-62,17732,20110407,20110414,20110419,3578,1,3578
SO44359,BK-R93R-44,14525,20110408,20110415,20110420,3578,1,3578
SO44360,BK-R93R-44,14158,20110408,20110415,20110420,3578,1,3578
SO44361,BK-R93R-62,13686,20110408,20110415,20110420,3578,1,3578
SO44362,BK-R93R-62,28259,20110408,20110415,20110420,3578,1,3578
SO44363,BK-R93R-48,28285,20110408,20110415,20110420,3578,1,3578
SO44364,BK-M82B-38,11092,20110408,20110415,20110420,3375,1,3375
SO44365,BK-R93R-52,17912,20110408,20110415,20110420,3578,1,3578
SO44366,BK-R93R-52,17502,20110408,20110415,20110420,3578,1,3578
SO44367,BK-R50R-48,25562,20110408,20110415,20110420,699,1,699
SO44368,BK-R93R-56,14150,20110409,20110416,20110421,3578,1,3578
SO44369,BK-R93R-62,28250,20110409,20110416,20110421,3578,1,3578
SO44370,BK-R93R-52,18193,20110409,20110416,20110421,3578,1,3578
SO44371,BK-R93R-44,17514,20110409,20110416,20110421,3578,1,3578
SO44372,BK-R93R-62,17736,20110409,20110416,20110421,3578,1,3578
SO44373,BK-R93R-62,13767,20110410,20110417,20110422,3578,1,3578
SO44374,BK-R93R-62,14157,20110410,20110417,20110422,3578,1,3578
SO44375,BK-R93R-62,14183,20110410,20110417,20110422,3578,1,3578
SO44376,BK-M82B-42,29399,20110410,20110417,20110422,3375,1,3375
SO44377,BK-R93R-62,28234,20110410,20110417,20110422,3578,1,3578
SO44378,BK-M82B-42,25903,20110410,20110417,20110422,3375,1,3375
SO44379,BK-M82B-48,11080,20110410,20110417,20110422,3375,1,3375
SO44380,BK-R93R-62,17915,20110410,20110417,20110422,3578,1,3578
SO44381,BK-R93R-52,14191,20110411,20110418,20110423,3578,1,3578
SO44382,BK-M82S-48,11341,20110411,20110418,20110423,3400,1,3400
SO44383,BK-R93R-62,28268,20110411,20110418,20110423,3578,1,3578
SO44384,BK-R93R-44,28296,20110411,20110418,20110423,3578,1,3578
SO44385,BK-R93R-56,28298,20110411,20110418,20110423,3578,1,3578
SO44386,BK-R93R-48,28587,20110411,20110418,20110423,3578,1,3578
SO44387,BK-M82B-48,11096,20110411,20110418,20110423,3375,1,3375
SO44388,BK-R93R-62,17924,20110411,20110418,20110423,3578,1,3578
SO44389,BK-R93R-52,17925,20110411,20110418,20110423,3578,1,3578
SO44390,BK-R93R-56,17353,20110411,20110418,20110423,3578,1,3578
SO44391,BK-R93R-52,17730,20110411,20110418,20110423,3578,1,3578
SO44392,BK-R93R-56,17910,20110411,20110418,20110423,3578,1,3578
SO44393,BK-M82S-42,29398,20110412,20110419,20110424,3400,1,3400
SO44394,BK-R93R-52,28246,20110412,20110419,20110424,3578,1,3578
SO44395,BK-R93R-56,28339,20110412,20110419,20110424,3578,1,3578
SO44396,BK-M82S-42,25901,20110412,20110419,20110424,3400,1,3400
SO44397,BK-R50R-52,14596,20110412,20110419,20110424,699,1,699
SO44398,BK-R93R-48,17733,20110412,20110419,20110424,3578,1,3578
SO44399,BK-R93R-44,28240,20110413,20110420,20110425,3578,1,3578
SO44400,BK-R93R-48,28588,20110413,20110420,20110425,3578,1,3578
SO44401,BK-R93R-48,17515,20110413,20110420,20110425,3578,1,3578
SO44402,BK-R93R-56,13666,20110414,20110421,20110426,3578,1,3578
SO44403,BK-M82B-44,19844,20110414,20110421,20110426,3375,1,3375
SO44404,BK-R93R-56,28221,20110415,20110422,20110427,3578,1,3578
SO44405,BK-R93R-62,28224,20110415,20110422,20110427,3578,1,3578
SO44406,BK-R93R-52,28299,20110415,20110422,20110427,3578,1,3578
SO44407,BK-M82B-48,11077,20110415,20110422,20110427,3375,1,3375
SO44408,BK-M82B-48,11103,20110415,20110422,20110427,3375,1,3375
SO44409,BK-R50R-58,25563,20110415,20110422,20110427,699,1,699
SO44410,BK-R93R-62,28223,20110416,20110423,20110428,3578,1,3578
SO44411,BK-R93R-48,28584,20110416,20110423,20110428,3578,1,3578
SO44412,BK-M82B-42,11100,20110416,20110423,20110428,3375,1,3375
SO44413,BK-R93R-62,13606,20110417,20110424,20110429,3578,1,3578
SO44414,BK-R93R-44,28340,20110417,20110424,20110429,3578,1,3578
SO44415,BK-R93R-48,28355,20110417,20110424,20110429,3578,1,3578
SO44416,BK-M82S-42,11069,20110417,20110424,20110429,3400,1,3400
SO44417,BK-R93R-44,17917,20110417,20110424,20110429,3578,1,3578
SO44418,BK-R93R-44,17919,20110417,20110424,20110429,3578,1,3578
SO44419,BK-R93R-62,17352,20110417,20110424,20110429,3578,1,3578
SO44420,BK-R93R-44,17512,20110417,20110424,20110429,3578,1,3578
SO44421,BK-R93R-52,13607,20110418,20110425,20110430,3578,1,3578
SO44422,BK-R50R-44,19353,20110418,20110425,20110430,699,1,699
SO44423,BK-R93R-52,28586,20110418,20110425,20110430,3578,1,3578
SO44424,BK-R93R-48,17916,20110418,20110425,20110430,3578,1,3578
SO44425,BK-R93R-44,17504,20110418,20110425,20110430,3578,1,3578
SO44426,BK-R93R-56,13770,20110419,20110426,20110501,3578,1,3578
SO44427,BK-R93R-56,14146,20110419,20110426,20110501,3578,1,3578
SO44428,BK-R93R-52,28362,20110419,20110426,20110501,3578,1,3578
SO44429,BK-R93R-56,28583,20110419,20110426,20110501,3578,1,3578
SO44430,BK-R93R-52,17927,20110419,20110426,20110501,3578,1,3578
SO44431,BK-R93R-48,17725,20110419,20110426,20110501,3578,1,3578
SO44432,BK-R93R-56,14165,20110420,20110427,20110502,3578,1,3578
SO44433,BK-R93R-48,28270,20110420,20110427,20110502,3578,1,3578
SO44434,BK-R93R-62,28580,20110420,20110427,20110502,3578,1,3578
SO44435,BK-R93R-48,28573,20110421,20110428,20110503,3578,1,3578
SO44436,BK-R50R-60,26630,20110421,20110428,20110503,699,1,699
SO44437,BK-M82S-38,11076,20110421,20110428,20110503,3400,1,3400
SO44438,BK-R93R-48,17909,20110421,20110428,20110503,3578,1,3578
SO44439,BK-R93R-62,14195,20110422,20110429,20110504,3578,1,3578
SO44440,BK-R93R-48,12261,20110422,20110429,20110504,3578,1,3578
SO44441,BK-R93R-48,22118,20110422,20110429,20110504,3578,1,3578
SO44442,BK-R50B-60,14599,20110422,20110429,20110504,699,1,699
SO44443,BK-R93R-62,17370,20110422,20110429,20110504,3578,1,3578
SO44444,BK-R93R-44,13697,20110424,20110501,20110506,3578,1,3578
SO44445,BK-R93R-56,17478,20110425,20110502,20110507,3578,1,3578
SO44446,BK-R93R-52,17914,20110425,20110502,20110507,3578,1,3578
SO44447,BK-R93R-48,12265,20110426,20110503,20110508,3578,1,3578
SO44448,BK-R93R-44,28264,20110426,20110503,20110508,3578,1,3578
SO44449,BK-R93R-48,28293,20110426,20110503,20110508,3578,1,3578
SO44450,BK-R93R-62,28294,20110426,20110503,20110508,3578,1,3578
SO44451,BK-R93R-52,28295,20110426,20110503,20110508,3578,1,3578
SO44452,BK-R50B-58,20164,20110426,20110503,20110508,699,1,699
SO44453,BK-R93R-62,17923,20110426,20110503,20110508,3578,1,3578
SO44454,BK-R93R-62,17926,20110426,20110503,20110508,3578,1,3578
SO44455,BK-R93R-48,17513,20110426,20110503,20110508,3578,1,3578
SO44456,BK-R50R-58,25560,20110426,20110503,20110508,699,1,699
SO44457,BK-R93R-44,28196,20110427,20110504,20110509,3578,1,3578
SO44458,BK-R93R-56,28247,20110427,20110504,20110509,3578,1,3578
SO44459,BK-R93R-56,28288,20110427,20110504,20110509,3578,1,3578
SO44460,BK-R50B-60,20150,20110427,20110504,20110509,699,1,699
SO44461,BK-R93R-52,17918,20110427,20110504,20110509,3578,1,3578
SO44462,BK-R93R-44,14155,20110428,20110505,20110510,3578,1,3578
SO44463,BK-R50B-58,19340,20110428,20110505,20110510,699,1,699
SO44464,BK-R93R-56,22120,20110428,20110505,20110510,3578,1,3578
SO44465,BK-R50R-58,14613,20110428,20110505,20110510,699,1,699
SO44466,BK-R50B-60,26640,20110428,20110505,20110510,699,1,699
SO44467,BK-M82S-44,11070,20110428,20110505,20110510,3400,1,3400
SO44468,BK-M82B-48,11075,20110428,20110505,20110510,3375,1,3375
SO44469,BK-R93R-56,17734,20110428,20110505,20110510,3578,1,3578
SO44470,BK-R93R-52,17735,20110428,20110505,20110510,3578,1,3578
SO44471,BK-R50R-60,25561,20110428,20110505,20110510,699,1,699
SO44472,BK-R93R-48,13685,20110429,20110506,20110511,3578,1,3578
SO44473,BK-R93R-48,28255,20110429,20110506,20110511,3578,1,3578
SO44474,BK-R50R-52,14601,20110429,20110506,20110511,699,1,699
SO44475,BK-M82S-42,11101,20110429,20110506,20110511,3400,1,3400
SO44476,BK-R93R-56,17913,20110429,20110506,20110511,3578,1,3578
SO44477,BK-R93R-62,17922,20110429,20110506,20110511,3578,1,3578
SO44478,BK-R93R-56,17726,20110429,20110506,20110511,3578,1,3578
SO44479,BK-M82B-44,29391,20110430,20110507,20110512,3375,1,3375
SO44480,BK-M82B-44,25891,20110430,20110507,20110512,3375,1,3375
SO44571,BK-M82S-48,29448,20110501,20110508,20110513,3400,1,3400
SO44572,BK-R93R-56,28664,20110501,20110508,20110513,3578,1,3578
SO44573,BK-M82S-48,25917,20110501,20110508,20110513,3400,1,3400
SO44574,BK-M82B-42,11107,20110501,20110508,20110513,3375,1,3375
SO44575,BK-M82S-38,11110,20110501,20110508,20110513,3400,1,3400
SO44576,BK-R93R-52,28660,20110501,20110508,20110513,3578,1,3578
SO44577,BK-R93R-56,28667,20110502,20110509,20110514,3578,1,3578
SO44578,BK-R93R-56,28653,20110502,20110509,20110514,3578,1,3578
SO44579,BK-R93R-48,28662,20110502,20110509,20110514,3578,1,3578
SO44580,BK-R93R-56,13782,20110503,20110510,20110515,3578,1,3578
SO44581,BK-M82B-38,11108,20110503,20110510,20110515,3375,1,3375
SO44582,BK-M82S-44,11134,20110503,20110510,20110515,3400,1,3400
SO44583,BK-R93R-62,18210,20110503,20110510,20110515,3578,1,3578
SO44584,BK-R93R-52,28671,20110504,20110511,20110516,3578,1,3578
SO44585,BK-R93R-48,28790,20110504,20110511,20110516,3578,1,3578
SO44586,BK-R93R-56,28794,20110504,20110511,20110516,3578,1,3578
SO44587,BK-R93R-44,28627,20110504,20110511,20110516,3578,1,3578
SO44588,BK-R50B-52,26683,20110504,20110511,20110516,699,1,699
SO44589,BK-M82S-44,11104,20110504,20110511,20110516,3400,1,3400
SO44590,BK-R93R-62,13795,20110505,20110512,20110517,3578,1,3578
SO44591,BK-R50R-52,17987,20110505,20110512,20110517,699,1,699
SO44592,BK-R93R-56,28761,20110505,20110512,20110517,3578,1,3578
SO44593,BK-R93R-52,28645,20110505,20110512,20110517,3578,1,3578
SO44594,BK-R93R-62,18250,20110505,20110512,20110517,3578,1,3578
SO44595,BK-M82S-42,11124,20110505,20110512,20110517,3400,1,3400
SO44596,BK-R93R-52,18238,20110505,20110512,20110517,3578,1,3578
SO44597,BK-R93R-62,12290,20110506,20110513,20110518,3578,1,3578
SO44598,BK-M82B-38,29400,20110506,20110513,20110518,3375,1,3375
SO44599,BK-R93R-62,28792,20110506,20110513,20110518,3578,1,3578
SO44600,BK-R93R-56,18243,20110506,20110513,20110518,3578,1,3578
SO44601,BK-M82S-42,11117,20110506,20110513,20110518,3400,1,3400
SO44602,BK-R93R-56,14702,20110507,20110514,20110519,3578,1,3578
SO44603,BK-R50B-52,20167,20110507,20110514,20110519,699,1,699
SO44604,BK-R50R-60,19364,20110507,20110514,20110519,699,1,699
SO44605,BK-R93R-56,28672,20110507,20110514,20110519,3578,1,3578
SO44606,BK-R93R-52,28772,20110507,20110514,20110519,3578,1,3578
SO44607,BK-R93R-62,28774,20110507,20110514,20110519,3578,1,3578
SO44608,BK-R93R-52,18200,20110507,20110514,20110519,3578,1,3578
SO44609,BK-R93R-44,18220,20110507,20110514,20110519,3578,1,3578
SO44610,BK-R93R-52,18241,20110507,20110514,20110519,3578,1,3578
SO44611,BK-R93R-56,13778,20110508,20110515,20110520,3578,1,3578
SO44612,BK-R93R-44,28675,20110508,20110515,20110520,3578,1,3578
SO44613,BK-R93R-52,28628,20110508,20110515,20110520,3578,1,3578
SO44614,BK-R93R-48,28650,20110508,20110515,20110520,3578,1,3578
SO44615,BK-R93R-56,28654,20110508,20110515,20110520,3578,1,3578
SO44616,BK-R93R-56,28655,20110508,20110515,20110520,3578,1,3578
SO44617,BK-R93R-52,28666,20110508,20110515,20110520,3578,1,3578
SO44618,BK-R93R-56,18205,20110508,20110515,20110520,3578,1,3578
SO44619,BK-R93R-48,13789,20110509,20110516,20110521,3578,1,3578
SO44620,BK-R93R-48,18204,20110509,20110516,20110521,3578,1,3578
SO44621,BK-R93R-52,18217,20110509,20110516,20110521,3578,1,3578
SO44622,BK-R93R-44,13771,20110509,20110516,20110521,3578,1,3578
SO44623,BK-R93R-48,12301,20110510,20110517,20110522,3578,1,3578
SO44624,BK-R50B-52,19357,20110510,20110517,20110522,699,1,699
SO44625,BK-R93R-56,28658,20110510,20110517,20110522,3578,1,3578
SO44626,BK-R93R-52,18272,20110510,20110517,20110522,3578,1,3578
SO44627,BK-M82B-42,11109,20110510,20110517,20110522,3375,1,3375
SO44628,BK-M82B-38,11356,20110510,20110517,20110522,3375,1,3375
SO44629,BK-R93R-44,18209,20110510,20110517,20110522,3578,1,3578
SO44630,BK-R93R-48,28765,20110511,20110518,20110523,3578,1,3578
SO44631,BK-R93R-62,28629,20110511,20110518,20110523,3578,1,3578
SO44632,BK-R93R-56,18196,20110511,20110518,20110523,3578,1,3578
SO44633,BK-R93R-62,18203,20110511,20110518,20110523,3578,1,3578
SO44634,BK-R93R-44,18213,20110511,20110518,20110523,3578,1,3578
SO44635,BK-R93R-62,18218,20110511,20110518,20110523,3578,1,3578
SO44636,BK-R93R-56,14705,20110512,20110519,20110524,3578,1,3578
SO44637,BK-R93R-44,28644,20110512,20110519,20110524,3578,1,3578
SO44638,BK-R93R-62,28651,20110512,20110519,20110524,3578,1,3578
SO44639,BK-R50R-52,14617,20110512,20110519,20110524,699,1,699
SO44640,BK-R93R-52,18246,20110512,20110519,20110524,3578,1,3578
SO44641,BK-R93R-52,18255,20110512,20110519,20110524,3578,1,3578
SO44642,BK-R50R-52,25567,20110512,20110519,20110524,699,1,699
SO44643,BK-R93R-56,12280,20110513,20110520,20110525,3578,1,3578
SO44644,BK-R93R-44,12279,20110513,20110520,20110525,3578,1,3578
SO44645,BK-M82S-38,11344,20110513,20110520,20110525,3400,1,3400
SO44646,BK-M82S-38,29449,20110513,20110520,20110525,3400,1,3400
SO44647,BK-R93R-48,28770,20110513,20110520,20110525,3578,1,3578
SO44648,BK-M82S-38,25916,20110513,20110520,20110525,3400,1,3400
SO44649,BK-M82S-38,25924,20110513,20110520,20110525,3400,1,3400
SO44650,BK-M82B-48,11147,20110513,20110520,20110525,3375,1,3375
SO44651,BK-R93R-52,14720,20110514,20110521,20110526,3578,1,3578
SO44652,BK-M82B-44,28407,20110514,20110521,20110526,3375,1,3375
SO44653,BK-R50R-44,20170,20110514,20110521,20110526,699,1,699
SO44654,BK-R93R-52,28619,20110514,20110521,20110526,3578,1,3578
SO44655,BK-M82S-44,11105,20110514,20110521,20110526,3400,1,3400
SO44656,BK-R93R-44,18275,20110514,20110521,20110526,3578,1,3578
SO44657,BK-M82B-44,11120,20110514,20110521,20110526,3375,1,3375
SO44658,BK-R93R-48,18201,20110514,20110521,20110526,3578,1,3578
SO44659,BK-R93R-52,18208,20110514,20110521,20110526,3578,1,3578
SO44660,BK-R93R-62,28775,20110515,20110522,20110527,3578,1,3578
SO44661,BK-R50B-62,14639,20110515,20110522,20110527,699,1,699
SO44662,BK-M82B-42,11151,20110515,20110522,20110527,3375,1,3375
SO44663,BK-R93R-52,18212,20110515,20110522,20110527,3578,1,3578
SO44664,BK-R93R-44,18222,20110515,20110522,20110527,3578,1,3578
SO44665,BK-R50B-60,25564,20110515,20110522,20110527,699,1,699
SO44666,BK-R93R-52,28763,20110516,20110523,20110528,3578,1,3578
SO44667,BK-R93R-62,28795,20110516,20110523,20110528,3578,1,3578
SO44668,BK-R93R-52,28621,20110516,20110523,20110528,3578,1,3578
SO44669,BK-M82B-44,25942,20110516,20110523,20110528,3375,1,3375
SO44670,BK-R93R-52,18245,20110516,20110523,20110528,3578,1,3578
SO44671,BK-R93R-44,18268,20110516,20110523,20110528,3578,1,3578
SO44672,BK-R93R-62,18207,20110516,20110523,20110528,3578,1,3578
SO44673,BK-R93R-56,13790,20110517,20110524,20110529,3578,1,3578
SO44674,BK-R93R-56,28635,20110517,20110524,20110529,3578,1,3578
SO44675,BK-R50B-62,25566,20110517,20110524,20110529,699,1,699
SO44676,BK-R93R-48,18198,20110517,20110524,20110529,3578,1,3578
SO44677,BK-R93R-62,22233,20110518,20110525,20110530,3578,1,3578
SO44678,BK-R93R-62,22121,20110518,20110525,20110530,3578,1,3578
SO44679,BK-M82S-44,11106,20110518,20110525,20110530,3400,1,3400
SO44680,BK-R93R-48,12296,20110519,20110526,20110531,3578,1,3578
SO44681,BK-R50B-52,17982,20110519,20110526,20110531,699,1,699
SO44682,BK-R93R-62,28797,20110519,20110526,20110531,3578,1,3578
SO44683,BK-R93R-48,28799,20110519,20110526,20110531,3578,1,3578
SO44684,BK-R93R-62,28643,20110519,20110526,20110531,3578,1,3578
SO44685,BK-R93R-62,18249,20110519,20110526,20110531,3578,1,3578
SO44686,BK-R93R-52,14712,20110520,20110527,20110601,3578,1,3578
SO44687,BK-R50B-52,20172,20110520,20110527,20110601,699,1,699
SO44688,BK-R93R-62,18244,20110520,20110527,20110601,3578,1,3578
SO44689,BK-R93R-62,18269,20110520,20110527,20110601,3578,1,3578
SO44690,BK-M82S-38,11111,20110520,20110527,20110601,3400,1,3400
SO44691,BK-M82S-44,28414,20110521,20110528,20110602,3400,1,3400
SO44692,BK-R93R-44,28670,20110521,20110528,20110602,3578,1,3578
SO44693,BK-R93R-44,28676,20110521,20110528,20110602,3578,1,3578
SO44694,BK-R93R-44,22232,20110521,20110528,20110602,3578,1,3578
SO44695,BK-M82S-44,19855,20110521,20110528,20110602,3400,1,3400
SO44696,BK-R93R-52,18254,20110521,20110528,20110602,3578,1,3578
SO44697,BK-R93R-62,18219,20110522,20110529,20110603,3578,1,3578
SO44698,BK-R50R-44,25565,20110522,20110529,20110603,699,1,699
SO44699,BK-R93R-52,22234,20110523,20110530,20110604,3578,1,3578
SO44700,BK-R93R-56,28769,20110523,20110530,20110604,3578,1,3578
SO44701,BK-R50B-62,14636,20110523,20110530,20110604,699,1,699
SO44702,BK-R93R-56,18260,20110523,20110530,20110604,3578,1,3578
SO44703,BK-R93R-44,12300,20110524,20110531,20110605,3578,1,3578
SO44704,BK-M82B-44,29403,20110524,20110531,20110605,3375,1,3375
SO44705,BK-R93R-44,28678,20110524,20110531,20110605,3578,1,3578
SO44706,BK-R93R-44,28618,20110524,20110531,20110605,3578,1,3578
SO44707,BK-R93R-44,28649,20110524,20110531,20110605,3578,1,3578
SO44708,BK-M82B-44,25909,20110524,20110531,20110605,3375,1,3375
SO44709,BK-R93R-44,18240,20110524,20110531,20110605,3578,1,3578
SO44710,BK-R93R-52,28674,20110525,20110601,20110606,3578,1,3578
SO44711,BK-R93R-62,18248,20110525,20110601,20110606,3578,1,3578
SO44712,BK-M82B-38,11112,20110525,20110601,20110606,3375,1,3375
SO44713,BK-R93R-52,22128,20110526,20110602,20110607,3578,1,3578
SO44714,BK-R93R-52,28657,20110526,20110602,20110607,3578,1,3578
SO44715,BK-R93R-56,22182,20110526,20110602,20110607,3578,1,3578
SO44716,BK-R93R-56,22230,20110526,20110602,20110607,3578,1,3578
SO44717,BK-R50B-62,14616,20110526,20110602,20110607,699,1,699
SO44718,BK-R93R-56,18239,20110526,20110602,20110607,3578,1,3578
SO44719,BK-R93R-52,14700,20110527,20110603,20110608,3578,1,3578
SO44720,BK-R93R-44,28625,20110527,20110603,20110608,3578,1,3578
SO44721,BK-R50B-52,26643,20110527,20110603,20110608,699,1,699
SO44722,BK-R93R-62,13774,20110528,20110604,20110609,3578,1,3578
SO44723,BK-M82S-42,29410,20110528,20110604,20110609,3400,1,3400
SO44724,BK-R93R-56,28665,20110528,20110604,20110609,3578,1,3578
SO44725,BK-M82S-42,25910,20110528,20110604,20110609,3400,1,3400
SO44726,BK-R50B-58,14614,20110528,20110604,20110609,699,1,699
SO44727,BK-R93R-52,18273,20110528,20110604,20110609,3578,1,3578
SO44728,BK-M82S-38,11126,20110528,20110604,20110609,3400,1,3400
SO44729,BK-R93R-62,12307,20110529,20110605,20110610,3578,1,3578
SO44730,BK-R93R-44,14697,20110529,20110605,20110610,3578,1,3578
SO44731,BK-R93R-48,28661,20110529,20110605,20110610,3578,1,3578
SO44732,BK-R93R-48,18251,20110529,20110605,20110610,3578,1,3578
SO44733,BK-R93R-52,18214,20110529,20110605,20110610,3578,1,3578
SO44734,BK-R93R-52,12285,20110530,20110606,20110611,3578,1,3578
SO44735,BK-R93R-44,28673,20110530,20110606,20110611,3578,1,3578
SO44736,BK-R50R-48,14634,20110530,20110606,20110611,699,1,699
SO44737,BK-R93R-56,18242,20110530,20110606,20110611,3578,1,3578
SO44738,BK-R93R-52,18252,20110530,20110606,20110611,3578,1,3578
SO44739,BK-R93R-48,18202,20110530,20110606,20110611,3578,1,3578
SO44803,BK-R93R-62,12383,20110531,20110607,20110612,3578,1,3578
SO44804,BK-R93R-62,28829,20110531,20110607,20110612,3578,1,3578
SO44805,BK-R93R-56,29011,20110531,20110607,20110612,3578,1,3578
SO44806,BK-R93R-44,18452,20110531,20110607,20110612,3578,1,3578
SO44807,BK-M82B-44,11365,20110531,20110607,20110612,3375,1,3375
SO44808,BK-R93R-44,13836,20110601,20110608,20110613,3578,1,3578
SO44809,BK-R50B-52,20552,20110601,20110608,20110613,699,1,699
SO44810,BK-R93R-44,29126,20110601,20110608,20110613,3578,1,3578
SO44811,BK-R93R-44,22732,20110601,20110608,20110613,3578,1,3578
SO44812,BK-R93R-56,28988,20110601,20110608,20110613,3578,1,3578
SO44813,BK-R93R-48,18695,20110601,20110608,20110613,3578,1,3578
SO44814,BK-R93R-52,18281,20110601,20110608,20110613,3578,1,3578
SO44815,BK-M82B-48,11444,20110601,20110608,20110613,3375,1,3375
SO44816,BK-R93R-48,12321,20110602,20110609,20110614,3578,1,3578
SO44817,BK-R93R-48,14777,20110602,20110609,20110614,3578,1,3578
SO44818,BK-R93R-52,28827,20110602,20110609,20110614,3578,1,3578
SO44819,BK-R93R-52,28853,20110602,20110609,20110614,3578,1,3578
SO44820,BK-M82B-44,25972,20110602,20110609,20110614,3375,1,3375
SO44821,BK-M82S-42,25975,20110602,20110609,20110614,3400,1,3400
SO44822,BK-R93R-44,18486,20110602,20110609,20110614,3578,1,3578
SO44823,BK-R93R-52,18488,20110602,20110609,20110614,3578,1,3578
SO44824,BK-R93R-48,18694,20110602,20110609,20110614,3578,1,3578
SO44825,BK-R93R-48,18309,20110602,20110609,20110614,3578,1,3578
SO44826,BK-R93R-56,12308,20110603,20110610,20110615,3578,1,3578
SO44827,BK-M82S-38,25973,20110603,20110610,20110615,3400,1,3400
SO44828,BK-R93R-48,28997,20110603,20110610,20110615,3578,1,3578
SO44829,BK-R50B-60,14643,20110603,20110610,20110615,699,1,699
SO44830,BK-R93R-56,18337,20110603,20110610,20110615,3578,1,3578
SO44831,BK-M82B-44,29467,20110604,20110611,20110616,3375,1,3375
SO44832,BK-R93R-44,28804,20110604,20110611,20110616,3578,1,3578
SO44833,BK-R93R-62,28842,20110604,20110611,20110616,3578,1,3578
SO44834,BK-M82B-44,25952,20110604,20110611,20110616,3375,1,3375
SO44835,BK-R93R-44,18338,20110604,20110611,20110616,3578,1,3578
SO44836,BK-R93R-56,18465,20110604,20110611,20110616,3578,1,3578
SO44837,BK-R93R-48,13808,20110605,20110612,20110617,3578,1,3578
SO44838,BK-R93R-44,14138,20110605,20110612,20110617,3578,1,3578
SO44839,BK-R93R-56,28825,20110605,20110612,20110617,3578,1,3578
SO44840,BK-R93R-56,28857,20110605,20110612,20110617,3578,1,3578
SO44841,BK-R93R-56,18335,20110605,20110612,20110617,3578,1,3578
SO44842,BK-R93R-62,14140,20110606,20110613,20110618,3578,1,3578
SO44843,BK-R93R-48,29058,20110606,20110613,20110618,3578,1,3578
SO44844,BK-R93R-56,29139,20110606,20110613,20110618,3578,1,3578
SO44845,BK-R93R-52,28845,20110606,20110613,20110618,3578,1,3578
SO44846,BK-R93R-56,18334,20110606,20110613,20110618,3578,1,3578
SO44847,BK-M82S-44,11445,20110606,20110613,20110618,3400,1,3400
SO44848,BK-M82B-38,28418,20110607,20110614,20110619,3375,1,3375
SO44849,BK-R50R-60,17996,20110607,20110614,20110619,699,1,699
SO44850,BK-R50B-62,19417,20110607,20110614,20110619,699,1,699
SO44851,BK-R93R-62,22299,20110607,20110614,20110619,3578,1,3578
SO44852,BK-R93R-44,29128,20110607,20110614,20110619,3578,1,3578
SO44853,BK-M82B-38,19874,20110607,20110614,20110619,3375,1,3375
SO44854,BK-R93R-44,29004,20110607,20110614,20110619,3578,1,3578
SO44855,BK-R50R-58,26692,20110607,20110614,20110619,699,1,699
SO44856,BK-R50R-48,14651,20110607,20110614,20110619,699,1,699
SO44857,BK-R93R-62,18484,20110607,20110614,20110619,3578,1,3578
SO44858,BK-R93R-48,18487,20110607,20110614,20110619,3578,1,3578
SO44859,BK-R93R-62,18495,20110607,20110614,20110619,3578,1,3578
SO44860,BK-R93R-62,18693,20110607,20110614,20110619,3578,1,3578
SO44861,BK-R93R-56,18288,20110607,20110614,20110619,3578,1,3578
SO44862,BK-R93R-52,18457,20110607,20110614,20110619,3578,1,3578
SO44863,BK-R93R-62,18467,20110607,20110614,20110619,3578,1,3578
SO44864,BK-M82B-38,11364,20110607,20110614,20110619,3375,1,3375
SO44865,BK-M82B-48,11372,20110607,20110614,20110619,3375,1,3375
SO44866,BK-M82B-44,11443,20110607,20110614,20110619,3375,1,3375
SO44867,BK-R93R-52,14793,20110608,20110615,20110620,3578,1,3578
SO44868,BK-R93R-52,28852,20110608,20110615,20110620,3578,1,3578
SO44869,BK-R93R-48,18700,20110608,20110615,20110620,3578,1,3578
SO44870,BK-R93R-44,18301,20110608,20110615,20110620,3578,1,3578
SO44871,BK-M82S-42,11363,20110608,20110615,20110620,3400,1,3400
SO44872,BK-R93R-48,29111,20110609,20110616,20110621,3578,1,3578
SO44873,BK-R93R-48,28828,20110609,20110616,20110621,3578,1,3578
SO44874,BK-R50R-58,18004,20110610,20110617,20110622,699,1,699
SO44875,BK-R93R-52,29048,20110610,20110617,20110622,3578,1,3578
SO44876,BK-R93R-48,29056,20110610,20110617,20110622,3578,1,3578
SO44877,BK-R93R-44,29136,20110610,20110617,20110622,3578,1,3578
SO44878,BK-R93R-44,28807,20110610,20110617,20110622,3578,1,3578
SO44879,BK-R93R-62,28833,20110610,20110617,20110622,3578,1,3578
SO44880,BK-R93R-44,18470,20110610,20110617,20110622,3578,1,3578
SO44881,BK-R93R-52,18496,20110610,20110617,20110622,3578,1,3578
SO44882,BK-R93R-44,18703,20110610,20110617,20110622,3578,1,3578
SO44883,BK-R93R-56,18296,20110610,20110617,20110622,3578,1,3578
SO44884,BK-R93R-48,18308,20110610,20110617,20110622,3578,1,3578
SO44885,BK-R93R-62,14833,20110611,20110618,20110623,3578,1,3578
SO44886,BK-R93R-56,29108,20110611,20110618,20110623,3578,1,3578
SO44887,BK-R93R-62,28821,20110611,20110618,20110623,3578,1,3578
SO44888,BK-R93R-62,28838,20110611,20110618,20110623,3578,1,3578
SO44889,BK-M82B-38,11351,20110612,20110619,20110624,3375,1,3375
SO44890,BK-M82S-44,11381,20110612,20110619,20110624,3400,1,3400
SO44891,BK-R93R-62,28847,20110612,20110619,20110624,3578,1,3578
SO44892,BK-R93R-52,22267,20110612,20110619,20110624,3578,1,3578
SO44893,BK-R93R-56,28856,20110612,20110619,20110624,3578,1,3578
SO44894,BK-M82B-38,25943,20110612,20110619,20110624,3375,1,3375
SO44895,BK-M82B-48,25951,20110612,20110619,20110624,3375,1,3375
SO44896,BK-M82S-44,25964,20110612,20110619,20110624,3400,1,3400
SO44897,BK-R93R-56,18696,20110612,20110619,20110624,3578,1,3578
SO44898,BK-R93R-62,18307,20110612,20110619,20110624,3578,1,3578
SO44899,BK-M82B-48,11353,20110612,20110619,20110624,3375,1,3375
SO44900,BK-R93R-56,14778,20110613,20110620,20110625,3578,1,3578
SO44901,BK-R93R-52,12332,20110613,20110620,20110625,3578,1,3578
SO44902,BK-R93R-56,13829,20110613,20110620,20110625,3578,1,3578
SO44903,BK-R93R-52,18284,20110613,20110620,20110625,3578,1,3578
SO44904,BK-M82B-44,11359,20110613,20110620,20110625,3375,1,3375
SO44905,BK-R93R-48,13822,20110614,20110621,20110626,3578,1,3578
SO44906,BK-R93R-44,14832,20110614,20110621,20110626,3578,1,3578
SO44907,BK-R50R-62,19415,20110614,20110621,20110626,699,1,699
SO44908,BK-R93R-56,29032,20110614,20110621,20110626,3578,1,3578
SO44909,BK-R93R-62,28840,20110614,20110621,20110626,3578,1,3578
SO44910,BK-M82S-38,25969,20110614,20110621,20110626,3400,1,3400
SO44911,BK-M82B-42,25976,20110614,20110621,20110626,3375,1,3375
SO44912,BK-R93R-62,28966,20110614,20110621,20110626,3578,1,3578
SO44913,BK-R93R-44,18468,20110614,20110621,20110626,3578,1,3578
SO44914,BK-R93R-44,18491,20110614,20110621,20110626,3578,1,3578
SO44915,BK-R93R-48,18461,20110614,20110621,20110626,3578,1,3578
SO44916,BK-R93R-44,18463,20110614,20110621,20110626,3578,1,3578
SO44917,BK-R93R-62,13842,20110615,20110622,20110627,3578,1,3578
SO44918,BK-M82B-44,29466,20110615,20110622,20110627,3375,1,3375
SO44919,BK-R93R-62,29017,20110615,20110622,20110627,3578,1,3578
SO44920,BK-R50B-44,14648,20110615,20110622,20110627,699,1,699
SO44921,BK-R93R-48,18489,20110615,20110622,20110627,3578,1,3578
SO44922,BK-R93R-56,18277,20110615,20110622,20110627,3578,1,3578
SO44923,BK-R93R-48,18336,20110615,20110622,20110627,3578,1,3578
SO44924,BK-R93R-62,28830,20110616,20110623,20110628,3578,1,3578
SO44925,BK-R93R-52,18493,20110616,20110623,20110628,3578,1,3578
SO44926,BK-R50R-48,25706,20110616,20110623,20110628,699,1,699
SO44927,BK-M82B-38,11448,20110616,20110623,20110628,3375,1,3375
SO44928,BK-R93R-56,14843,20110617,20110624,20110629,3578,1,3578
SO44929,BK-R93R-48,12398,20110617,20110624,20110629,3578,1,3578
SO44930,BK-R93R-48,29110,20110617,20110624,20110629,3578,1,3578
SO44931,BK-R93R-48,28849,20110617,20110624,20110629,3578,1,3578
SO44932,BK-R93R-48,18303,20110617,20110624,20110629,3578,1,3578
SO44933,BK-R93R-48,18276,20110617,20110624,20110629,3578,1,3578
SO44934,BK-R93R-48,14771,20110618,20110625,20110630,3578,1,3578
SO44935,BK-R93R-48,12333,20110618,20110625,20110630,3578,1,3578
SO44936,BK-R93R-48,29044,20110618,20110625,20110630,3578,1,3578
SO44937,BK-R93R-44,22251,20110618,20110625,20110630,3578,1,3578
SO44938,BK-R93R-56,28851,20110618,20110625,20110630,3578,1,3578
SO44939,BK-R93R-56,28993,20110618,20110625,20110630,3578,1,3578
SO44940,BK-R93R-44,18490,20110618,20110625,20110630,3578,1,3578
SO44941,BK-R93R-62,18697,20110618,20110625,20110630,3578,1,3578
SO44942,BK-R93R-62,18701,20110618,20110625,20110630,3578,1,3578
SO44943,BK-R50R-52,25568,20110618,20110625,20110630,699,1,699
SO44944,BK-R50B-58,25707,20110618,20110625,20110630,699,1,699
SO44945,BK-R50R-60,25710,20110618,20110625,20110630,699,1,699
SO44946,BK-M82B-42,11357,20110618,20110625,20110630,3375,1,3375
SO44947,BK-M82S-44,11446,20110618,20110625,20110630,3400,1,3400
SO44948,BK-R93R-48,12395,20110619,20110626,20110701,3578,1,3578
SO44949,BK-M82B-42,29474,20110619,20110626,20110701,3375,1,3375
SO44950,BK-R93R-52,28835,20110619,20110626,20110701,3578,1,3578
SO44951,BK-R93R-44,28843,20110619,20110626,20110701,3578,1,3578
SO44952,BK-M82B-42,25955,20110619,20110626,20110701,3375,1,3375
SO44953,BK-R93R-48,28859,20110619,20110626,20110701,3578,1,3578
SO44954,BK-R93R-62,28990,20110619,20110626,20110701,3578,1,3578
SO44955,BK-R50B-52,25709,20110619,20110626,20110701,699,1,699
SO44956,BK-M82B-48,11449,20110619,20110626,20110701,3375,1,3375
SO44957,BK-R93R-62,22247,20110620,20110627,20110702,3578,1,3578
SO44958,BK-R50B-58,20173,20110620,20110627,20110702,699,1,699
SO44959,BK-R93R-48,29019,20110620,20110627,20110702,3578,1,3578
SO44960,BK-R93R-56,22373,20110620,20110627,20110702,3578,1,3578
SO44961,BK-R93R-52,29060,20110620,20110627,20110702,3578,1,3578
SO44962,BK-R93R-62,28831,20110620,20110627,20110702,3578,1,3578
SO44963,BK-M82S-44,25974,20110620,20110627,20110702,3400,1,3400
SO44964,BK-R50B-60,14647,20110620,20110627,20110702,699,1,699
SO44965,BK-R50B-58,14649,20110620,20110627,20110702,699,1,699
SO44966,BK-R93R-56,18458,20110620,20110627,20110702,3578,1,3578
SO44967,BK-R93R-62,14794,20110621,20110628,20110703,3578,1,3578
SO44968,BK-R50B-52,19365,20110621,20110628,20110703,699,1,699
SO44969,BK-R93R-48,22713,20110621,20110628,20110703,3578,1,3578
SO44970,BK-R93R-48,28820,20110621,20110628,20110703,3578,1,3578
SO44971,BK-R93R-52,28989,20110621,20110628,20110703,3578,1,3578
SO44972,BK-R93R-44,29016,20110621,20110628,20110703,3578,1,3578
SO44973,BK-R93R-56,18482,20110621,20110628,20110703,3578,1,3578
SO44974,BK-R93R-48,14776,20110622,20110629,20110704,3578,1,3578
SO44975,BK-R93R-44,28823,20110622,20110629,20110704,3578,1,3578
SO44976,BK-R93R-44,28824,20110622,20110629,20110704,3578,1,3578
SO44977,BK-R93R-52,29010,20110622,20110629,20110704,3578,1,3578
SO44978,BK-R50R-60,14652,20110622,20110629,20110704,699,1,699
SO44979,BK-R93R-62,18469,20110622,20110629,20110704,3578,1,3578
SO44980,BK-R93R-62,18699,20110622,20110629,20110704,3578,1,3578
SO44981,BK-R93R-62,18462,20110622,20110629,20110704,3578,1,3578
SO44982,BK-R93R-48,29132,20110623,20110630,20110705,3578,1,3578
SO44983,BK-R93R-62,22252,20110623,20110630,20110705,3578,1,3578
SO44984,BK-R93R-56,29008,20110623,20110630,20110705,3578,1,3578
SO44985,BK-R93R-44,18692,20110623,20110630,20110705,3578,1,3578
SO44986,BK-R50R-48,25708,20110623,20110630,20110705,699,1,699
SO44987,BK-R93R-56,12323,20110624,20110701,20110706,3578,1,3578
SO44988,BK-R50B-44,17999,20110624,20110701,20110706,699,1,699
SO44989,BK-R93R-44,28854,20110624,20110701,20110706,3578,1,3578
SO44990,BK-R50B-44,14645,20110624,20110701,20110706,699,1,699
SO44991,BK-R93R-56,18698,20110624,20110701,20110706,3578,1,3578
SO44992,BK-R93R-44,18464,20110624,20110701,20110706,3578,1,3578
SO44993,BK-M82B-44,11368,20110624,20110701,20110706,3375,1,3375
SO44994,BK-R93R-44,28805,20110625,20110702,20110707,3578,1,3578
SO44995,BK-R93R-52,28841,20110625,20110702,20110707,3578,1,3578
SO44996,BK-M82B-42,25970,20110625,20110702,20110707,3375,1,3375
SO44997,BK-R93R-62,28870,20110625,20110702,20110707,3578,1,3578
SO44998,BK-R50B-48,14646,20110625,20110702,20110707,699,1,699
SO44999,BK-R93R-44,18485,20110625,20110702,20110707,3578,1,3578
SO45000,BK-R93R-48,18297,20110625,20110702,20110707,3578,1,3578
SO45001,BK-R93R-48,18302,20110625,20110702,20110707,3578,1,3578
SO45002,BK-R93R-48,13844,20110626,20110703,20110708,3578,1,3578
SO45003,BK-R93R-56,29059,20110626,20110703,20110708,3578,1,3578
SO45004,BK-R93R-56,29106,20110626,20110703,20110708,3578,1,3578
SO45005,BK-R93R-48,28844,20110626,20110703,20110708,3578,1,3578
SO45006,BK-R93R-48,12373,20110627,20110704,20110709,3578,1,3578
SO45007,BK-R93R-62,14137,20110627,20110704,20110709,3578,1,3578
SO45008,BK-R93R-52,14831,20110627,20110704,20110709,3578,1,3578
SO45009,BK-R50B-44,19387,20110627,20110704,20110709,699,1,699
SO45010,BK-R93R-52,28869,20110627,20110704,20110709,3578,1,3578
SO45011,BK-R93R-52,22268,20110627,20110704,20110709,3578,1,3578
SO45012,BK-R50B-52,14650,20110627,20110704,20110709,699,1,699
SO45013,BK-R93R-62,18483,20110627,20110704,20110709,3578,1,3578
SO45014,BK-R50R-60,25705,20110627,20110704,20110709,699,1,699
SO45015,BK-M82S-44,11360,20110627,20110704,20110709,3400,1,3400
SO45016,BK-R93R-62,14770,20110628,20110705,20110710,3578,1,3578
SO45017,BK-R93R-48,28826,20110628,20110705,20110710,3578,1,3578
SO45018,BK-R93R-52,18494,20110628,20110705,20110710,3578,1,3578
SO45019,BK-R93R-52,18691,20110628,20110705,20110710,3578,1,3578
SO45020,BK-R93R-44,18332,20110628,20110705,20110710,3578,1,3578
SO45021,BK-M82B-38,11358,20110628,20110705,20110710,3375,1,3375
SO45022,BK-M82B-44,11447,20110628,20110705,20110710,3375,1,3375
SO45023,BK-R93R-62,13807,20110628,20110705,20110710,3578,1,3578
SO45024,BK-M82S-38,29475,20110629,20110706,20110711,3400,1,3400
SO45025,BK-R93R-44,29070,20110629,20110706,20110711,3578,1,3578
SO45026,BK-M82S-38,25962,20110629,20110706,20110711,3400,1,3400
SO45027,BK-R93R-56,28871,20110629,20110706,20110711,3578,1,3578
SO45028,BK-R93R-56,18702,20110629,20110706,20110711,3578,1,3578
SO45029,BK-R93R-44,18331,20110629,20110706,20110711,3578,1,3578
SO45030,BK-M82B-38,11450,20110629,20110706,20110711,3375,1,3375
SO45031,BK-R93R-52,14792,20110630,20110707,20110712,3578,1,3578
SO45032,BK-R93R-44,14139,20110630,20110707,20110712,3578,1,3578
SO45033,BK-R93R-48,29138,20110630,20110707,20110712,3578,1,3578
SO45034,BK-R93R-62,28822,20110630,20110707,20110712,3578,1,3578
SO45035,BK-R93R-62,28839,20110630,20110707,20110712,3578,1,3578
SO45036,BK-R93R-44,28846,20110630,20110707,20110712,3578,1,3578
SO45037,BK-R50B-58,25704,20110630,20110707,20110712,699,1,699
SO45078,BK-R93R-52,12494,20110701,20110708,20110713,3578,1,3578
SO45079,BK-R93R-48,29255,20110701,20110708,20110713,3578,1,3578
SO45080,BK-R50B-58,14657,20110701,20110708,20110713,699,1,699
SO45081,BK-R50B-44,26782,20110701,20110708,20110713,699,1,699
SO45082,BK-M82B-44,11455,20110701,20110708,20110713,3375,1,3375
SO45083,BK-R93R-48,14947,20110702,20110709,20110714,3578,1,3578
SO45084,BK-R93R-62,29143,20110702,20110709,20110714,3578,1,3578
SO45085,BK-R93R-48,18746,20110702,20110709,20110714,3578,1,3578
SO45086,BK-R93R-56,18747,20110702,20110709,20110714,3578,1,3578
SO45087,BK-M82B-44,11388,20110703,20110710,20110715,3375,1,3375
SO45088,BK-M82S-42,11398,20110703,20110710,20110715,3400,1,3400
SO45089,BK-M82B-48,25977,20110703,20110710,20110715,3375,1,3375
SO45090,BK-R93R-62,29170,20110703,20110710,20110715,3578,1,3578
SO45091,BK-R93R-56,18909,20110703,20110710,20110715,3578,1,3578
SO45092,BK-R93R-52,18899,20110703,20110710,20110715,3578,1,3578
SO45093,BK-R93R-48,18906,20110703,20110710,20110715,3578,1,3578
SO45094,BK-R93R-62,22785,20110703,20110710,20110715,3578,1,3578
SO45095,BK-M82S-38,11394,20110704,20110711,20110716,3400,1,3400
SO45096,BK-R93R-48,12483,20110704,20110711,20110716,3578,1,3578
SO45097,BK-R93R-52,29151,20110704,20110711,20110716,3578,1,3578
SO45098,BK-R93R-62,29167,20110704,20110711,20110716,3578,1,3578
SO45099,BK-R93R-48,29174,20110704,20110711,20110716,3578,1,3578
SO45100,BK-R50R-44,19428,20110705,20110712,20110717,699,1,699
SO45101,BK-R93R-52,22748,20110705,20110712,20110717,3578,1,3578
SO45102,BK-R93R-62,29274,20110705,20110712,20110717,3578,1,3578
SO45103,BK-R93R-62,29140,20110706,20110713,20110718,3578,1,3578
SO45104,BK-R93R-62,29142,20110706,20110713,20110718,3578,1,3578
SO45105,BK-R93R-48,22765,20110706,20110713,20110718,3578,1,3578
SO45106,BK-M82B-38,19987,20110706,20110713,20110718,3375,1,3375
SO45107,BK-R93R-48,29275,20110706,20110713,20110718,3578,1,3578
SO45108,BK-R93R-62,22975,20110706,20110713,20110718,3578,1,3578
SO45109,BK-R93R-44,14937,20110707,20110714,20110719,3578,1,3578
SO45110,BK-R93R-44,18710,20110707,20110714,20110719,3578,1,3578
SO45111,BK-R50R-44,25713,20110707,20110714,20110719,699,1,699
SO45112,BK-R50R-62,20558,20110707,20110714,20110719,699,1,699
SO45113,BK-R93R-52,29141,20110708,20110715,20110720,3578,1,3578
SO45114,BK-R93R-62,29146,20110708,20110715,20110720,3578,1,3578
SO45115,BK-M82B-38,25984,20110708,20110715,20110720,3375,1,3375
SO45116,BK-R93R-44,29204,20110708,20110715,20110720,3578,1,3578
SO45117,BK-R50B-52,14727,20110708,20110715,20110720,699,1,699
SO45118,BK-R93R-56,18722,20110708,20110715,20110720,3578,1,3578
SO45119,BK-R93R-56,18740,20110708,20110715,20110720,3578,1,3578
SO45120,BK-M82S-38,11751,20110708,20110715,20110720,3400,1,3400
SO45121,BK-R93R-62,29169,20110709,20110716,20110721,3578,1,3578
SO45122,BK-R93R-56,29236,20110709,20110716,20110721,3578,1,3578
SO45123,BK-R93R-44,22971,20110709,20110716,20110721,3578,1,3578
SO45124,BK-R93R-52,18725,20110709,20110716,20110721,3578,1,3578
SO45125,BK-R93R-48,18708,20110709,20110716,20110721,3578,1,3578
SO45126,BK-R93R-44,12480,20110710,20110717,20110722,3578,1,3578
SO45127,BK-R93R-52,29158,20110710,20110717,20110722,3578,1,3578
SO45128,BK-R93R-62,18726,20110710,20110717,20110722,3578,1,3578
SO45129,BK-M82B-44,11759,20110710,20110717,20110722,3375,1,3375
SO45130,BK-R93R-52,14975,20110711,20110718,20110723,3578,1,3578
SO45131,BK-M82S-38,25979,20110711,20110718,20110723,3400,1,3400
SO45132,BK-M82B-44,25985,20110711,20110718,20110723,3375,1,3375
SO45133,BK-R93R-56,29163,20110711,20110718,20110723,3578,1,3578
SO45134,BK-R93R-56,22895,20110711,20110718,20110723,3578,1,3578
SO45135,BK-R93R-62,29264,20110711,20110718,20110723,3578,1,3578
SO45136,BK-R93R-48,19084,20110711,20110718,20110723,3578,1,3578
SO45137,BK-R93R-62,18735,20110711,20110718,20110723,3578,1,3578
SO45138,BK-M82B-42,11452,20110711,20110718,20110723,3375,1,3375
SO45139,BK-R93R-56,12468,20110712,20110719,20110724,3578,1,3578
SO45140,BK-R93R-48,12485,20110712,20110719,20110724,3578,1,3578
SO45141,BK-R93R-48,29222,20110712,20110719,20110724,3578,1,3578
SO45142,BK-R93R-44,22901,20110712,20110719,20110724,3578,1,3578
SO45143,BK-R93R-62,29278,20110712,20110719,20110724,3578,1,3578
SO45144,BK-R93R-44,19093,20110712,20110719,20110724,3578,1,3578
SO45145,BK-R93R-56,18716,20110712,20110719,20110724,3578,1,3578
SO45146,BK-R93R-62,14950,20110713,20110720,20110725,3578,1,3578
SO45147,BK-R93R-48,29166,20110713,20110720,20110725,3578,1,3578
SO45148,BK-R50B-52,14656,20110713,20110720,20110725,699,1,699
SO45149,BK-R93R-56,14941,20110714,20110721,20110726,3578,1,3578
SO45150,BK-M82S-44,25980,20110714,20110721,20110726,3400,1,3400
SO45151,BK-R93R-56,29202,20110714,20110721,20110726,3578,1,3578
SO45152,BK-R93R-62,29276,20110714,20110721,20110726,3578,1,3578
SO45153,BK-R93R-62,19089,20110714,20110721,20110726,3578,1,3578
SO45154,BK-R93R-52,18767,20110714,20110721,20110726,3578,1,3578
SO45155,BK-R93R-48,18900,20110714,20110721,20110726,3578,1,3578
SO45156,BK-M82S-38,11465,20110714,20110721,20110726,3400,1,3400
SO45157,BK-M82S-38,11750,20110714,20110721,20110726,3400,1,3400
SO45158,BK-M82S-38,28419,20110715,20110722,20110727,3400,1,3400
SO45159,BK-M82B-42,11400,20110715,20110722,20110727,3375,1,3375
SO45160,BK-R93R-62,14984,20110715,20110722,20110727,3578,1,3578
SO45161,BK-M82B-42,25978,20110715,20110722,20110727,3375,1,3375
SO45162,BK-R93R-48,18721,20110715,20110722,20110727,3578,1,3578
SO45163,BK-R50R-48,25714,20110715,20110722,20110727,699,1,699
SO45164,BK-M82B-42,11453,20110715,20110722,20110727,3375,1,3375
SO45165,BK-R93R-52,22881,20110716,20110723,20110728,3578,1,3578
SO45166,BK-R93R-48,19083,20110716,20110723,20110728,3578,1,3578
SO45167,BK-R93R-44,18706,20110716,20110723,20110728,3578,1,3578
SO45168,BK-R93R-48,18738,20110716,20110723,20110728,3578,1,3578
SO45169,BK-R93R-56,18766,20110716,20110723,20110728,3578,1,3578
SO45170,BK-M82B-48,11462,20110716,20110723,20110728,3375,1,3375
SO45171,BK-M82S-42,11754,20110716,20110723,20110728,3400,1,3400
SO45172,BK-R50B-60,18008,20110717,20110724,20110729,699,1,699
SO45173,BK-R93R-56,29157,20110717,20110724,20110729,3578,1,3578
SO45174,BK-R93R-52,29198,20110717,20110724,20110729,3578,1,3578
SO45175,BK-R93R-52,29238,20110717,20110724,20110729,3578,1,3578
SO45176,BK-R93R-52,29254,20110717,20110724,20110729,3578,1,3578
SO45177,BK-R93R-56,18903,20110717,20110724,20110729,3578,1,3578
SO45178,BK-M82S-48,11456,20110717,20110724,20110729,3400,1,3400
SO45179,BK-M82B-48,11457,20110717,20110724,20110729,3375,1,3375
SO45180,BK-R93R-44,15046,20110718,20110725,20110730,3578,1,3578
SO45181,BK-R93R-62,14929,20110718,20110725,20110730,3578,1,3578
SO45182,BK-R93R-48,18769,20110718,20110725,20110730,3578,1,3578
SO45183,BK-R50B-60,25711,20110718,20110725,20110730,699,1,699
SO45184,BK-R50R-58,25717,20110718,20110725,20110730,699,1,699
SO45185,BK-R93R-62,14949,20110718,20110725,20110730,3578,1,3578
SO45186,BK-R93R-52,14991,20110719,20110726,20110731,3578,1,3578
SO45187,BK-R93R-62,15047,20110719,20110726,20110731,3578,1,3578
SO45188,BK-R93R-44,14861,20110719,20110726,20110731,3578,1,3578
SO45189,BK-R93R-62,29145,20110719,20110726,20110731,3578,1,3578
SO45190,BK-R93R-52,18931,20110719,20110726,20110731,3578,1,3578
SO45191,BK-R50R-48,14660,20110719,20110726,20110731,699,1,699
SO45192,BK-R93R-56,14846,20110720,20110727,20110801,3578,1,3578
SO45193,BK-R93R-62,22889,20110720,20110727,20110801,3578,1,3578
SO45194,BK-R93R-52,29221,20110720,20110727,20110801,3578,1,3578
SO45195,BK-R93R-52,18929,20110720,20110727,20110801,3578,1,3578
SO45196,BK-R93R-44,18739,20110720,20110727,20110801,3578,1,3578
SO45197,BK-R93R-56,18902,20110720,20110727,20110801,3578,1,3578
SO45198,BK-R93R-52,14847,20110721,20110728,20110802,3578,1,3578
SO45199,BK-M82S-44,29476,20110721,20110728,20110802,3400,1,3400
SO45200,BK-R93R-44,29148,20110721,20110728,20110802,3578,1,3578
SO45201,BK-R93R-48,29168,20110721,20110728,20110802,3578,1,3578
SO45202,BK-R93R-56,19094,20110721,20110728,20110802,3578,1,3578
SO45203,BK-R93R-56,18907,20110721,20110728,20110802,3578,1,3578
SO45204,BK-M82S-42,11460,20110721,20110728,20110802,3400,1,3400
SO45205,BK-M82S-38,28420,20110722,20110729,20110803,3400,1,3400
SO45206,BK-R93R-52,12474,20110722,20110729,20110803,3578,1,3578
SO45207,BK-R93R-48,29156,20110722,20110729,20110803,3578,1,3578
SO45208,BK-M82S-38,19884,20110722,20110729,20110803,3400,1,3400
SO45209,BK-R93R-56,29201,20110722,20110729,20110803,3578,1,3578
SO45210,BK-R93R-44,29239,20110722,20110729,20110803,3578,1,3578
SO45211,BK-R93R-44,18724,20110722,20110729,20110803,3578,1,3578
SO45212,BK-R93R-56,18729,20110722,20110729,20110803,3578,1,3578
SO45213,BK-M82B-42,11464,20110722,20110729,20110803,3375,1,3375
SO45214,BK-R93R-62,12464,20110723,20110730,20110804,3578,1,3578
SO45215,BK-R93R-48,29208,20110723,20110730,20110804,3578,1,3578
SO45216,BK-R93R-52,29261,20110723,20110730,20110804,3578,1,3578
SO45217,BK-R93R-56,29144,20110724,20110731,20110805,3578,1,3578
SO45218,BK-M82S-42,25982,20110724,20110731,20110805,3400,1,3400
SO45219,BK-R93R-52,22893,20110724,20110731,20110805,3578,1,3578
SO45220,BK-R93R-48,29207,20110724,20110731,20110805,3578,1,3578
SO45221,BK-R93R-56,22903,20110724,20110731,20110805,3578,1,3578
SO45222,BK-R50R-52,14728,20110724,20110731,20110805,699,1,699
SO45223,BK-R93R-48,18930,20110724,20110731,20110805,3578,1,3578
SO45224,BK-R93R-44,18723,20110724,20110731,20110805,3578,1,3578
SO45225,BK-R50B-44,14653,20110725,20110801,20110806,699,1,699
SO45226,BK-R50B-52,14662,20110725,20110801,20110806,699,1,699
SO45227,BK-R50R-60,14726,20110725,20110801,20110806,699,1,699
SO45228,BK-R93R-56,18768,20110725,20110801,20110806,3578,1,3578
SO45229,BK-M82B-42,11387,20110726,20110802,20110807,3375,1,3375
SO45230,BK-R93R-52,29242,20110726,20110802,20110807,3578,1,3578
SO45231,BK-R93R-56,18908,20110726,20110802,20110807,3578,1,3578
SO45232,BK-R93R-62,18736,20110726,20110802,20110807,3578,1,3578
SO45233,BK-M82S-38,11472,20110726,20110802,20110807,3400,1,3400
SO45234,BK-R50R-48,18009,20110727,20110803,20110808,699,1,699
SO45235,BK-R93R-56,29147,20110727,20110803,20110808,3578,1,3578
SO45236,BK-R93R-48,18731,20110727,20110803,20110808,3578,1,3578
SO45237,BK-R93R-56,18737,20110727,20110803,20110808,3578,1,3578
SO45238,BK-M82S-44,11459,20110727,20110803,20110808,3400,1,3400
SO45239,BK-R50R-48,19420,20110728,20110804,20110809,699,1,699
SO45240,BK-R93R-62,29155,20110728,20110804,20110809,3578,1,3578
SO45241,BK-R93R-44,29203,20110728,20110804,20110809,3578,1,3578
SO45242,BK-R93R-44,29223,20110728,20110804,20110809,3578,1,3578
SO45243,BK-R50B-60,25715,20110728,20110804,20110809,699,1,699
SO45244,BK-M82B-44,11756,20110728,20110804,20110809,3375,1,3375
SO45245,BK-R93R-62,18928,20110729,20110805,20110810,3578,1,3578
SO45246,BK-R93R-62,18709,20110729,20110805,20110810,3578,1,3578
SO45247,BK-R50B-60,25716,20110729,20110805,20110810,699,1,699
SO45248,BK-M82S-38,11451,20110729,20110805,20110810,3400,1,3400
SO45249,BK-R93R-62,14928,20110730,20110806,20110811,3578,1,3578
SO45250,BK-R93R-62,14147,20110730,20110806,20110811,3578,1,3578
SO45251,BK-R50B-60,19422,20110730,20110806,20110811,699,1,699
SO45252,BK-R93R-48,22877,20110730,20110806,20110811,3578,1,3578
SO45253,BK-R93R-56,29237,20110730,20110806,20110811,3578,1,3578
SO45254,BK-R93R-56,29252,20110730,20110806,20110811,3578,1,3578
SO45255,BK-R93R-56,29258,20110730,20110806,20110811,3578,1,3578
SO45256,BK-R50B-62,14664,20110730,20110806,20110811,699,1,699
SO45257,BK-R93R-56,18718,20110730,20110806,20110811,3578,1,3578
SO45258,BK-R50B-48,25712,20110730,20110806,20110811,699,1,699
SO45259,BK-R93R-56,29225,20110731,20110807,20110812,3578,1,3578
SO45260,BK-R93R-62,29150,20110731,20110807,20110812,3578,1,3578
SO45261,BK-R93R-48,29175,20110731,20110807,20110812,3578,1,3578
SO45262,BK-R93R-52,29265,20110731,20110807,20110812,3578,1,3578
SO45263,BK-R50B-48,14722,20110731,20110807,20110812,699,1,699
SO45264,BK-M82B-42,11454,20110731,20110807,20110812,3375,1,3375
SO45265,BK-M82B-44,11461,20110731,20110807,20110812,3375,1,3375
SO45345,BK-R93R-52,15048,20110801,20110808,20110813,3578,1,3578
SO45346,BK-R93R-48,28648,20110801,20110808,20110813,3578,1,3578
SO45347,BK-R50B-52,14733,20110801,20110808,20110813,699,1,699
SO45348,BK-R93R-44,19562,20110801,20110808,20110813,3578,1,3578
SO45349,BK-R93R-48,19568,20110801,20110808,20110813,3578,1,3578
SO45350,BK-R93R-44,19613,20110801,20110808,20110813,3578,1,3578
SO45351,BK-R93R-52,12520,20110802,20110809,20110814,3578,1,3578
SO45352,BK-R93R-52,15081,20110802,20110809,20110814,3578,1,3578
SO45353,BK-R93R-62,28630,20110802,20110809,20110814,3578,1,3578
SO45354,BK-R50B-48,19432,20110802,20110809,20110814,699,1,699
SO45355,BK-R93R-48,28778,20110802,20110809,20110814,3578,1,3578
SO45356,BK-R93R-52,19096,20110802,20110809,20110814,3578,1,3578
SO45357,BK-M82B-48,28443,20110803,20110810,20110815,3375,1,3375
SO45358,BK-R93R-48,23172,20110803,20110810,20110815,3578,1,3578
SO45359,BK-R93R-52,11227,20110803,20110810,20110815,3578,1,3578
SO45360,BK-R93R-52,28036,20110803,20110810,20110815,3578,1,3578
SO45361,BK-R93R-48,23057,20110803,20110810,20110815,3578,1,3578
SO45362,BK-R93R-52,19271,20110803,20110810,20110815,3578,1,3578
SO45363,BK-R93R-48,19565,20110803,20110810,20110815,3578,1,3578
SO45364,BK-R93R-44,14161,20110804,20110811,20110816,3578,1,3578
SO45365,BK-R93R-52,15078,20110804,20110811,20110816,3578,1,3578
SO45366,BK-R50R-52,18011,20110804,20110811,20110816,699,1,699
SO45367,BK-R50R-48,20561,20110804,20110811,20110816,699,1,699
SO45368,BK-R50R-48,14732,20110804,20110811,20110816,699,1,699
SO45369,BK-R93R-56,19269,20110804,20110811,20110816,3578,1,3578
SO45370,BK-R93R-48,19270,20110804,20110811,20110816,3578,1,3578
SO45371,BK-R93R-62,15062,20110805,20110812,20110817,3578,1,3578
SO45372,BK-M82B-38,28449,20110805,20110812,20110817,3375,1,3375
SO45373,BK-M82B-42,25994,20110805,20110812,20110817,3375,1,3375
SO45374,BK-R93R-48,22996,20110805,20110812,20110817,3578,1,3578
SO45375,BK-R93R-52,19596,20110805,20110812,20110817,3578,1,3578
SO45376,BK-M82S-38,11761,20110805,20110812,20110817,3400,1,3400
SO45377,BK-R93R-52,15077,20110806,20110813,20110818,3578,1,3578
SO45378,BK-R93R-62,28178,20110806,20110813,20110818,3578,1,3578
SO45379,BK-R93R-52,28363,20110806,20110813,20110818,3578,1,3578
SO45380,BK-R50R-62,18010,20110806,20110813,20110818,699,1,699
SO45381,BK-M82S-38,19988,20110806,20110813,20110818,3400,1,3400
SO45382,BK-R93R-52,11129,20110806,20110813,20110818,3578,1,3578
SO45383,BK-R50B-58,14734,20110806,20110813,20110818,699,1,699
SO45384,BK-R50B-44,26789,20110806,20110813,20110818,699,1,699
SO45385,BK-R50B-60,14735,20110806,20110813,20110818,699,1,699
SO45386,BK-R93R-48,19607,20110806,20110813,20110818,3578,1,3578
SO45387,BK-R93R-62,11224,20110807,20110814,20110819,3578,1,3578
SO45388,BK-M82B-44,25986,20110807,20110814,20110819,3375,1,3375
SO45389,BK-R93R-62,11090,20110807,20110814,20110819,3578,1,3578
SO45390,BK-R93R-62,19560,20110807,20110814,20110819,3578,1,3578
SO45391,BK-R93R-52,19588,20110807,20110814,20110819,3578,1,3578
SO45392,BK-M82S-38,11762,20110807,20110814,20110819,3400,1,3400
SO45393,BK-R93R-48,14171,20110808,20110815,20110820,3578,1,3578
SO45394,BK-M82B-38,11468,20110808,20110815,20110820,3375,1,3375
SO45395,BK-R93R-52,29352,20110808,20110815,20110820,3578,1,3578
SO45396,BK-R93R-48,19594,20110808,20110815,20110820,3578,1,3578
SO45397,BK-R93R-52,15051,20110809,20110816,20110821,3578,1,3578
SO45398,BK-R93R-48,15059,20110809,20110816,20110821,3578,1,3578
SO45399,BK-R93R-44,19598,20110809,20110816,20110821,3578,1,3578
SO45400,BK-R93R-52,14162,20110810,20110817,20110822,3578,1,3578
SO45401,BK-R93R-62,15058,20110810,20110817,20110822,3578,1,3578
SO45402,BK-M82S-38,11413,20110810,20110817,20110822,3400,1,3400
SO45403,BK-R93R-56,23114,20110810,20110817,20110822,3578,1,3578
SO45404,BK-R93R-62,11217,20110810,20110817,20110822,3578,1,3578
SO45405,BK-R93R-48,23209,20110810,20110817,20110822,3578,1,3578
SO45406,BK-M82B-48,25987,20110810,20110817,20110822,3375,1,3375
SO45407,BK-R93R-56,29285,20110810,20110817,20110822,3578,1,3578
SO45408,BK-R93R-56,29326,20110810,20110817,20110822,3578,1,3578
SO45409,BK-R93R-48,19612,20110810,20110817,20110822,3578,1,3578
SO45410,BK-R93R-62,14149,20110811,20110818,20110823,3578,1,3578
SO45411,BK-R93R-52,28197,20110811,20110818,20110823,3578,1,3578
SO45412,BK-R93R-62,23137,20110811,20110818,20110823,3578,1,3578
SO45413,BK-R93R-48,11191,20110811,20110818,20110823,3578,1,3578
SO45414,BK-R50R-52,18038,20110811,20110818,20110823,699,1,699
SO45415,BK-R93R-48,28092,20110811,20110818,20110823,3578,1,3578
SO45416,BK-R93R-62,28161,20110811,20110818,20110823,3578,1,3578
SO45417,BK-R93R-62,28620,20110811,20110818,20110823,3578,1,3578
SO45418,BK-R93R-44,19264,20110811,20110818,20110823,3578,1,3578
SO45419,BK-R93R-56,19555,20110811,20110818,20110823,3578,1,3578
SO45420,BK-R93R-52,19561,20110811,20110818,20110823,3578,1,3578
SO45421,BK-R93R-52,19576,20110811,20110818,20110823,3578,1,3578
SO45422,BK-R93R-62,28198,20110812,20110819,20110824,3578,1,3578
SO45423,BK-M82B-38,19997,20110812,20110819,20110824,3375,1,3375
SO45424,BK-R93R-44,28165,20110812,20110819,20110824,3578,1,3578
SO45425,BK-R93R-62,15056,20110813,20110820,20110825,3578,1,3578
SO45426,BK-R93R-48,14164,20110813,20110820,20110825,3578,1,3578
SO45427,BK-M82B-42,29481,20110813,20110820,20110825,3375,1,3375
SO45428,BK-M82S-44,11414,20110813,20110820,20110825,3400,1,3400
SO45429,BK-R93R-62,28129,20110813,20110820,20110825,3578,1,3578
SO45430,BK-R93R-48,28176,20110813,20110820,20110825,3578,1,3578
SO45431,BK-R93R-44,28013,20110813,20110820,20110825,3578,1,3578
SO45432,BK-R93R-48,14167,20110814,20110821,20110826,3578,1,3578
SO45433,BK-R93R-62,12547,20110814,20110821,20110826,3578,1,3578
SO45434,BK-R93R-44,11252,20110814,20110821,20110826,3578,1,3578
SO45435,BK-R50B-62,20562,20110814,20110821,20110826,699,1,699
SO45436,BK-R93R-48,28130,20110814,20110821,20110826,3578,1,3578
SO45437,BK-R93R-48,28169,20110814,20110821,20110826,3578,1,3578
SO45438,BK-R93R-62,29334,20110814,20110821,20110826,3578,1,3578
SO45439,BK-R50R-44,25823,20110814,20110821,20110826,699,1,699
SO45440,BK-R93R-48,14198,20110815,20110822,20110827,3578,1,3578
SO45441,BK-R93R-48,11216,20110815,20110822,20110827,3578,1,3578
SO45442,BK-R93R-56,29335,20110815,20110822,20110827,3578,1,3578
SO45443,BK-R93R-52,29350,20110815,20110822,20110827,3578,1,3578
SO45444,BK-R93R-62,19102,20110815,20110822,20110827,3578,1,3578
SO45445,BK-R93R-62,19105,20110815,20110822,20110827,3578,1,3578
SO45446,BK-M82S-42,25990,20110816,20110823,20110828,3400,1,3400
SO45447,BK-R93R-52,19558,20110816,20110823,20110828,3578,1,3578
SO45448,BK-R50R-62,25718,20110816,20110823,20110828,699,1,699
SO45449,BK-R93R-62,14189,20110817,20110824,20110829,3578,1,3578
SO45450,BK-R93R-48,28624,20110817,20110824,20110829,3578,1,3578
SO45451,BK-R93R-44,29279,20110817,20110824,20110829,3578,1,3578
SO45452,BK-R93R-56,19559,20110817,20110824,20110829,3578,1,3578
SO45453,BK-R93R-44,12549,20110818,20110825,20110830,3578,1,3578
SO45454,BK-R93R-48,23074,20110818,20110825,20110830,3578,1,3578
SO45455,BK-R93R-62,14163,20110819,20110826,20110831,3578,1,3578
SO45456,BK-R93R-48,23113,20110819,20110826,20110831,3578,1,3578
SO45457,BK-R93R-52,27752,20110819,20110826,20110831,3578,1,3578
SO45458,BK-R93R-44,19599,20110819,20110826,20110831,3578,1,3578
SO45459,BK-R93R-62,19605,20110819,20110826,20110831,3578,1,3578
SO45460,BK-R50B-60,25822,20110819,20110826,20110831,699,1,699
SO45461,BK-R93R-44,28646,20110820,20110827,20110901,3578,1,3578
SO45462,BK-R93R-62,28647,20110820,20110827,20110901,3578,1,3578
SO45463,BK-R93R-48,11171,20110820,20110827,20110901,3578,1,3578
SO45464,BK-R93R-56,19586,20110820,20110827,20110901,3578,1,3578
SO45465,BK-R50B-52,25819,20110820,20110827,20110901,699,1,699
SO45466,BK-R93R-44,19611,20110821,20110828,20110902,3578,1,3578
SO45467,BK-M82S-42,11422,20110822,20110829,20110903,3400,1,3400
SO45468,BK-R93R-44,23164,20110822,20110829,20110903,3578,1,3578
SO45469,BK-M82B-44,19989,20110822,20110829,20110903,3375,1,3375
SO45470,BK-R93R-48,28177,20110822,20110829,20110903,3578,1,3578
SO45471,BK-R93R-52,29280,20110822,20110829,20110903,3578,1,3578
SO45472,BK-R93R-52,19095,20110822,20110829,20110903,3578,1,3578
SO45473,BK-R93R-62,19592,20110822,20110829,20110903,3578,1,3578
SO45474,BK-R93R-62,19595,20110822,20110829,20110903,3578,1,3578
SO45475,BK-R93R-52,19601,20110822,20110829,20110903,3578,1,3578
SO45476,BK-R93R-56,19614,20110822,20110829,20110903,3578,1,3578
SO45477,BK-R93R-52,14160,20110823,20110830,20110904,3578,1,3578
SO45478,BK-R93R-52,29354,20110823,20110830,20110904,3578,1,3578
SO45479,BK-R93R-52,19099,20110823,20110830,20110904,3578,1,3578
SO45480,BK-R93R-52,19564,20110823,20110830,20110904,3578,1,3578
SO45481,BK-R93R-52,19563,20110823,20110830,20110904,3578,1,3578
SO45482,BK-R93R-62,12522,20110824,20110831,20110905,3578,1,3578
SO45483,BK-R93R-56,14181,20110824,20110831,20110905,3578,1,3578
SO45484,BK-R93R-52,23267,20110824,20110831,20110905,3578,1,3578
SO45485,BK-R93R-48,11257,20110824,20110831,20110905,3578,1,3578
SO45486,BK-R50R-62,14737,20110824,20110831,20110905,699,1,699
SO45487,BK-R93R-52,19556,20110824,20110831,20110905,3578,1,3578
SO45488,BK-R93R-44,19577,20110824,20110831,20110905,3578,1,3578
SO45489,BK-R93R-62,19602,20110824,20110831,20110905,3578,1,3578
SO45490,BK-R93R-52,22976,20110824,20110831,20110905,3578,1,3578
SO45491,BK-R93R-44,27672,20110825,20110901,20110906,3578,1,3578
SO45492,BK-R50R-52,19429,20110825,20110901,20110906,699,1,699
SO45493,BK-R50R-58,14731,20110825,20110901,20110906,699,1,699
SO45494,BK-R93R-62,19609,20110825,20110901,20110906,3578,1,3578
SO45495,BK-R50B-52,25821,20110825,20110901,20110906,699,1,699
SO45496,BK-R93R-56,29340,20110826,20110902,20110907,3578,1,3578
SO45497,BK-R93R-44,28354,20110826,20110902,20110907,3578,1,3578
SO45498,BK-R93R-48,28574,20110826,20110902,20110907,3578,1,3578
SO45499,BK-R93R-56,28626,20110826,20110902,20110907,3578,1,3578
SO45500,BK-R93R-48,11189,20110826,20110902,20110907,3578,1,3578
SO45501,BK-M82B-44,25993,20110826,20110902,20110907,3375,1,3375
SO45502,BK-R93R-56,28173,20110826,20110902,20110907,3578,1,3578
SO45503,BK-R93R-56,22995,20110826,20110902,20110907,3578,1,3578
SO45504,BK-R50B-48,14730,20110826,20110902,20110907,699,1,699
SO45505,BK-R93R-52,19593,20110826,20110902,20110907,3578,1,3578
SO45506,BK-R93R-44,19615,20110826,20110902,20110907,3578,1,3578
SO45507,BK-R93R-56,19616,20110826,20110902,20110907,3578,1,3578
SO45508,BK-R93R-62,12510,20110827,20110903,20110908,3578,1,3578
SO45509,BK-R93R-62,14148,20110827,20110903,20110908,3578,1,3578
SO45510,BK-R93R-62,22998,20110827,20110903,20110908,3578,1,3578
SO45511,BK-R93R-44,12523,20110828,20110904,20110909,3578,1,3578
SO45512,BK-R93R-48,11175,20110828,20110904,20110909,3578,1,3578
SO45513,BK-M82B-38,25996,20110828,20110904,20110909,3375,1,3375
SO45514,BK-R93R-56,28051,20110828,20110904,20110909,3578,1,3578
SO45515,BK-R93R-62,19557,20110828,20110904,20110909,3578,1,3578
SO45580,BK-R93R-62,14428,20110829,20110905,20110910,3578,1,3578
SO45581,BK-R93R-52,11263,20110829,20110905,20110910,3578,1,3578
SO45582,BK-R93R-48,28656,20110829,20110905,20110910,3578,1,3578
SO45583,BK-R93R-44,11274,20110829,20110905,20110910,3578,1,3578
SO45584,BK-R50B-62,25828,20110829,20110905,20110910,699,1,699
SO45585,BK-M82B-48,11905,20110829,20110905,20110910,3375,1,3375
SO45586,BK-R93R-44,12613,20110830,20110906,20110911,3578,1,3578
SO45587,BK-R93R-62,11531,20110830,20110906,20110911,3578,1,3578
SO45588,BK-R93R-52,11275,20110830,20110906,20110911,3578,1,3578
SO45589,BK-R93R-56,19784,20110830,20110906,20110911,3578,1,3578
SO45590,BK-R93R-44,19763,20110830,20110906,20110911,3578,1,3578
SO45591,BK-R50R-44,25831,20110830,20110906,20110911,699,1,699
SO45592,BK-M82S-42,11897,20110830,20110906,20110911,3400,1,3400
SO45593,BK-R93R-62,15118,20110831,20110907,20110912,3578,1,3578
SO45594,BK-R93R-48,11282,20110831,20110907,20110912,3578,1,3578
SO45595,BK-R93R-56,11515,20110831,20110907,20110912,3578,1,3578
SO45596,BK-R50B-58,20564,20110831,20110907,20110912,699,1,699
SO45597,BK-R50R-48,14740,20110831,20110907,20110912,699,1,699
SO45598,BK-R50B-48,14744,20110831,20110907,20110912,699,1,699
SO45599,BK-R93R-48,19794,20110831,20110907,20110912,3578,1,3578
SO45600,BK-R93R-52,19628,20110831,20110907,20110912,3578,1,3578
SO45601,BK-M82B-38,11893,20110831,20110907,20110912,3375,1,3375
SO45602,BK-R93R-48,12607,20110901,20110908,20110913,3578,1,3578
SO45603,BK-R93R-48,11296,20110901,20110908,20110913,3578,1,3578
SO45604,BK-R93R-56,11317,20110901,20110908,20110913,3578,1,3578
SO45605,BK-R93R-44,11626,20110901,20110908,20110913,3578,1,3578
SO45606,BK-R93R-48,19967,20110901,20110908,20110913,3578,1,3578
SO45607,BK-R50R-52,25830,20110901,20110908,20110913,699,1,699
SO45608,BK-M82B-42,11896,20110901,20110908,20110913,3375,1,3375
SO45609,BK-R93R-44,14774,20110901,20110908,20110913,3578,1,3578
SO45610,BK-R93R-62,11303,20110902,20110909,20110914,3578,1,3578
SO45611,BK-R93R-62,11535,20110902,20110909,20110914,3578,1,3578
SO45612,BK-R93R-48,14795,20110902,20110909,20110914,3578,1,3578
SO45613,BK-R93R-56,11522,20110903,20110910,20110915,3578,1,3578
SO45614,BK-R93R-48,23385,20110903,20110910,20110915,3578,1,3578
SO45615,BK-R50B-52,18137,20110903,20110910,20110915,699,1,699
SO45616,BK-R93R-56,14800,20110903,20110910,20110915,3578,1,3578
SO45617,BK-R93R-44,15354,20110903,20110910,20110915,3578,1,3578
SO45618,BK-R93R-44,12618,20110903,20110910,20110915,3578,1,3578
SO45619,BK-R93R-44,19787,20110903,20110910,20110915,3578,1,3578
SO45620,BK-R93R-56,19951,20110903,20110910,20110915,3578,1,3578
SO45621,BK-M82S-44,11768,20110903,20110910,20110915,3400,1,3400
SO45622,BK-M82S-38,28470,20110904,20110911,20110916,3400,1,3400
SO45623,BK-R93R-44,14769,20110904,20110911,20110916,3578,1,3578
SO45624,BK-R93R-52,11291,20110904,20110911,20110916,3578,1,3578
SO45625,BK-R93R-56,11307,20110904,20110911,20110916,3578,1,3578
SO45626,BK-R93R-62,11259,20110904,20110911,20110916,3578,1,3578
SO45627,BK-R50R-62,18039,20110904,20110911,20110916,699,1,699
SO45628,BK-R93R-56,19795,20110904,20110911,20110916,3578,1,3578
SO45629,BK-M82S-48,11892,20110904,20110911,20110916,3400,1,3400
SO45630,BK-M82B-48,11899,20110904,20110911,20110916,3375,1,3375
SO45631,BK-M82B-44,11237,20110905,20110912,20110917,3375,1,3375
SO45632,BK-R93R-56,14775,20110905,20110912,20110917,3578,1,3578
SO45633,BK-M82B-48,26011,20110905,20110912,20110917,3375,1,3375
SO45634,BK-R93R-56,19766,20110905,20110912,20110917,3578,1,3578
SO45635,BK-R93R-52,23351,20110906,20110913,20110918,3578,1,3578
SO45636,BK-R93R-44,11302,20110906,20110913,20110918,3578,1,3578
SO45637,BK-R93R-56,11525,20110906,20110913,20110918,3578,1,3578
SO45638,BK-R50R-62,14746,20110906,20110913,20110918,699,1,699
SO45639,BK-R93R-44,19782,20110906,20110913,20110918,3578,1,3578
SO45640,BK-R93R-44,19964,20110906,20110913,20110918,3578,1,3578
SO45641,BK-R93R-44,23306,20110907,20110914,20110919,3578,1,3578
SO45642,BK-R93R-52,11623,20110907,20110914,20110919,3578,1,3578
SO45643,BK-R93R-62,14541,20110908,20110915,20110920,3578,1,3578
SO45644,BK-M82B-44,28458,20110908,20110915,20110920,3375,1,3375
SO45645,BK-M82B-48,11482,20110908,20110915,20110920,3375,1,3375
SO45646,BK-R93R-48,11289,20110908,20110915,20110920,3578,1,3578
SO45647,BK-M82S-48,25997,20110908,20110915,20110920,3400,1,3400
SO45648,BK-R93R-48,19791,20110908,20110915,20110920,3578,1,3578
SO45649,BK-R93R-62,11319,20110909,20110916,20110921,3578,1,3578
SO45650,BK-R93R-48,28652,20110909,20110916,20110921,3578,1,3578
SO45651,BK-R93R-44,19771,20110909,20110916,20110921,3578,1,3578
SO45652,BK-R50B-60,25826,20110909,20110916,20110921,699,1,699
SO45653,BK-M82S-48,11764,20110909,20110916,20110921,3400,1,3400
SO45654,BK-M82B-38,28478,20110910,20110917,20110922,3375,1,3375
SO45655,BK-R93R-48,11323,20110910,20110917,20110922,3578,1,3578
SO45656,BK-R93R-52,11617,20110910,20110917,20110922,3578,1,3578
SO45657,BK-R93R-44,11266,20110910,20110917,20110922,3578,1,3578
SO45658,BK-R93R-48,11270,20110910,20110917,20110922,3578,1,3578
SO45659,BK-M82B-42,26003,20110910,20110917,20110922,3375,1,3375
SO45660,BK-R93R-48,19797,20110910,20110917,20110922,3578,1,3578
SO45661,BK-R50B-52,25827,20110910,20110917,20110922,699,1,699
SO45662,BK-M82B-44,11906,20110910,20110917,20110922,3375,1,3375
SO45663,BK-M82S-48,11901,20110910,20110917,20110922,3400,1,3400
SO45664,BK-R93R-48,14713,20110911,20110918,20110923,3578,1,3578
SO45665,BK-M82S-44,26004,20110911,20110918,20110923,3400,1,3400
SO45666,BK-R50R-44,14738,20110911,20110918,20110923,699,1,699
SO45667,BK-R93R-56,19957,20110911,20110918,20110923,3578,1,3578
SO45668,BK-R93R-48,11298,20110912,20110919,20110924,3578,1,3578
SO45669,BK-R93R-56,11528,20110912,20110919,20110924,3578,1,3578
SO45670,BK-R93R-62,11541,20110912,20110919,20110924,3578,1,3578
SO45671,BK-R93R-48,11628,20110912,20110919,20110924,3578,1,3578
SO45672,BK-R50B-48,19438,20110912,20110919,20110924,699,1,699
SO45673,BK-R93R-48,19790,20110912,20110919,20110924,3578,1,3578
SO45674,BK-R93R-56,19948,20110912,20110919,20110924,3578,1,3578
SO45675,BK-R50B-48,25829,20110912,20110919,20110924,699,1,699
SO45676,BK-M82B-42,11765,20110912,20110919,20110924,3375,1,3375
SO45677,BK-M82B-38,11895,20110912,20110919,20110924,3375,1,3375
SO45678,BK-R93R-52,11281,20110913,20110920,20110925,3578,1,3578
SO45679,BK-R93R-56,11540,20110913,20110920,20110925,3578,1,3578
SO45680,BK-R93R-62,23283,20110913,20110920,20110925,3578,1,3578
SO45681,BK-R93R-56,19789,20110913,20110920,20110925,3578,1,3578
SO45682,BK-R93R-48,19950,20110913,20110920,20110925,3578,1,3578
SO45683,BK-R93R-44,14709,20110914,20110921,20110926,3578,1,3578
SO45684,BK-M82S-42,11485,20110914,20110921,20110926,3400,1,3400
SO45685,BK-R50R-60,18132,20110914,20110921,20110926,699,1,699
SO45686,BK-M82S-44,25998,20110914,20110921,20110926,3400,1,3400
SO45687,BK-M82S-38,26005,20110914,20110921,20110926,3400,1,3400
SO45688,BK-R50R-58,14741,20110914,20110921,20110926,699,1,699
SO45689,BK-R93R-48,19773,20110914,20110921,20110926,3578,1,3578
SO45690,BK-R93R-62,19958,20110914,20110921,20110926,3578,1,3578
SO45691,BK-M82S-38,11898,20110914,20110921,20110926,3400,1,3400
SO45692,BK-R93R-52,14425,20110915,20110922,20110927,3578,1,3578
SO45693,BK-R93R-52,15083,20110915,20110922,20110927,3578,1,3578
SO45694,BK-R93R-48,15097,20110915,20110922,20110927,3578,1,3578
SO45695,BK-R93R-44,11292,20110915,20110922,20110927,3578,1,3578
SO45696,BK-R93R-56,11326,20110915,20110922,20110927,3578,1,3578
SO45697,BK-R93R-56,11516,20110915,20110922,20110927,3578,1,3578
SO45698,BK-R50R-44,14747,20110915,20110922,20110927,699,1,699
SO45699,BK-R50B-62,14750,20110915,20110922,20110927,699,1,699
SO45700,BK-R93R-62,11278,20110916,20110923,20110928,3578,1,3578
SO45701,BK-R93R-44,11538,20110916,20110923,20110928,3578,1,3578
SO45702,BK-R50R-58,18131,20110916,20110923,20110928,699,1,699
SO45703,BK-R93R-62,19947,20110916,20110923,20110928,3578,1,3578
SO45704,BK-R93R-48,14772,20110917,20110924,20110929,3578,1,3578
SO45705,BK-R93R-44,23378,20110917,20110924,20110929,3578,1,3578
SO45706,BK-R93R-52,11267,20110917,20110924,20110929,3578,1,3578
SO45707,BK-M82S-42,11904,20110917,20110924,20110929,3400,1,3400
SO45708,BK-R93R-52,19765,20110917,20110924,20110929,3578,1,3578
SO45709,BK-R93R-52,19793,20110917,20110924,20110929,3578,1,3578
SO45710,BK-R93R-62,19963,20110917,20110924,20110929,3578,1,3578
SO45711,BK-R93R-52,19621,20110917,20110924,20110929,3578,1,3578
SO45712,BK-M82S-44,11767,20110917,20110924,20110929,3400,1,3400
SO45713,BK-R93R-56,15088,20110918,20110925,20110930,3578,1,3578
SO45714,BK-R93R-48,11534,20110918,20110925,20110930,3578,1,3578
SO45715,BK-R93R-62,19770,20110918,20110925,20110930,3578,1,3578
SO45716,BK-R93R-62,19783,20110918,20110925,20110930,3578,1,3578
SO45717,BK-R93R-62,11325,20110919,20110926,20111001,3578,1,3578
SO45718,BK-R93R-44,11272,20110919,20110926,20111001,3578,1,3578
SO45719,BK-M82B-44,20000,20110919,20110926,20111001,3375,1,3375
SO45720,BK-R93R-52,19653,20110919,20110926,20111001,3578,1,3578
SO45721,BK-M82S-42,11766,20110919,20110926,20111001,3400,1,3400
SO45722,BK-M82B-48,11908,20110919,20110926,20111001,3375,1,3375
SO45723,BK-R93R-44,11290,20110920,20110927,20111002,3578,1,3578
SO45724,BK-R93R-48,12620,20110920,20110927,20111002,3578,1,3578
SO45725,BK-R93R-48,14789,20110920,20110927,20111002,3578,1,3578
SO45726,BK-R93R-52,12614,20110920,20110927,20111002,3578,1,3578
SO45727,BK-M82B-44,11909,20110920,20110927,20111002,3375,1,3375
SO45728,BK-R93R-52,14426,20110921,20110928,20111003,3578,1,3578
SO45729,BK-R93R-52,15087,20110921,20110928,20111003,3578,1,3578
SO45730,BK-M82B-44,28471,20110921,20110928,20111003,3375,1,3375
SO45731,BK-R93R-62,11286,20110921,20110928,20111003,3578,1,3578
SO45732,BK-R93R-44,11537,20110921,20110928,20111003,3578,1,3578
SO45733,BK-R93R-44,11624,20110921,20110928,20111003,3578,1,3578
SO45734,BK-R93R-56,11630,20110921,20110928,20111003,3578,1,3578
SO45735,BK-R93R-56,19792,20110921,20110928,20111003,3578,1,3578
SO45736,BK-R93R-62,19960,20110921,20110928,20111003,3578,1,3578
SO45737,BK-R93R-44,19965,20110921,20110928,20111003,3578,1,3578
SO45738,BK-M82S-44,11900,20110921,20110928,20111003,3400,1,3400
SO45739,BK-M82B-38,11903,20110921,20110928,20111003,3375,1,3375
SO45740,BK-R93R-56,19786,20110922,20110929,20111004,3578,1,3578
SO45741,BK-R93R-56,19788,20110922,20110929,20111004,3578,1,3578
SO45742,BK-R93R-48,19620,20110922,20110929,20111004,3578,1,3578
SO45743,BK-R93R-52,19631,20110922,20110929,20111004,3578,1,3578
SO45744,BK-M82B-48,11894,20110922,20110929,20111004,3375,1,3375
SO45745,BK-R93R-48,15089,20110923,20110930,20111005,3578,1,3578
SO45746,BK-R93R-48,23376,20110923,20110930,20111005,3578,1,3578
SO45747,BK-R93R-56,11539,20110923,20110930,20111005,3578,1,3578
SO45748,BK-R50B-58,18046,20110923,20110930,20111005,699,1,699
SO45749,BK-R93R-44,14797,20110923,20110930,20111005,3578,1,3578
SO45750,BK-M82S-42,26001,20110923,20110930,20111005,3400,1,3400
SO45751,BK-R50B-48,14739,20110923,20110930,20111005,699,1,699
SO45752,BK-R93R-56,19772,20110923,20110930,20111005,3578,1,3578
SO45753,BK-R93R-44,19966,20110923,20110930,20111005,3578,1,3578
SO45754,BK-R93R-44,11529,20110924,20111001,20111006,3578,1,3578
SO45755,BK-R93R-56,11536,20110924,20111001,20111006,3578,1,3578
SO45756,BK-R93R-52,11625,20110924,20111001,20111006,3578,1,3578
SO45757,BK-R93R-48,12561,20110925,20111002,20111007,3578,1,3578
SO45758,BK-R93R-48,15106,20110925,20111002,20111007,3578,1,3578
SO45759,BK-R93R-52,11295,20110925,20111002,20111007,3578,1,3578
SO45760,BK-R93R-44,11329,20110925,20111002,20111007,3578,1,3578
SO45761,BK-R93R-56,11629,20110925,20111002,20111007,3578,1,3578
SO45762,BK-R93R-48,12621,20110925,20111002,20111007,3578,1,3578
SO45763,BK-R93R-56,19959,20110925,20111002,20111007,3578,1,3578
SO45764,BK-R93R-62,19652,20110925,20111002,20111007,3578,1,3578
SO45765,BK-M82B-44,11245,20110926,20111003,20111008,3375,1,3375
SO45766,BK-R93R-48,11297,20110926,20111003,20111008,3578,1,3578
SO45767,BK-R93R-62,11299,20110926,20111003,20111008,3578,1,3578
SO45768,BK-R93R-62,11324,20110926,20111003,20111008,3578,1,3578
SO45769,BK-R93R-56,11327,20110926,20111003,20111008,3578,1,3578
SO45770,BK-R93R-44,19956,20110926,20111003,20111008,3578,1,3578
SO45771,BK-R93R-56,11271,20110927,20111004,20111009,3578,1,3578
SO45772,BK-R93R-52,19785,20110927,20111004,20111009,3578,1,3578
SO45773,BK-R93R-44,19949,20110927,20111004,20111009,3578,1,3578
SO45774,BK-R93R-48,11261,20110927,20111004,20111009,3578,1,3578
SO45775,BK-R93R-56,14207,20110928,20111005,20111010,3578,1,3578
SO45776,BK-R93R-52,23281,20110928,20111005,20111010,3578,1,3578
SO45777,BK-M82S-44,11907,20110928,20111005,20111010,3400,1,3400
SO45778,BK-M82B-48,26002,20110928,20111005,20111010,3375,1,3375
SO45816,BK-R93R-52,11830,20110929,20111006,20111011,3578,1,3578
SO45817,BK-R93R-44,14801,20110929,20111006,20111011,3578,1,3578
SO45818,BK-R50R-48,14868,20110929,20111006,20111011,699,1,699
SO45819,BK-R93R-48,20160,20110929,20111006,20111011,3578,1,3578
SO45820,BK-R50B-48,25832,20110929,20111006,20111011,699,1,699
SO45821,BK-M82S-44,26041,20110930,20111007,20111012,3400,1,3400
SO45822,BK-R93R-48,20246,20110930,20111007,20111012,3578,1,3578
SO45823,BK-R93R-44,20253,20110930,20111007,20111012,3578,1,3578
SO45824,BK-R93R-48,11696,20111001,20111008,20111013,3578,1,3578
SO45825,BK-R93R-56,23725,20111001,20111008,20111013,3578,1,3578
SO45826,BK-R93R-62,23858,20111001,20111008,20111013,3578,1,3578
SO45827,BK-R93R-48,15440,20111001,20111008,20111013,3578,1,3578
SO45828,BK-R50R-52,14753,20111001,20111008,20111013,699,1,699
SO45829,BK-R93R-62,20245,20111001,20111008,20111013,3578,1,3578
SO45830,BK-R93R-56,20151,20111001,20111008,20111013,3578,1,3578
SO45831,BK-R93R-52,20158,20111001,20111008,20111013,3578,1,3578
SO45832,BK-M82B-48,11916,20111001,20111008,20111013,3375,1,3375
SO45833,BK-R93R-52,11815,20111002,20111009,20111014,3578,1,3578
SO45834,BK-R93R-48,11816,20111002,20111009,20111014,3578,1,3578
SO45835,BK-R93R-52,11688,20111002,20111009,20111014,3578,1,3578
SO45836,BK-R93R-44,14823,20111002,20111009,20111014,3578,1,3578
SO45837,BK-M82B-38,26050,20111002,20111009,20111014,3375,1,3375
SO45838,BK-R93R-44,20213,20111002,20111009,20111014,3578,1,3578
SO45839,BK-M82B-42,11915,20111002,20111009,20111014,3375,1,3375
SO45840,BK-M82B-42,11246,20111003,20111010,20111015,3375,1,3375
SO45841,BK-R93R-44,12804,20111003,20111010,20111015,3578,1,3578
SO45842,BK-R93R-56,11742,20111003,20111010,20111015,3578,1,3578
SO45843,BK-R93R-48,11775,20111003,20111010,20111015,3578,1,3578
SO45844,BK-R93R-48,11812,20111003,20111010,20111015,3578,1,3578
SO45845,BK-R93R-44,23566,20111004,20111011,20111016,3578,1,3578
SO45846,BK-R93R-56,23592,20111004,20111011,20111016,3578,1,3578
SO45847,BK-M82S-42,26015,20111004,20111011,20111016,3400,1,3400
SO45848,BK-R50B-48,14852,20111004,20111011,20111016,699,1,699
SO45849,BK-R93R-48,20154,20111004,20111011,20111016,3578,1,3578
SO45850,BK-R93R-62,11776,20111005,20111012,20111017,3578,1,3578
SO45851,BK-R93R-48,11683,20111005,20111012,20111017,3578,1,3578
SO45852,BK-R50B-48,18143,20111005,20111012,20111017,699,1,699
SO45853,BK-R93R-52,15453,20111005,20111012,20111017,3578,1,3578
SO45854,BK-R93R-48,15620,20111005,20111012,20111017,3578,1,3578
SO45855,BK-R50B-44,14754,20111005,20111012,20111017,699,1,699
SO45856,BK-R93R-44,20247,20111005,20111012,20111017,3578,1,3578
SO45857,BK-M82B-48,11919,20111005,20111012,20111017,3375,1,3375
SO45858,BK-M82B-44,11952,20111005,20111012,20111017,3375,1,3375
SO45859,BK-R93R-56,12754,20111006,20111013,20111018,3578,1,3578
SO45860,BK-R93R-48,23829,20111006,20111013,20111018,3578,1,3578
SO45861,BK-R93R-44,12650,20111006,20111013,20111018,3578,1,3578
SO45862,BK-R93R-48,14827,20111007,20111014,20111019,3578,1,3578
SO45863,BK-R93R-56,11873,20111007,20111014,20111019,3578,1,3578
SO45864,BK-R93R-44,19968,20111007,20111014,20111019,3578,1,3578
SO45865,BK-R93R-48,20157,20111007,20111014,20111019,3578,1,3578
SO45866,BK-R93R-62,15621,20111007,20111014,20111019,3578,1,3578
SO45867,BK-R93R-48,11772,20111008,20111015,20111020,3578,1,3578
SO45868,BK-R93R-62,14819,20111008,20111015,20111020,3578,1,3578
SO45869,BK-R93R-62,14822,20111008,20111015,20111020,3578,1,3578
SO45870,BK-M82B-42,26012,20111008,20111015,20111020,3375,1,3375
SO45871,BK-R50R-44,25919,20111008,20111015,20111020,699,1,699
SO45872,BK-M82S-48,11249,20111009,20111016,20111021,3400,1,3400
SO45873,BK-R93R-56,11925,20111009,20111016,20111021,3578,1,3578
SO45874,BK-M82B-48,20007,20111009,20111016,20111021,3375,1,3375
SO45875,BK-R93R-62,20242,20111009,20111016,20111021,3578,1,3578
SO45876,BK-R93R-56,19975,20111009,20111016,20111021,3578,1,3578
SO45877,BK-M82B-48,11910,20111009,20111016,20111021,3375,1,3375
SO45878,BK-R93R-62,12750,20111010,20111017,20111022,3578,1,3578
SO45879,BK-R50B-44,19443,20111010,20111017,20111022,699,1,699
SO45880,BK-R93R-52,11707,20111010,20111017,20111022,3578,1,3578
SO45881,BK-R93R-62,23397,20111010,20111017,20111022,3578,1,3578
SO45882,BK-R93R-48,11745,20111010,20111017,20111022,3578,1,3578
SO45883,BK-R93R-52,11799,20111010,20111017,20111022,3578,1,3578
SO45884,BK-R93R-52,11678,20111010,20111017,20111022,3578,1,3578
SO45885,BK-R93R-52,12655,20111010,20111017,20111022,3578,1,3578
SO45886,BK-M82B-38,26042,20111010,20111017,20111022,3375,1,3375
SO45887,BK-R50R-52,14880,20111010,20111017,20111022,699,1,699
SO45888,BK-R93R-62,20217,20111010,20111017,20111022,3578,1,3578
SO45889,BK-M82B-44,11920,20111010,20111017,20111022,3375,1,3375
SO45890,BK-M82B-42,11338,20111011,20111018,20111023,3375,1,3375
SO45891,BK-M82S-44,11380,20111011,20111018,20111023,3400,1,3400
SO45892,BK-R93R-48,20226,20111011,20111018,20111023,3578,1,3578
SO45893,BK-R93R-52,23842,20111011,20111018,20111023,3578,1,3578
SO45894,BK-R50B-58,19450,20111012,20111019,20111024,699,1,699
SO45895,BK-R93R-44,11727,20111012,20111019,20111024,3578,1,3578
SO45896,BK-R93R-44,12632,20111012,20111019,20111024,3578,1,3578
SO45897,BK-R93R-52,11933,20111013,20111020,20111025,3578,1,3578
SO45898,BK-R93R-62,23830,20111013,20111020,20111025,3578,1,3578
SO45899,BK-R93R-62,11817,20111013,20111020,20111025,3578,1,3578
SO45900,BK-R93R-48,11837,20111013,20111020,20111025,3578,1,3578
SO45901,BK-R93R-48,11665,20111013,20111020,20111025,3578,1,3578
SO45902,BK-R93R-56,15614,20111013,20111020,20111025,3578,1,3578
SO45903,BK-R93R-62,15619,20111013,20111020,20111025,3578,1,3578
SO45904,BK-R93R-44,20241,20111013,20111020,20111025,3578,1,3578
SO45905,BK-R93R-44,20152,20111013,20111020,20111025,3578,1,3578
SO45906,BK-R93R-48,20159,20111013,20111020,20111025,3578,1,3578
SO45907,BK-R93R-62,20214,20111013,20111020,20111025,3578,1,3578
SO45908,BK-M82S-48,11918,20111013,20111020,20111025,3400,1,3400
SO45909,BK-M82B-42,11947,20111013,20111020,20111025,3375,1,3375
SO45910,BK-R93R-44,11777,20111014,20111021,20111026,3578,1,3578
SO45911,BK-R93R-56,11797,20111014,20111021,20111026,3578,1,3578
SO45912,BK-R93R-48,23819,20111014,20111021,20111026,3578,1,3578
SO45913,BK-M82S-38,26014,20111014,20111021,20111026,3400,1,3400
SO45914,BK-M82B-42,11929,20111014,20111021,20111026,3375,1,3375
SO45915,BK-M82S-48,11930,20111014,20111021,20111026,3400,1,3400
SO45916,BK-M82S-44,11964,20111014,20111021,20111026,3400,1,3400
SO45917,BK-M82S-44,11332,20111015,20111022,20111027,3400,1,3400
SO45918,BK-R93R-52,11741,20111015,20111022,20111027,3578,1,3578
SO45919,BK-R93R-48,11780,20111015,20111022,20111027,3578,1,3578
SO45920,BK-R93R-44,23730,20111015,20111022,20111027,3578,1,3578
SO45921,BK-R93R-48,11798,20111015,20111022,20111027,3578,1,3578
SO45922,BK-R93R-56,23731,20111015,20111022,20111027,3578,1,3578
SO45923,BK-R93R-52,11811,20111015,20111022,20111027,3578,1,3578
SO45924,BK-R93R-62,14803,20111015,20111022,20111027,3578,1,3578
SO45925,BK-M82S-48,11942,20111015,20111022,20111027,3400,1,3400
SO45926,BK-R93R-44,23486,20111016,20111023,20111028,3578,1,3578
SO45927,BK-R93R-48,11796,20111016,20111023,20111028,3578,1,3578
SO45928,BK-R93R-52,11813,20111016,20111023,20111028,3578,1,3578
SO45929,BK-R93R-62,11825,20111016,20111023,20111028,3578,1,3578
SO45930,BK-R50R-48,18148,20111016,20111023,20111028,699,1,699
SO45931,BK-R93R-62,20249,20111016,20111023,20111028,3578,1,3578
SO45932,BK-R93R-62,20211,20111016,20111023,20111028,3578,1,3578
SO45933,BK-R93R-52,11779,20111017,20111024,20111029,3578,1,3578
SO45934,BK-R93R-52,11666,20111017,20111024,20111029,3578,1,3578
SO45935,BK-R50R-44,19439,20111017,20111024,20111029,699,1,699
SO45936,BK-M82B-42,26016,20111017,20111024,20111029,3375,1,3375
SO45937,BK-R93R-48,14824,20111018,20111025,20111030,3578,1,3578
SO45938,BK-R93R-44,11654,20111018,20111025,20111030,3578,1,3578
SO45939,BK-R50B-60,14757,20111018,20111025,20111030,699,1,699
SO45940,BK-R93R-52,20244,20111018,20111025,20111030,3578,1,3578
SO45941,BK-R93R-62,19978,20111018,20111025,20111030,3578,1,3578
SO45942,BK-R93R-48,20219,20111018,20111025,20111030,3578,1,3578
SO45943,BK-R93R-62,20221,20111018,20111025,20111030,3578,1,3578
SO45944,BK-R93R-48,20225,20111018,20111025,20111030,3578,1,3578
SO45945,BK-R50R-62,25920,20111018,20111025,20111030,699,1,699
SO45946,BK-M82B-44,11914,20111018,20111025,20111030,3375,1,3375
SO45947,BK-M82B-48,11943,20111018,20111025,20111030,3375,1,3375
SO45948,BK-R50B-52,14879,20111019,20111026,20111031,699,1,699
SO45949,BK-R93R-62,19970,20111019,20111026,20111031,3578,1,3578
SO45950,BK-R93R-48,19974,20111019,20111026,20111031,3578,1,3578
SO45951,BK-M82B-38,11944,20111019,20111026,20111031,3375,1,3375
SO45952,BK-M82S-48,11969,20111019,20111026,20111031,3400,1,3400
SO45953,BK-R93R-56,23859,20111020,20111027,20111101,3578,1,3578
SO45954,BK-R93R-56,11810,20111020,20111027,20111101,3578,1,3578
SO45955,BK-M82S-38,26055,20111020,20111027,20111101,3400,1,3400
SO45956,BK-R93R-48,19979,20111020,20111027,20111101,3578,1,3578
SO45957,BK-R93R-48,11809,20111021,20111028,20111102,3578,1,3578
SO45958,BK-R93R-44,11818,20111021,20111028,20111102,3578,1,3578
SO45959,BK-R93R-44,11872,20111021,20111028,20111102,3578,1,3578
SO45960,BK-R93R-56,11671,20111021,20111028,20111102,3578,1,3578
SO45961,BK-R93R-48,12717,20111021,20111028,20111102,3578,1,3578
SO45962,BK-R93R-62,20227,20111021,20111028,20111102,3578,1,3578
SO45963,BK-R93R-62,20238,20111021,20111028,20111102,3578,1,3578
SO45964,BK-R93R-62,20215,20111021,20111028,20111102,3578,1,3578
SO45965,BK-R50R-58,25921,20111021,20111028,20111102,699,1,699
SO45966,BK-M82S-42,11946,20111021,20111028,20111102,3400,1,3400
SO45967,BK-R50R-44,19454,20111022,20111029,20111103,699,1,699
SO45968,BK-R93R-44,11834,20111022,20111029,20111103,3578,1,3578
SO45969,BK-R93R-62,20156,20111022,20111029,20111103,3578,1,3578
SO45970,BK-M82B-38,11963,20111022,20111029,20111103,3375,1,3375
SO45971,BK-M82S-42,11335,20111023,20111030,20111104,3400,1,3400
SO45972,BK-R50R-62,19472,20111023,20111030,20111104,699,1,699
SO45973,BK-R93R-52,11773,20111023,20111030,20111104,3578,1,3578
SO45974,BK-M82S-48,26018,20111023,20111030,20111104,3400,1,3400
SO45975,BK-R50R-62,14755,20111023,20111030,20111104,699,1,699
SO45976,BK-R93R-56,20239,20111023,20111030,20111104,3578,1,3578
SO45977,BK-R93R-52,20216,20111023,20111030,20111104,3578,1,3578
SO45978,BK-M82B-44,11967,20111023,20111030,20111104,3375,1,3375
SO45979,BK-R93R-44,15630,20111024,20111031,20111105,3578,1,3578
SO45980,BK-R93R-48,15631,20111024,20111031,20111105,3578,1,3578
SO45981,BK-R93R-62,12805,20111024,20111031,20111105,3578,1,3578
SO45982,BK-R93R-62,19977,20111024,20111031,20111105,3578,1,3578
SO45983,BK-R93R-56,14830,20111025,20111101,20111106,3578,1,3578
SO45984,BK-R93R-52,11690,20111025,20111101,20111106,3578,1,3578
SO45985,BK-R93R-56,11708,20111025,20111101,20111106,3578,1,3578
SO45986,BK-R93R-56,11743,20111025,20111101,20111106,3578,1,3578
SO45987,BK-R93R-62,11854,20111025,20111101,20111106,3578,1,3578
SO45988,BK-R93R-56,11675,20111025,20111101,20111106,3578,1,3578
SO45989,BK-R93R-44,12631,20111025,20111101,20111106,3578,1,3578
SO45990,BK-R93R-56,12711,20111025,20111101,20111106,3578,1,3578
SO45991,BK-M82B-48,11976,20111025,20111101,20111106,3375,1,3375
SO45992,BK-R50B-60,19451,20111026,20111102,20111107,699,1,699
SO45993,BK-R93R-52,11924,20111026,20111102,20111107,3578,1,3578
SO45994,BK-R93R-44,11774,20111026,20111102,20111107,3578,1,3578
SO45995,BK-R93R-62,23846,20111026,20111102,20111107,3578,1,3578
SO45996,BK-R93R-48,11839,20111026,20111102,20111107,3578,1,3578
SO45997,BK-R50R-62,14756,20111026,20111102,20111107,699,1,699
SO45998,BK-R50B-52,25918,20111026,20111102,20111107,699,1,699
SO45999,BK-R93R-44,23583,20111027,20111103,20111108,3578,1,3578
SO46000,BK-R93R-62,11778,20111027,20111103,20111108,3578,1,3578
SO46001,BK-R93R-62,23806,20111027,20111103,20111108,3578,1,3578
SO46002,BK-R93R-62,11826,20111027,20111103,20111108,3578,1,3578
SO46003,BK-R93R-48,11831,20111027,20111103,20111108,3578,1,3578
SO46004,BK-R93R-44,11664,20111027,20111103,20111108,3578,1,3578
SO46005,BK-R93R-48,12749,20111027,20111103,20111108,3578,1,3578
SO46006,BK-R93R-52,20236,20111027,20111103,20111108,3578,1,3578
SO46007,BK-R93R-48,20220,20111027,20111103,20111108,3578,1,3578
SO46008,BK-M82B-38,11912,20111027,20111103,20111108,3375,1,3375
SO46009,BK-M82S-38,11917,20111027,20111103,20111108,3400,1,3400
SO46010,BK-M82B-38,11488,20111028,20111104,20111109,3375,1,3375
SO46011,BK-M82B-48,11489,20111028,20111104,20111109,3375,1,3375
SO46012,BK-R50R-52,19453,20111028,20111104,20111109,699,1,699
SO46013,BK-R93R-44,11705,20111028,20111104,20111109,3578,1,3578
SO46014,BK-R93R-52,23396,20111028,20111104,20111109,3578,1,3578
SO46015,BK-R93R-52,23511,20111028,20111104,20111109,3578,1,3578
SO46016,BK-R93R-48,11885,20111028,20111104,20111109,3578,1,3578
SO46017,BK-R93R-56,11886,20111028,20111104,20111109,3578,1,3578
SO46018,BK-R93R-48,11663,20111028,20111104,20111109,3578,1,3578
SO46019,BK-R50B-48,14752,20111028,20111104,20111109,699,1,699
SO46020,BK-R93R-52,20228,20111028,20111104,20111109,3578,1,3578
SO46021,BK-R93R-56,19971,20111028,20111104,20111109,3578,1,3578
SO46022,BK-M82S-44,11968,20111028,20111104,20111109,3400,1,3400
SO46108,BK-R93R-62,12018,20111029,20111105,20111110,3578,1,3578
SO46109,BK-R93R-48,12167,20111029,20111105,20111110,3578,1,3578
SO46110,BK-R93R-44,12169,20111029,20111105,20111110,3578,1,3578
SO46111,BK-R93R-44,11937,20111029,20111105,20111110,3578,1,3578
SO46112,BK-R93R-48,11945,20111029,20111105,20111110,3578,1,3578
SO46113,BK-R93R-62,11955,20111029,20111105,20111110,3578,1,3578
SO46114,BK-R93R-52,12053,20111029,20111105,20111110,3578,1,3578
SO46115,BK-R93R-48,12104,20111029,20111105,20111110,3578,1,3578
SO46116,BK-R50B-58,14912,20111029,20111105,20111110,699,1,699
SO46117,BK-R93R-62,20446,20111029,20111105,20111110,3578,1,3578
SO46118,BK-R93R-56,20611,20111029,20111105,20111110,3578,1,3578
SO46119,BK-R50R-44,25927,20111029,20111105,20111110,699,1,699
SO46120,BK-R93R-52,12023,20111030,20111106,20111111,3578,1,3578
SO46121,BK-R93R-48,12069,20111030,20111106,20111111,3578,1,3578
SO46122,BK-R93R-52,24284,20111030,20111106,20111111,3578,1,3578
SO46123,BK-R93R-48,12152,20111030,20111106,20111111,3578,1,3578
SO46124,BK-R93R-44,20447,20111030,20111106,20111111,3578,1,3578
SO46125,BK-R93R-62,11956,20111031,20111107,20111112,3578,1,3578
SO46126,BK-R50B-60,14883,20111031,20111107,20111112,699,1,699
SO46127,BK-R50B-60,14895,20111031,20111107,20111112,699,1,699
SO46128,BK-R93R-56,14945,20111031,20111107,20111112,3578,1,3578
SO46129,BK-R93R-52,20420,20111031,20111107,20111112,3578,1,3578
SO46130,BK-R93R-44,12171,20111101,20111108,20111113,3578,1,3578
SO46131,BK-R93R-48,11954,20111101,20111108,20111113,3578,1,3578
SO46132,BK-R93R-56,23865,20111101,20111108,20111113,3578,1,3578
SO46133,BK-R93R-48,12105,20111101,20111108,20111113,3578,1,3578
SO46134,BK-R93R-48,20259,20111101,20111108,20111113,3578,1,3578
SO46135,BK-R93R-52,20416,20111101,20111108,20111113,3578,1,3578
SO46136,BK-R93R-48,20426,20111101,20111108,20111113,3578,1,3578
SO46137,BK-R93R-52,20600,20111101,20111108,20111113,3578,1,3578
SO46138,BK-R93R-44,13405,20111101,20111108,20111113,3578,1,3578
SO46139,BK-M82S-48,11977,20111101,20111108,20111113,3400,1,3400
SO46140,BK-M82B-44,11991,20111101,20111108,20111113,3375,1,3375
SO46141,BK-R50R-58,19501,20111102,20111109,20111114,699,1,699
SO46142,BK-R93R-44,24310,20111102,20111109,20111114,3578,1,3578
SO46143,BK-M82S-48,26090,20111102,20111109,20111114,3400,1,3400
SO46144,BK-M82B-44,26094,20111102,20111109,20111114,3375,1,3375
SO46145,BK-R50B-48,14881,20111102,20111109,20111114,699,1,699
SO46146,BK-M82S-42,11421,20111103,20111110,20111115,3400,1,3400
SO46147,BK-R50R-58,19476,20111103,20111110,20111115,699,1,699
SO46148,BK-R93R-62,12052,20111103,20111110,20111115,3578,1,3578
SO46149,BK-R93R-44,12120,20111103,20111110,20111115,3578,1,3578
SO46150,BK-R50B-62,20569,20111103,20111110,20111115,699,1,699
SO46151,BK-M82B-48,26082,20111103,20111110,20111115,3375,1,3375
SO46152,BK-R93R-56,20424,20111103,20111110,20111115,3578,1,3578
SO46153,BK-R50R-62,25928,20111103,20111110,20111115,699,1,699
SO46154,BK-M82B-42,11989,20111103,20111110,20111115,3375,1,3375
SO46155,BK-R93R-62,12076,20111104,20111111,20111116,3578,1,3578
SO46156,BK-R93R-56,12118,20111104,20111111,20111116,3578,1,3578
SO46157,BK-M82S-42,26056,20111104,20111111,20111116,3400,1,3400
SO46158,BK-R50R-58,25926,20111104,20111111,20111116,699,1,699
SO46159,BK-M82B-48,11996,20111104,20111111,20111116,3375,1,3375
SO46160,BK-M82B-48,11412,20111105,20111112,20111117,3375,1,3375
SO46161,BK-R93R-44,12819,20111105,20111112,20111117,3578,1,3578
SO46162,BK-R93R-52,12163,20111105,20111112,20111117,3578,1,3578
SO46163,BK-R93R-48,12042,20111105,20111112,20111117,3578,1,3578
SO46164,BK-R93R-48,12079,20111105,20111112,20111117,3578,1,3578
SO46165,BK-R93R-62,12141,20111105,20111112,20111117,3578,1,3578
SO46166,BK-R93R-52,15657,20111105,20111112,20111117,3578,1,3578
SO46167,BK-M82S-48,11997,20111105,20111112,20111117,3400,1,3400
SO46168,BK-R50B-60,25936,20111105,20111112,20111117,699,1,699
SO46169,BK-R93R-52,12094,20111105,20111112,20111117,3578,1,3578
SO46170,BK-R93R-48,12156,20111106,20111113,20111118,3578,1,3578
SO46171,BK-R93R-62,24342,20111106,20111113,20111118,3578,1,3578
SO46172,BK-R93R-62,12030,20111106,20111113,20111118,3578,1,3578
SO46173,BK-R93R-44,20283,20111106,20111113,20111118,3578,1,3578
SO46174,BK-R93R-44,20608,20111106,20111113,20111118,3578,1,3578
SO46175,BK-M82B-42,12003,20111106,20111113,20111118,3375,1,3375
SO46176,BK-M82B-42,11491,20111107,20111114,20111119,3375,1,3375
SO46177,BK-R93R-48,12102,20111107,20111114,20111119,3578,1,3578
SO46178,BK-R50B-60,25937,20111107,20111114,20111119,699,1,699
SO46179,BK-R93R-52,11983,20111108,20111115,20111120,3578,1,3578
SO46180,BK-R93R-62,12084,20111108,20111115,20111120,3578,1,3578
SO46181,BK-M82B-38,12004,20111108,20111115,20111120,3375,1,3375
SO46182,BK-M82S-44,11995,20111108,20111115,20111120,3400,1,3400
SO46183,BK-M82B-48,28492,20111109,20111116,20111121,3375,1,3375
SO46184,BK-R93R-44,14834,20111109,20111116,20111121,3578,1,3578
SO46185,BK-R93R-56,15632,20111109,20111116,20111121,3578,1,3578
SO46186,BK-R93R-62,12041,20111109,20111116,20111121,3578,1,3578
SO46187,BK-R93R-52,24235,20111109,20111116,20111121,3578,1,3578
SO46188,BK-R93R-62,20430,20111109,20111116,20111121,3578,1,3578
SO46189,BK-R93R-48,20606,20111109,20111116,20111121,3578,1,3578
SO46190,BK-R93R-48,15653,20111109,20111116,20111121,3578,1,3578
SO46191,BK-R93R-62,14956,20111109,20111116,20111121,3578,1,3578
SO46192,BK-R93R-56,12830,20111110,20111117,20111122,3578,1,3578
SO46193,BK-R50B-52,18634,20111110,20111117,20111122,699,1,699
SO46194,BK-R93R-52,11939,20111110,20111117,20111122,3578,1,3578
SO46195,BK-R93R-56,12027,20111110,20111117,20111122,3578,1,3578
SO46196,BK-R93R-62,12109,20111110,20111117,20111122,3578,1,3578
SO46197,BK-M82S-48,26061,20111110,20111117,20111122,3400,1,3400
SO46198,BK-M82S-38,26089,20111110,20111117,20111122,3400,1,3400
SO46199,BK-R93R-56,20256,20111110,20111117,20111122,3578,1,3578
SO46200,BK-R93R-62,20260,20111110,20111117,20111122,3578,1,3578
SO46201,BK-R93R-56,20610,20111110,20111117,20111122,3578,1,3578
SO46202,BK-R50R-58,25935,20111110,20111117,20111122,699,1,699
SO46203,BK-M82S-44,11999,20111110,20111117,20111122,3400,1,3400
SO46204,BK-M82B-38,11988,20111110,20111117,20111122,3375,1,3375
SO46205,BK-R93R-52,12162,20111111,20111118,20111123,3578,1,3578
SO46206,BK-M82B-38,20023,20111111,20111118,20111123,3375,1,3375
SO46207,BK-M82B-38,26091,20111111,20111118,20111123,3375,1,3375
SO46208,BK-R93R-44,20284,20111111,20111118,20111123,3578,1,3578
SO46209,BK-R93R-48,12849,20111111,20111118,20111123,3578,1,3578
SO46210,BK-R93R-52,12866,20111111,20111118,20111123,3578,1,3578
SO46211,BK-R50R-48,18163,20111112,20111119,20111124,699,1,699
SO46212,BK-R93R-48,12173,20111112,20111119,20111124,3578,1,3578
SO46213,BK-R93R-56,12050,20111112,20111119,20111124,3578,1,3578
SO46214,BK-R93R-44,12072,20111112,20111119,20111124,3578,1,3578
SO46215,BK-R93R-62,20429,20111112,20111119,20111124,3578,1,3578
SO46216,BK-R93R-56,20456,20111112,20111119,20111124,3578,1,3578
SO46217,BK-R93R-56,20614,20111112,20111119,20111124,3578,1,3578
SO46218,BK-R93R-52,12820,20111113,20111120,20111125,3578,1,3578
SO46219,BK-R93R-52,24332,20111113,20111120,20111125,3578,1,3578
SO46220,BK-R93R-52,24344,20111113,20111120,20111125,3578,1,3578
SO46221,BK-R93R-56,23866,20111113,20111120,20111125,3578,1,3578
SO46222,BK-R50B-62,14891,20111113,20111120,20111125,699,1,699
SO46223,BK-R50R-44,14892,20111113,20111120,20111125,699,1,699
SO46224,BK-R50R-48,14902,20111113,20111120,20111125,699,1,699
SO46225,BK-R93R-52,20261,20111113,20111120,20111125,3578,1,3578
SO46226,BK-R93R-52,13263,20111113,20111120,20111125,3578,1,3578
SO46227,BK-M82B-48,11990,20111113,20111120,20111125,3375,1,3375
SO46228,BK-M82B-42,11993,20111113,20111120,20111125,3375,1,3375
SO46229,BK-M82S-38,11395,20111114,20111121,20111126,3400,1,3400
SO46230,BK-M82S-38,11493,20111114,20111121,20111126,3400,1,3400
SO46231,BK-R93R-62,12016,20111114,20111121,20111126,3578,1,3578
SO46232,BK-R93R-44,12058,20111114,20111121,20111126,3578,1,3578
SO46233,BK-R93R-56,23867,20111114,20111121,20111126,3578,1,3578
SO46234,BK-R93R-48,12110,20111114,20111121,20111126,3578,1,3578
SO46235,BK-R93R-48,12151,20111114,20111121,20111126,3578,1,3578
SO46236,BK-M82B-44,12001,20111114,20111121,20111126,3375,1,3375
SO46237,BK-R93R-48,12843,20111114,20111121,20111126,3578,1,3578
SO46238,BK-R93R-44,14838,20111115,20111122,20111127,3578,1,3578
SO46239,BK-R93R-48,14927,20111115,20111122,20111127,3578,1,3578
SO46240,BK-R93R-56,23868,20111115,20111122,20111127,3578,1,3578
SO46241,BK-M82S-42,20034,20111115,20111122,20111127,3400,1,3400
SO46242,BK-R93R-56,20423,20111115,20111122,20111127,3578,1,3578
SO46243,BK-R93R-44,20613,20111115,20111122,20111127,3578,1,3578
SO46244,BK-R93R-62,13504,20111115,20111122,20111127,3578,1,3578
SO46245,BK-R93R-56,14967,20111115,20111122,20111127,3578,1,3578
SO46246,BK-R93R-56,12143,20111116,20111123,20111128,3578,1,3578
SO46247,BK-R50B-60,14882,20111116,20111123,20111128,699,1,699
SO46248,BK-R50R-62,14896,20111116,20111123,20111128,699,1,699
SO46249,BK-M82S-48,12000,20111116,20111123,20111128,3400,1,3400
SO46250,BK-R93R-52,14940,20111116,20111123,20111128,3578,1,3578
SO46251,BK-M82B-44,11998,20111116,20111123,20111128,3375,1,3375
SO46252,BK-R93R-52,14939,20111117,20111124,20111129,3578,1,3578
SO46253,BK-R93R-44,12082,20111117,20111124,20111129,3578,1,3578
SO46254,BK-R93R-62,12096,20111117,20111124,20111129,3578,1,3578
SO46255,BK-R93R-48,20451,20111117,20111124,20111129,3578,1,3578
SO46256,BK-R93R-56,15652,20111117,20111124,20111129,3578,1,3578
SO46257,BK-M82S-44,11992,20111117,20111124,20111129,3400,1,3400
SO46258,BK-R93R-52,12160,20111118,20111125,20111130,3578,1,3578
SO46259,BK-R93R-52,12025,20111118,20111125,20111130,3578,1,3578
SO46260,BK-R93R-62,12108,20111118,20111125,20111130,3578,1,3578
SO46261,BK-M82B-38,26075,20111118,20111125,20111130,3375,1,3375
SO46262,BK-R93R-52,20445,20111118,20111125,20111130,3578,1,3578
SO46263,BK-R93R-62,12834,20111118,20111125,20111130,3578,1,3578
SO46264,BK-M82B-44,28491,20111119,20111126,20111201,3375,1,3375
SO46265,BK-R93R-48,11934,20111119,20111126,20111201,3578,1,3578
SO46266,BK-R93R-56,20425,20111119,20111126,20111201,3578,1,3578
SO46267,BK-R93R-56,20448,20111119,20111126,20111201,3578,1,3578
SO46268,BK-R93R-44,20615,20111119,20111126,20111201,3578,1,3578
SO46269,BK-R93R-48,15638,20111119,20111126,20111201,3578,1,3578
SO46270,BK-R93R-48,24309,20111120,20111127,20111202,3578,1,3578
SO46271,BK-R93R-52,12172,20111120,20111127,20111202,3578,1,3578
SO46272,BK-R93R-44,12116,20111120,20111127,20111202,3578,1,3578
SO46273,BK-M82B-48,26060,20111120,20111127,20111202,3375,1,3375
SO46274,BK-M82B-44,26070,20111120,20111127,20111202,3375,1,3375
SO46275,BK-R93R-52,20450,20111120,20111127,20111202,3578,1,3578
SO46276,BK-R93R-44,20612,20111120,20111127,20111202,3578,1,3578
SO46277,BK-R50R-60,19482,20111121,20111128,20111203,699,1,699
SO46278,BK-R50R-44,19496,20111121,20111128,20111203,699,1,699
SO46279,BK-R93R-48,12155,20111121,20111128,20111203,3578,1,3578
SO46280,BK-R93R-44,12121,20111121,20111128,20111203,3578,1,3578
SO46281,BK-M82S-48,26057,20111121,20111128,20111203,3400,1,3400
SO46282,BK-M82S-42,26058,20111121,20111128,20111203,3400,1,3400
SO46283,BK-M82B-48,26093,20111121,20111128,20111203,3375,1,3375
SO46284,BK-R50R-48,14888,20111121,20111128,20111203,699,1,699
SO46285,BK-M82S-44,12005,20111121,20111128,20111203,3400,1,3400
SO46286,BK-R50B-44,18175,20111122,20111129,20111204,699,1,699
SO46287,BK-R93R-48,12026,20111122,20111129,20111204,3578,1,3578
SO46288,BK-R93R-44,12059,20111122,20111129,20111204,3578,1,3578
SO46289,BK-R93R-52,12075,20111122,20111129,20111204,3578,1,3578
SO46290,BK-M82B-48,26066,20111122,20111129,20111204,3375,1,3375
SO46291,BK-R93R-52,20258,20111122,20111129,20111204,3578,1,3578
SO46292,BK-R93R-52,20418,20111122,20111129,20111204,3578,1,3578
SO46293,BK-R93R-44,14951,20111122,20111129,20111204,3578,1,3578
SO46294,BK-M82S-42,11986,20111122,20111129,20111204,3400,1,3400
SO46295,BK-R50R-52,20567,20111123,20111130,20111205,699,1,699
SO46296,BK-R93R-56,12170,20111123,20111130,20111205,3578,1,3578
SO46297,BK-R93R-52,12033,20111123,20111130,20111205,3578,1,3578
SO46298,BK-R93R-56,12071,20111123,20111130,20111205,3578,1,3578
SO46299,BK-R93R-56,20264,20111123,20111130,20111205,3578,1,3578
SO46300,BK-R93R-56,20452,20111123,20111130,20111205,3578,1,3578
SO46301,BK-R93R-52,12817,20111124,20111201,20111206,3578,1,3578
SO46302,BK-R93R-62,12083,20111124,20111201,20111206,3578,1,3578
SO46303,BK-R50B-48,25922,20111124,20111201,20111206,699,1,699
SO46304,BK-M82B-44,12002,20111124,20111201,20111206,3375,1,3375
SO46305,BK-R93R-44,14952,20111124,20111201,20111206,3578,1,3578
SO46306,BK-R93R-44,12164,20111125,20111202,20111207,3578,1,3578
SO46307,BK-R93R-56,20427,20111125,20111202,20111207,3578,1,3578
SO46308,BK-R93R-62,20609,20111125,20111202,20111207,3578,1,3578
SO46309,BK-M82B-44,11994,20111125,20111202,20111207,3375,1,3375
SO46310,BK-R50B-62,25938,20111125,20111202,20111207,699,1,699
SO46311,BK-R93R-56,12841,20111126,20111203,20111208,3578,1,3578
SO46312,BK-R93R-56,12153,20111127,20111204,20111209,3578,1,3578
SO46313,BK-R93R-52,12078,20111127,20111204,20111209,3578,1,3578
SO46314,BK-R93R-48,12112,20111127,20111204,20111209,3578,1,3578
SO46315,BK-R93R-44,12142,20111127,20111204,20111209,3578,1,3578
SO46316,BK-M82B-48,26083,20111127,20111204,20111209,3375,1,3375
SO46317,BK-R50B-60,14884,20111127,20111204,20111209,699,1,699
SO46318,BK-R93R-48,20444,20111127,20111204,20111209,3578,1,3578
SO46319,BK-R93R-44,12103,20111128,20111205,20111210,3578,1,3578
SO46320,BK-M82B-48,26084,20111128,20111205,20111210,3375,1,3375
SO46321,BK-R50R-52,14894,20111128,20111205,20111210,699,1,699
SO46390,BK-R93R-52,12440,20111129,20111206,20111211,3578,1,3578
SO46391,BK-R93R-48,20995,20111129,20111206,20111211,3578,1,3578
SO46392,BK-R93R-52,13537,20111129,20111206,20111211,3578,1,3578
SO46393,BK-R93R-56,15695,20111129,20111206,20111211,3578,1,3578
SO46394,BK-R93R-56,15055,20111130,20111207,20111212,3578,1,3578
SO46395,BK-M82S-44,11496,20111130,20111207,20111212,3400,1,3400
SO46396,BK-R93R-44,12442,20111130,20111207,20111212,3578,1,3578
SO46397,BK-R50R-48,27014,20111130,20111207,20111212,699,1,699
SO46398,BK-R93R-44,20992,20111130,20111207,20111212,3578,1,3578
SO46399,BK-R93R-56,20820,20111130,20111207,20111212,3578,1,3578
SO46400,BK-R93R-56,20987,20111130,20111207,20111212,3578,1,3578
SO46401,BK-R93R-62,20993,20111130,20111207,20111212,3578,1,3578
SO46402,BK-R93R-52,20616,20111130,20111207,20111212,3578,1,3578
SO46403,BK-R93R-56,14990,20111130,20111207,20111212,3578,1,3578
SO46404,BK-R93R-48,15692,20111130,20111207,20111212,3578,1,3578
SO46405,BK-R93R-62,20994,20111130,20111207,20111212,3578,1,3578
SO46406,BK-R93R-48,12779,20111201,20111208,20111213,3578,1,3578
SO46407,BK-R50B-52,27026,20111201,20111208,20111213,699,1,699
SO46408,BK-M82B-48,12011,20111201,20111208,20111213,3375,1,3375
SO46409,BK-R93R-52,15073,20111202,20111209,20111214,3578,1,3578
SO46410,BK-M82B-38,11548,20111202,20111209,20111214,3375,1,3375
SO46411,BK-R93R-56,24661,20111202,20111209,20111214,3578,1,3578
SO46412,BK-R93R-44,24493,20111202,20111209,20111214,3578,1,3578
SO46413,BK-M82S-44,20075,20111202,20111209,20111214,3400,1,3400
SO46414,BK-R50B-44,15006,20111202,20111209,20111214,699,1,699
SO46415,BK-R93R-62,20819,20111202,20111209,20111214,3578,1,3578
SO46416,BK-R93R-52,12181,20111203,20111210,20111215,3578,1,3578
SO46417,BK-R93R-56,12441,20111203,20111210,20111215,3578,1,3578
SO46418,BK-R93R-48,20988,20111203,20111210,20111215,3578,1,3578
SO46419,BK-M82S-38,12021,20111203,20111210,20111215,3400,1,3400
SO46420,BK-R93R-52,13511,20111203,20111210,20111215,3578,1,3578
SO46421,BK-R50B-62,25949,20111203,20111210,20111215,699,1,699
SO46422,BK-R93R-44,12884,20111204,20111211,20111216,3578,1,3578
SO46423,BK-R93R-52,12362,20111204,20111211,20111216,3578,1,3578
SO46424,BK-R93R-48,12435,20111204,20111211,20111216,3578,1,3578
SO46425,BK-R93R-52,24496,20111204,20111211,20111216,3578,1,3578
SO46426,BK-M82S-38,26107,20111204,20111211,20111216,3400,1,3400
SO46427,BK-M82B-44,20182,20111204,20111211,20111216,3375,1,3375
SO46428,BK-R93R-44,20629,20111204,20111211,20111216,3578,1,3578
SO46429,BK-M82S-42,11428,20111205,20111212,20111217,3400,1,3400
SO46430,BK-R93R-56,13564,20111205,20111212,20111217,3578,1,3578
SO46431,BK-R93R-62,12901,20111205,20111212,20111217,3578,1,3578
SO46432,BK-R50B-52,15016,20111205,20111212,20111217,699,1,699
SO46433,BK-R93R-48,20991,20111205,20111212,20111217,3578,1,3578
SO46434,BK-R93R-52,20996,20111205,20111212,20111217,3578,1,3578
SO46435,BK-M82B-38,12251,20111205,20111212,20111217,3375,1,3375
SO46436,BK-M82S-48,12337,20111205,20111212,20111217,3400,1,3400
SO46437,BK-R93R-52,15054,20111206,20111213,20111218,3578,1,3578
SO46438,BK-R93R-52,12174,20111206,20111213,20111218,3578,1,3578
SO46439,BK-R93R-52,20817,20111206,20111213,20111218,3578,1,3578
SO46440,BK-R93R-48,20621,20111206,20111213,20111218,3578,1,3578
SO46441,BK-R93R-48,15661,20111206,20111213,20111218,3578,1,3578
SO46442,BK-R93R-56,14997,20111206,20111213,20111218,3578,1,3578
SO46443,BK-R93R-56,15662,20111206,20111213,20111218,3578,1,3578
SO46444,BK-M82B-48,12246,20111206,20111213,20111218,3375,1,3375
SO46445,BK-R93R-48,12772,20111207,20111214,20111219,3578,1,3578
SO46446,BK-R93R-48,12777,20111207,20111214,20111219,3578,1,3578
SO46447,BK-R93R-48,20984,20111207,20111214,20111219,3578,1,3578
SO46448,BK-M82S-38,12250,20111207,20111214,20111219,3400,1,3400
SO46449,BK-M82S-42,12007,20111207,20111214,20111219,3400,1,3400
SO46450,BK-R93R-56,12446,20111208,20111215,20111220,3578,1,3578
SO46451,BK-R93R-62,12709,20111208,20111215,20111220,3578,1,3578
SO46452,BK-M82B-42,26112,20111208,20111215,20111220,3375,1,3375
SO46453,BK-R93R-52,20626,20111208,20111215,20111220,3578,1,3578
SO46454,BK-R93R-62,20812,20111208,20111215,20111220,3578,1,3578
SO46455,BK-R93R-56,15669,20111208,20111215,20111220,3578,1,3578
SO46456,BK-M82S-44,12014,20111208,20111215,20111220,3400,1,3400
SO46457,BK-R50R-62,25947,20111208,20111215,20111220,699,1,699
SO46458,BK-R93R-62,12771,20111209,20111216,20111221,3578,1,3578
SO46459,BK-R93R-52,12190,20111209,20111216,20111221,3578,1,3578
SO46460,BK-R93R-48,12438,20111209,20111216,20111221,3578,1,3578
SO46461,BK-R93R-44,20821,20111209,20111216,20111221,3578,1,3578
SO46462,BK-M82S-42,12013,20111209,20111216,20111221,3400,1,3400
SO46463,BK-M82B-38,11423,20111210,20111217,20111222,3375,1,3375
SO46464,BK-R93R-62,12885,20111210,20111217,20111222,3578,1,3578
SO46465,BK-R93R-44,12898,20111210,20111217,20111222,3578,1,3578
SO46466,BK-R93R-44,12915,20111210,20111217,20111222,3578,1,3578
SO46467,BK-R93R-56,12180,20111210,20111217,20111222,3578,1,3578
SO46468,BK-R93R-44,24431,20111210,20111217,20111222,3578,1,3578
SO46469,BK-R50B-58,19033,20111210,20111217,20111222,699,1,699
SO46470,BK-R50R-60,14915,20111210,20111217,20111222,699,1,699
SO46471,BK-R93R-62,14979,20111210,20111217,20111222,3578,1,3578
SO46472,BK-M82S-38,12248,20111210,20111217,20111222,3400,1,3400
SO46473,BK-R93R-44,14969,20111210,20111217,20111222,3578,1,3578
SO46474,BK-R50B-52,25944,20111210,20111217,20111222,699,1,699
SO46475,BK-R50R-60,20575,20111211,20111218,20111223,699,1,699
SO46476,BK-M82B-44,26110,20111211,20111218,20111223,3375,1,3375
SO46477,BK-M82S-44,12009,20111211,20111218,20111223,3400,1,3400
SO46478,BK-R50R-44,25939,20111211,20111218,20111223,699,1,699
SO46479,BK-R93R-62,12768,20111212,20111219,20111224,3578,1,3578
SO46480,BK-M82S-48,26114,20111212,20111219,20111224,3400,1,3400
SO46481,BK-R93R-52,20623,20111212,20111219,20111224,3578,1,3578
SO46482,BK-M82S-4
