cst_id,cst_key,cst_firstname,cst_lastname,cst_marital_status,cst_gndr,cst_create_date,dwh_create_date
11000,AW00011000,Jon,Yang,Married,Male,2025-10-06,2026-07-14 10:10:05.5100000
11001,AW00011001,Eugene,Huang,Single,Male,2025-10-06,2026-07-14 10:10:05.5100000
11002,AW00011002,Ruben,Torres,Married,Male,2025-10-06,2026-07-14 10:10:05.5100000
11003,AW00011003,Christy,Zhu,Single,Female,2025-10-06,2026-07-14 10:10:05.5100000
11004,AW00011004,Elizabeth,Johnson,Single,Female,2025-10-06,2026-07-14 10:10:05.5100000
11005,AW00011005,Julio,Ruiz,Single,Male,2025-10-06,2026-07-14 10:10:05.5100000
11006,AW00011006,Janet,Alvarez,Single,Female,2025-10-06,2026-07-14 10:10:05.5100000
11007,AW00011007,Marco,Mehta,Married,Male,2025-10-06,2026-07-14 10:10:05.5100000
11008,AW00011008,Rob,Verhoff,Single,Female,2025-10-06,2026-07-14 10:10:05.5100000
11009,AW00011009,Shannon,Carlson,Single,Male,2025-10-06,2026-07-14 10:10:05.5100000
11010,AW00011010,Jacquelyn,Suarez,Single,Female,2025-10-06,2026-07-14 10:10:05.5100000
11011,AW00011011,Curtis,Lu,Married,Male,2025-10-06,2026-07-14 10:10:05.5100000
11012,AW00011012,Lauren,Walker,Married,Female,2025-10-06,2026-07-14 10:10:05.5100000
11013,AW00011013,Ian,Jenkins,Married,Male,2025-10-06,2026-07-14 10:10:05.5100000
11014,AW00011014,Sydney,Bennett,Single,Female,2025-10-06,2026-07-14 10:10:05.5100000
11015,AW00011015,Chloe,Young,Single,Female,2025-10-06,2026-07-14 10:10:05.5100000
11016,AW00011016,Wyatt,Hill,Married,Male,2025-10-07,2026-07-14 10:10:05.5100000
11017,AW00011017,Shannon,Wang,Single,Female,2025-10-07,2026-07-14 10:10:05.5100000
11018,AW00011018,Clarence,Rai,Single,Male,2025-10-07,2026-07-14 10:10:05.5100000
11019,AW00011019,Luke,Lal,Single,Male,2025-10-07,2026-07-14 10:10:05.5100000
11020,AW00011020,Jordan,King,Single,Male,2025-10-07,2026-07-14 10:10:05.5100000
11021,AW00011021,Destiny,Wilson,Single,Female,2025-10-07,2026-07-14 10:10:05.5100000
11022,AW00011022,Ethan,Zhang,Married,Male,2025-10-07,2026-07-14 10:10:05.5100000
11023,AW00011023,Seth,Edwards,Married,Male,2025-10-07,2026-07-14 10:10:05.5100000
11024,AW00011024,Russell,Xie,Married,Male,2025-10-07,2026-07-14 10:10:05.5100000
11025,AW00011025,Alejandro,Beck,Married,Male,2025-10-07,2026-07-14 10:10:05.5100000
11026,AW00011026,Harold,Sai,Single,Male,2025-10-07,2026-07-14 10:10:05.5100000
11027,AW00011027,Jessie,Zhao,Married,Male,2025-10-07,2026-07-14 10:10:05.5100000
11028,AW00011028,Jill,Jimenez,Married,Female,2025-10-07,2026-07-14 10:10:05.5100000
11029,AW00011029,Jimmy,Moreno,Married,Male,2025-10-07,2026-07-14 10:10:05.5100000
11030,AW00011030,Bethany,Yuan,Married,Female,2025-10-07,2026-07-14 10:10:05.5100000
11031,AW00011031,Theresa,Ramos,Married,Female,2025-10-07,2026-07-14 10:10:05.5100000
11032,AW00011032,Denise,Stone,Married,Female,2025-10-07,2026-07-14 10:10:05.5100000
11033,AW00011033,Jaime,Nath,Married,Male,2025-10-07,2026-07-14 10:10:05.5100000
11034,AW00011034,Ebony,Gonzalez,Married,Female,2025-10-07,2026-07-14 10:10:05.5100000
11035,AW00011035,Wendy,Dominguez,Married,Female,2025-10-07,2026-07-14 10:10:05.5100000
11036,AW00011036,Jennifer,Russell,Married,Female,2025-10-07,2026-07-14 10:10:05.5100000
11037,AW00011037,Chloe,Garcia,Single,Female,2025-10-07,2026-07-14 10:10:05.5100000
11038,AW00011038,Diana,Hernandez,Married,Female,2025-10-07,2026-07-14 10:10:05.5100000
11039,AW00011039,Marc,Martin,Married,Male,2025-10-07,2026-07-14 10:10:05.5100000
11040,AW00011040,Jesse,Murphy,Married,Male,2025-10-07,2026-07-14 10:10:05.5100000
11041,AW00011041,Amanda,Carter,Married,Female,2025-10-07,2026-07-14 10:10:05.5100000
11042,AW00011042,Megan,Sanchez,Married,Female,2025-10-07,2026-07-14 10:10:05.5100000
11043,AW00011043,Nathan,Simmons,Married,Male,2025-10-07,2026-07-14 10:10:05.5100000
11044,AW00011044,Adam,Flores,Married,Male,2025-10-07,2026-07-14 10:10:05.5100000
11045,AW00011045,Leonard,Nara,Single,Male,2025-10-07,2026-07-14 10:10:05.5100000
11046,AW00011046,Christine,Yuan,Married,Female,2025-10-07,2026-07-14 10:10:05.5100000
11047,AW00011047,Jaclyn,Lu,Married,Female,2025-10-07,2026-07-14 10:10:05.5100000
11048,AW00011048,Jeremy,Powell,Married,Male,2025-10-07,2026-07-14 10:10:05.5100000
11049,AW00011049,Carol,Rai,Single,Female,2025-10-07,2026-07-14 10:10:05.5100000
11050,AW00011050,Alan,Zheng,Married,Male,2025-10-07,2026-07-14 10:10:05.5100000
11051,AW00011051,Daniel,Johnson,Single,Male,2025-10-07,2026-07-14 10:10:05.5100000
11052,AW00011052,Heidi,Lopez,Single,Female,2025-10-07,2026-07-14 10:10:05.5100000
11053,AW00011053,Ana,Price,Married,Female,2025-10-07,2026-07-14 10:10:05.5100000
11054,AW00011054,Deanna,Munoz,Married,Female,2025-10-07,2026-07-14 10:10:05.5100000
11055,AW00011055,Gilbert,Raje,Married,Male,2025-10-07,2026-07-14 10:10:05.5100000
11056,AW00011056,Michele,Nath,Married,Female,2025-10-07,2026-07-14 10:10:05.5100000
11057,AW00011057,Carl,Andersen,Married,Male,2025-10-07,2026-07-14 10:10:05.5100000
11058,AW00011058,Marc,Diaz,Married,Male,2025-10-07,2026-07-14 10:10:05.5100000
11059,AW00011059,Ashlee,Andersen,Single,Female,2025-10-07,2026-07-14 10:10:05.5100000
11060,AW00011060,Jon,Zhou,Married,Male,2025-10-07,2026-07-14 10:10:05.5100000
11061,AW00011061,Todd,Gao,Married,Male,2025-10-07,2026-07-14 10:10:05.5100000
11062,AW00011062,Noah,Powell,Married,Male,2025-10-07,2026-07-14 10:10:05.5100000
11063,AW00011063,Angela,Murphy,Single,Female,2025-10-07,2026-07-14 10:10:05.5100000
11064,AW00011064,Chase,Reed,Married,Male,2025-10-07,2026-07-14 10:10:05.5100000
11065,AW00011065,Jessica,Henderson,Married,Female,2025-10-07,2026-07-14 10:10:05.5100000
11066,AW00011066,Grace,Butler,Married,Female,2025-10-07,2026-07-14 10:10:05.5100000
11067,AW00011067,Caleb,Carter,Single,Male,2025-10-07,2026-07-14 10:10:05.5100000
11068,AW00011068,Tiffany,Liang,Single,Female,2025-10-07,2026-07-14 10:10:05.5100000
11069,AW00011069,Carolyn,Navarro,Single,Female,2025-10-07,2026-07-14 10:10:05.5100000
11070,AW00011070,Willie,Raji,Married,Male,2025-10-07,2026-07-14 10:10:05.5100000
11071,AW00011071,Linda,Serrano,Single,Female,2025-10-07,2026-07-14 10:10:05.5100000
11072,AW00011072,Casey,Luo,Single,Female,2025-10-07,2026-07-14 10:10:05.5100000
11073,AW00011073,Amy,Ye,Single,Female,2025-10-07,2026-07-14 10:10:05.5100000
11074,AW00011074,Levi,Arun,Single,Male,2025-10-07,2026-07-14 10:10:05.5100000
11075,AW00011075,Felicia,Jimenez,Single,Female,2025-10-07,2026-07-14 10:10:05.5100000
11076,AW00011076,Blake,Anderson,Single,Male,2025-10-07,2026-07-14 10:10:05.5100000
11077,AW00011077,Leah,Ye,Single,Female,2025-10-07,2026-07-14 10:10:05.5100000
11078,AW00011078,Gina,Martin,Single,Female,2025-10-07,2026-07-14 10:10:05.5100000
11079,AW00011079,Donald,Gonzalez,Single,Male,2025-10-07,2026-07-14 10:10:05.5100000
11080,AW00011080,Damien,Chander,Married,Male,2025-10-07,2026-07-14 10:10:05.5100000
11081,AW00011081,Savannah,Baker,Married,Female,2025-10-07,2026-07-14 10:10:05.5100000
11082,AW00011082,Angela,Butler,Single,Female,2025-10-07,2026-07-14 10:10:05.5100000
11083,AW00011083,Alyssa,Cox,Married,Female,2025-10-07,2026-07-14 10:10:05.5100000
11084,AW00011084,Lucas,Phillips,Single,Male,2025-10-07,2026-07-14 10:10:05.5100000
11085,AW00011085,Emily,Johnson,Single,Female,2025-10-07,2026-07-14 10:10:05.5100000
11086,AW00011086,Ryan,Brown,Married,Male,2025-10-07,2026-07-14 10:10:05.5100000
11087,AW00011087,Tamara,Liang,Married,Female,2025-10-07,2026-07-14 10:10:05.5100000
11088,AW00011088,Hunter,Davis,Married,Male,2025-10-07,2026-07-14 10:10:05.5100000
11089,AW00011089,Abigail,Price,Single,Female,2025-10-07,2026-07-14 10:10:05.5100000
11090,AW00011090,Trevor,Bryant,Single,Male,2025-10-07,2026-07-14 10:10:05.5100000
11091,AW00011091,Dalton,Perez,Married,Male,2025-10-07,2026-07-14 10:10:05.5100000
11092,AW00011092,Cheryl,Diaz,Married,Female,2025-10-07,2026-07-14 10:10:05.5100000
11093,AW00011093,Aimee,He,Married,Female,2025-10-07,2026-07-14 10:10:05.5100000
11094,AW00011094,Cedric,Ma,Single,Male,2025-10-07,2026-07-14 10:10:05.5100000
11095,AW00011095,Chad,Kumar,Single,Male,2025-10-07,2026-07-14 10:10:05.5100000
11096,AW00011096,Andr├⌐s,Anand,Married,Male,2025-10-07,2026-07-14 10:10:05.5100000
11097,AW00011097,Edwin,Nara,Married,Male,2025-10-07,2026-07-14 10:10:05.5100000
11098,AW00011098,Mallory,Rubio,Single,Female,2025-10-07,2026-07-14 10:10:05.5100000
11099,AW00011099,Adam,Ross,Married,Male,2025-10-07,2026-07-14 10:10:05.5100000
11100,AW00011100,Latasha,Navarro,Single,Female,2025-10-07,2026-07-14 10:10:05.5100000
11101,AW00011101,Abby,Sai,Single,Female,2025-10-07,2026-07-14 10:10:05.5100000
11102,AW00011102,Julia,Nelson,Single,Female,2025-10-07,2026-07-14 10:10:05.5100000
11103,AW00011103,Cassie,Chande,Single,Female,2025-10-07,2026-07-14 10:10:05.5100000
11104,AW00011104,Edgar,Sara,Married,Male,2025-10-07,2026-07-14 10:10:05.5100000
11105,AW00011105,Candace,Fernandez,Single,Female,2025-10-07,2026-07-14 10:10:05.5100000
11106,AW00011106,Jessie,Liu,Single,Male,2025-10-07,2026-07-14 10:10:05.5100000
11107,AW00011107,Bianca,Lin,Married,Female,2025-10-07,2026-07-14 10:10:05.5100000
11108,AW00011108,Kari,Alvarez,Single,Female,2025-10-07,2026-07-14 10:10:05.5100000
11109,AW00011109,Ruben,Kapoor,Single,Male,2025-10-07,2026-07-14 10:10:05.5100000
11110,AW00011110,Curtis,Yang,Married,Male,2025-10-07,2026-07-14 10:10:05.5100000
11111,AW00011111,Meredith,Gutierrez,Married,Female,2025-10-07,2026-07-14 10:10:05.5100000
11112,AW00011112,Crystal,Wang,Married,Female,2025-10-07,2026-07-14 10:10:05.5100000
11113,AW00011113,Micheal,Blanco,Married,Male,2025-10-07,2026-07-14 10:10:05.5100000
11114,AW00011114,Leslie,Moreno,Single,Female,2025-10-07,2026-07-14 10:10:05.5100000
11115,AW00011115,Alvin,Cai,Married,Male,2025-10-07,2026-07-14 10:10:05.5100000
11116,AW00011116,Clinton,Carlson,Married,Male,2025-10-07,2026-07-14 10:10:05.5100000
11117,AW00011117,April,Deng,Married,Female,2025-10-07,2026-07-14 10:10:05.5100000
11118,AW00011118,Alvin,Zeng,Single,Male,2025-10-07,2026-07-14 10:10:05.5100000
11119,AW00011119,Evan,James,Single,Male,2025-10-07,2026-07-14 10:10:05.5100000
11120,AW00011120,Beth,Jim├⌐nez,Single,Female,2025-10-07,2026-07-14 10:10:05.5100000
11121,AW00011121,Orlando,Suarez,Married,Male,2025-10-07,2026-07-14 10:10:05.5100000
11122,AW00011122,Byron,Vazquez,Married,Male,2025-10-07,2026-07-14 10:10:05.5100000
11123,AW00011123,Philip,Alvarez,Married,Male,2025-10-07,2026-07-14 10:10:05.5100000
11124,AW00011124,Ross,Jordan,Single,Male,2025-10-07,2026-07-14 10:10:05.5100000
11125,AW00011125,Dana,Navarro,Single,Female,2025-10-07,2026-07-14 10:10:05.5100000
11126,AW00011126,Shaun,Carson,Married,Male,2025-10-07,2026-07-14 10:10:05.5100000
11127,AW00011127,Jan,Edwards,Married,Female,2025-10-07,2026-07-14 10:10:05.5100000
11128,AW00011128,Samantha,Long,Married,Female,2025-10-07,2026-07-14 10:10:05.5100000
11129,AW00011129,Julia,Wright,Single,Female,2025-10-07,2026-07-14 10:10:05.5100000
11130,AW00011130,Caroline,Russell,Married,Female,2025-10-07,2026-07-14 10:10:05.5100000
11131,AW00011131,Amanda,Rivera,Married,Female,2025-10-07,2026-07-14 10:10:05.5100000
11132,AW00011132,Melissa,Richardson,Single,Female,2025-10-07,2026-07-14 10:10:05.5100000
11133,AW00011133,Angela,Griffin,Single,Female,2025-10-07,2026-07-14 10:10:05.5100000
11134,AW00011134,Larry,Townsend,Single,Male,2025-10-07,2026-07-14 10:10:05.5100000
11135,AW00011135,Marcus,Harris,Single,Male,2025-10-07,2026-07-14 10:10:05.5100000
11136,AW00011136,Brianna,Morgan,Single,Female,2025-10-07,2026-07-14 10:10:05.5100000
11137,AW00011137,Jasmine,Taylor,Married,Female,2025-10-07,2026-07-14 10:10:05.5100000
11138,AW00011138,Lauren,Davis,Married,Female,2025-10-07,2026-07-14 10:10:05.5100000
11139,AW00011139,Tanya,Moreno,Single,Female,2025-10-07,2026-07-14 10:10:05.5100000
11140,AW00011140,Javier,Alvarez,Single,Male,2025-10-07,2026-07-14 10:10:05.5100000
11141,AW00011141,Nicole,Ramirez,Married,Female,2025-10-07,2026-07-14 10:10:05.5100000
11142,AW00011142,Eduardo,Patterson,Single,Male,2025-10-07,2026-07-14 10:10:05.5100000
11143,AW00011143,Jonathan,Henderson,Married,Male,2025-10-07,2026-07-14 10:10:05.5100000
11144,AW00011144,Edward,Hernandez,Single,Male,2025-10-07,2026-07-14 10:10:05.5100000
11145,AW00011145,Jasmine,Coleman,Single,Female,2025-10-07,2026-07-14 10:10:05.5100000
11146,AW00011146,Karla,Goel,Single,Female,2025-10-07,2026-07-14 10:10:05.5100000
11147,AW00011147,Ernest,Wu,Married,Male,2025-10-07,2026-07-14 10:10:05.5100000
11148,AW00011148,Ross,Vazquez,Married,Male,2025-10-07,2026-07-14 10:10:05.5100000
11149,AW00011149,Theodore,Gill,Married,Male,2025-10-07,2026-07-14 10:10:05.5100000
11150,AW00011150,Russell,Shen,Single,Male,2025-10-07,2026-07-14 10:10:05.5100000
11151,AW00011151,Melinda,Gill,Single,Female,2025-10-07,2026-07-14 10:10:05.5100000
11152,AW00011152,James,Williams,Single,Male,2025-10-07,2026-07-14 10:10:05.5100000
11153,AW00011153,Angela,James,Married,Female,2025-10-07,2026-07-14 10:10:05.5100000
11154,AW00011154,Megan,Walker,Single,Female,2025-10-07,2026-07-14 10:10:05.5100000
11155,AW00011155,Hunter,Robinson,Single,Male,2025-10-07,2026-07-14 10:10:05.5100000
11156,AW00011156,Maria,Roberts,Single,Female,2025-10-07,2026-07-14 10:10:05.5100000
11157,AW00011157,Hannah,Long,Married,Female,2025-10-07,2026-07-14 10:10:05.5100000
11158,AW00011158,Jason,Wright,Single,Male,2025-10-07,2026-07-14 10:10:05.5100000
11159,AW00011159,Brianna,Hughes,Single,Female,2025-10-07,2026-07-14 10:10:05.5100000
11160,AW00011160,Maurice,Tang,Single,n/a,2025-10-07,2026-07-14 10:10:05.5100000
11161,AW00011161,Emily,Wood,Single,n/a,2025-10-07,2026-07-14 10:10:05.5100000
11162,AW00011162,Chase,Cox,Single,n/a,2025-10-07,2026-07-14 10:10:05.5100000
11163,AW00011163,Gabriel,Wang,Married,n/a,2025-10-07,2026-07-14 10:10:05.5100000
11164,AW00011164,Devin,Brooks,Single,n/a,2025-10-07,2026-07-14 10:10:05.5100000
11165,AW00011165,Jocelyn,Alexander,Married,n/a,2025-10-07,2026-07-14 10:10:05.5100000
11166,AW00011166,Ashley,Martinez,Single,n/a,2025-10-07,2026-07-14 10:10:05.5100000
11167,AW00011167,Jasmine,Barnes,Single,n/a,2025-10-07,2026-07-14 10:10:05.5100000
11168,AW00011168,David,Rodriguez,Single,n/a,2025-10-07,2026-07-14 10:10:05.5100000
11169,AW00011169,Bryce,Richardson,Married,n/a,2025-10-07,2026-07-14 10:10:05.5100000
11170,AW00011170,Carol,Howard,Married,n/a,2025-10-07,2026-07-14 10:10:05.5100000
11171,AW00011171,Jonathan,Hill,Single,n/a,2025-10-07,2026-07-14 10:10:05.5100000
11172,AW00011172,Gabrielle,Adams,Married,n/a,2025-10-07,2026-07-14 10:10:05.5100000
11173,AW00011173,Sarah,Thomas,Single,n/a,2025-10-07,2026-07-14 10:10:05.5100000
11174,AW00011174,Nicholas,Robinson,Married,n/a,2025-10-07,2026-07-14 10:10:05.5100000
11175,AW00011175,Luis,Wang,Single,n/a,2025-10-07,2026-07-14 10:10:05.5100000
11176,AW00011176,Mason,Roberts,Married,n/a,2025-10-07,2026-07-14 10:10:05.5100000
11177,AW00011177,Jose,Flores,Married,n/a,2025-10-07,2026-07-14 10:10:05.5100000
11178,AW00011178,Nathan,Johnson,Married,n/a,2025-10-07,2026-07-14 10:10:05.5100000
11179,AW00011179,Molly,Rodriguez,Married,n/a,2025-10-07,2026-07-14 10:10:05.5100000
11180,AW00011180,April,Anand,Married,n/a,2025-10-07,2026-07-14 10:10:05.5100000
11181,AW00011181,Devin,Martin,Married,n/a,2025-10-07,2026-07-14 10:10:05.5100000
11182,AW00011182,Stephanie,Torres,Single,n/a,2025-10-07,2026-07-14 10:10:05.5100000
11183,AW00011183,Jasmine,Lee,Single,n/a,2025-10-07,2026-07-14 10:10:05.5100000
11184,AW00011184,Meghan,Hernandez,Single,n/a,2025-10-07,2026-07-14 10:10:05.5100000
11185,AW00011185,Ashley,Henderson,Single,n/a,2025-10-07,2026-07-14 10:10:05.5100000
11186,AW00011186,Sarah,Price,Single,n/a,2025-10-07,2026-07-14 10:10:05.5100000
11187,AW00011187,Jennifer,Cooper,Married,n/a,2025-10-07,2026-07-14 10:10:05.5100000
11188,AW00011188,Catherine,Morris,Married,n/a,2025-10-07,2026-07-14 10:10:05.5100000
11189,AW00011189,Lawrence,Blanco,Single,n/a,2025-10-07,2026-07-14 10:10:05.5100000
11190,AW00011190,Carson,Bryant,Married,n/a,2025-10-07,2026-07-14 10:10:05.5100000
11191,AW00011191,Kristi,Perez,Single,n/a,2025-10-07,2026-07-14 10:10:05.5100000
11192,AW00011192,James,Brown,Married,n/a,2025-10-07,2026-07-14 10:10:05.5100000
11193,AW00011193,Ian,Gray,Married,n/a,2025-10-07,2026-07-14 10:10:05.5100000
11194,AW00011194,Jacqueline,Price,Married,n/a,2025-10-07,2026-07-14 10:10:05.5100000
11195,AW00011195,Megan,Henderson,Married,n/a,2025-10-07,2026-07-14 10:10:05.5100000
11196,AW00011196,Alfredo,Romero,Married,n/a,2025-10-07,2026-07-14 10:10:05.5100000
11197,AW00011197,Andrea,Morris,Married,n/a,2025-10-08,2026-07-14 10:10:05.5100000
11198,AW00011198,Brooke,Sanders,Single,n/a,2025-10-08,2026-07-14 10:10:05.5100000
11199,AW00011199,Jacqueline,Bennett,Married,n/a,2025-10-08,2026-07-14 10:10:05.5100000
11200,AW00011200,Jason,Griffin,Married,n/a,2025-10-08,2026-07-14 10:10:05.5100000
11201,AW00011201,Amanda,Foster,Married,n/a,2025-10-08,2026-07-14 10:10:05.5100000
11202,AW00011202,Alexia,Price,Married,n/a,2025-10-08,2026-07-14 10:10:05.5100000
11203,AW00011203,Luis,Diaz,Married,n/a,2025-10-08,2026-07-14 10:10:05.5100000
11204,AW00011204,Destiny,Rivera,Married,n/a,2025-10-08,2026-07-14 10:10:05.5100000
11205,AW00011205,Abby,Fernandez,Married,n/a,2025-10-08,2026-07-14 10:10:05.5100000
11206,AW00011206,Blake,Flores,Married,n/a,2025-10-08,2026-07-14 10:10:05.5100000
11207,AW00011207,Danielle,Cox,Single,n/a,2025-10-08,2026-07-14 10:10:05.5100000
11208,AW00011208,Maria,Reed,Married,n/a,2025-10-08,2026-07-14 10:10:05.5100000
11209,AW00011209,Allison,Evans,Married,n/a,2025-10-08,2026-07-14 10:10:05.5100000
11210,AW00011210,Edward,Wood,Married,n/a,2025-10-08,2026-07-14 10:10:05.5100000
11211,AW00011211,Samantha,Russell,Married,n/a,2025-10-08,2026-07-14 10:10:05.5100000
11212,AW00011212,Chloe,Campbell,Married,n/a,2025-10-08,2026-07-14 10:10:05.5100000
11213,AW00011213,Stephanie,Murphy,Single,n/a,2025-10-08,2026-07-14 10:10:05.5100000
11214,AW00011214,Charles,Miller,Single,n/a,2025-10-08,2026-07-14 10:10:05.5100000
11215,AW00011215,Ana,Perry,Married,n/a,2025-10-08,2026-07-14 10:10:05.5100000
11216,AW00011216,Jasmine,Torres,Single,n/a,2025-10-08,2026-07-14 10:10:05.5100000
11217,AW00011217,Natalie,Adams,Single,n/a,2025-10-08,2026-07-14 10:10:05.5100000
11218,AW00011218,Olivia,Brown,Single,n/a,2025-10-08,2026-07-14 10:10:05.5100000
11219,AW00011219,Charles,Cook,Married,n/a,2025-10-08,2026-07-14 10:10:05.5100000
11220,AW00011220,Erica,Huang,Married,n/a,2025-10-08,2026-07-14 10:10:05.5100000
11221,AW00011221,Nathan,Perry,Married,n/a,2025-10-08,2026-07-14 10:10:05.5100000
11222,AW00011222,Alexandra,Rivera,Married,n/a,2025-10-08,2026-07-14 10:10:05.5100000
11223,AW00011223,Hailey,Patterson,Single,n/a,2025-10-08,2026-07-14 10:10:05.5100000
11224,AW00011224,Tiffany,Li,Single,n/a,2025-10-08,2026-07-14 10:10:05.5100000
11225,AW00011225,Madison,Lee,Married,n/a,2025-10-08,2026-07-14 10:10:05.5100000
11226,AW00011226,Sydney,Ross,Married,n/a,2025-10-08,2026-07-14 10:10:05.5100000
11227,AW00011227,Marshall,Chavez,Single,n/a,2025-10-08,2026-07-14 10:10:05.5100000
11228,AW00011228,Ashley,Jones,Married,n/a,2025-10-08,2026-07-14 10:10:05.5100000
11229,AW00011229,Adrian,Stewart,Single,n/a,2025-10-08,2026-07-14 10:10:05.5100000
11230,AW00011230,Amber,Turner,Married,n/a,2025-10-08,2026-07-14 10:10:05.5100000
11231,AW00011231,Dennis,Zhang,Married,n/a,2025-10-08,2026-07-14 10:10:05.5100000
11232,AW00011232,Hailey,Bryant,Married,n/a,2025-10-08,2026-07-14 10:10:05.5100000
11233,AW00011233,Todd,Li,Married,n/a,2025-10-08,2026-07-14 10:10:05.5100000
11234,AW00011234,Anna,Griffin,Single,n/a,2025-10-08,2026-07-14 10:10:05.5100000
11235,AW00011235,Angel,Stewart,Married,n/a,2025-10-08,2026-07-14 10:10:05.5100000
11236,AW00011236,Jeremy,Butler,Single,n/a,2025-10-08,2026-07-14 10:10:05.5100000
11237,AW00011237,Clarence,Anand,Single,n/a,2025-10-08,2026-07-14 10:10:05.5100000
11238,AW00011238,Mayra,Prasad,Single,n/a,2025-10-08,2026-07-14 10:10:05.5100000
11239,AW00011239,Latoya,Goel,Married,n/a,2025-10-08,2026-07-14 10:10:05.5100000
11240,AW00011240,Anne,Hernandez,Married,n/a,2025-10-08,2026-07-14 10:10:05.5100000
11241,AW00011241,Lisa,Cai,Single,n/a,2025-10-08,2026-07-14 10:10:05.5100000
11242,AW00011242,Larry,Munoz,Married,n/a,2025-10-08,2026-07-14 10:10:05.5100000
11243,AW00011243,Robin,Alvarez,Married,n/a,2025-10-08,2026-07-14 10:10:05.5100000
11244,AW00011244,Alexis,Coleman,Single,n/a,2025-10-08,2026-07-14 10:10:05.5100000
11245,AW00011245,Ricky,Vazquez,Married,n/a,2025-10-08,2026-07-14 10:10:05.5100000
11246,AW00011246,Latasha,Rubio,Married,n/a,2025-10-08,2026-07-14 10:10:05.5100000
11247,AW00011247,Claudia,Zhou,Single,n/a,2025-10-08,2026-07-14 10:10:05.5100000
11248,AW00011248,Tristan,Alexander,Married,n/a,2025-10-08,2026-07-14 10:10:05.5100000
11249,AW00011249,Cindy,Patel,Married,n/a,2025-10-08,2026-07-14 10:10:05.5100000
11250,AW00011250,Shannon,Liu,Married,n/a,2025-10-08,2026-07-14 10:10:05.5100000
11251,AW00011251,Xavier,Long,Single,n/a,2025-10-08,2026-07-14 10:10:05.5100000
11252,AW00011252,Nicholas,Thompson,Single,n/a,2025-10-08,2026-07-14 10:10:05.5100000
11253,AW00011253,Jos├⌐,Hernandez,Married,n/a,2025-10-08,2026-07-14 10:10:05.5100000
11254,AW00011254,Johnathan,Vance,Married,n/a,2025-10-08,2026-07-14 10:10:05.5100000
11255,AW00011255,Colin,Lin,Married,n/a,2025-10-08,2026-07-14 10:10:05.5100000
11256,AW00011256,Katelyn,Hernandez,Married,n/a,2025-10-08,2026-07-14 10:10:05.5100000
11257,AW00011257,Jacqueline,Powell,Single,n/a,2025-10-08,2026-07-14 10:10:05.5100000
11258,AW00011258,Xavier,Hill,Married,n/a,2025-10-08,2026-07-14 10:10:05.5100000
11259,AW00011259,Victoria,Stewart,Married,n/a,2025-10-08,2026-07-14 10:10:05.5100000
11260,AW00011260,Katelyn,Kelly,Married,n/a,2025-10-08,2026-07-14 10:10:05.5100000
11261,AW00011261,Stephanie,Collins,Married,n/a,2025-10-08,2026-07-14 10:10:05.5100000
11262,AW00011262,Jennifer,Simmons,Married,n/a,2025-10-08,2026-07-14 10:10:05.5100000
11263,AW00011263,Trinity,Richardson,Married,n/a,2025-10-08,2026-07-14 10:10:05.5100000
11264,AW00011264,Eduardo,Martin,Single,n/a,2025-10-08,2026-07-14 10:10:05.5100000
11265,AW00011265,Elizabeth,Jones,Married,n/a,2025-10-08,2026-07-14 10:10:05.5100000
11266,AW00011266,Taylor,Howard,Single,n/a,2025-10-08,2026-07-14 10:10:05.5100000
11267,AW00011267,David,Diaz,Single,n/a,2025-10-08,2026-07-14 10:10:05.5100000
11268,AW00011268,Katelyn,Carter,Married,n/a,2025-10-08,2026-07-14 10:10:05.5100000
11269,AW00011269,Ryan,Foster,Married,n/a,2025-10-08,2026-07-14 10:10:05.5100000
11270,AW00011270,Robert,Lee,Married,n/a,2025-10-08,2026-07-14 10:10:05.5100000
11271,AW00011271,Danielle,Reed,Single,n/a,2025-10-08,2026-07-14 10:10:05.5100000
11272,AW00011272,Lauren,Martinez,Single,n/a,2025-10-08,2026-07-14 10:10:05.5100000
11273,AW00011273,Nathan,Lal,Married,n/a,2025-10-08,2026-07-14 10:10:05.5100000
11274,AW00011274,Kyle,Foster,Married,n/a,2025-10-08,2026-07-14 10:10:05.5100000
11275,AW00011275,Jenny,Rai,Married,n/a,2025-10-08,2026-07-14 10:10:05.5100000
11276,AW00011276,Nancy,Chapman,Married,n/a,2025-10-08,2026-07-14 10:10:05.5100000
11277,AW00011277,Charles,Jackson,Married,n/a,2025-10-08,2026-07-14 10:10:05.5100000
11278,AW00011278,Jonathan,Phillips,Single,n/a,2025-10-08,2026-07-14 10:10:05.5100000
11279,AW00011279,Amanda,Cook,Married,n/a,2025-10-08,2026-07-14 10:10:05.5100000
11280,AW00011280,Robert,Collins,Married,n/a,2025-10-08,2026-07-14 10:10:05.5100000
11281,AW00011281,Megan,Barnes,Single,n/a,2025-10-08,2026-07-14 10:10:05.5100000
11282,AW00011282,Christian,Thomas,Married,n/a,2025-10-08,2026-07-14 10:10:05.5100000
11283,AW00011283,Arturo,Lal,Married,n/a,2025-10-08,2026-07-14 10:10:05.5100000
11284,AW00011284,Theresa,Serrano,Married,n/a,2025-10-08,2026-07-14 10:10:05.5100000
11285,AW00011285,Jeremy,Anderson,Married,n/a,2025-10-08,2026-07-14 10:10:05.5100000
11286,AW00011286,Hunter,Griffin,Married,n/a,2025-10-08,2026-07-14 10:10:05.5100000
11287,AW00011287,Henry,Garcia,Married,n/a,2025-10-08,2026-07-14 10:10:05.5100000
11288,AW00011288,Cindy,Sanchez,Married,n/a,2025-10-08,2026-07-14 10:10:05.5100000
11289,AW00011289,Maria,Carter,Married,n/a,2025-10-08,2026-07-14 10:10:05.5100000
11290,AW00011290,Katelyn,Sanchez,Married,n/a,2025-10-08,2026-07-14 10:10:05.5100000
11291,AW00011291,Jenna,Wright,Married,n/a,2025-10-08,2026-07-14 10:10:05.5100000
11292,AW00011292,Seth,Phillips,Single,n/a,2025-10-08,2026-07-14 10:10:05.5100000
11293,AW00011293,Luke,Long,Single,n/a,2025-10-08,2026-07-14 10:10:05.5100000
11294,AW00011294,Dalton,Clark,Married,n/a,2025-10-08,2026-07-14 10:10:05.5100000
11295,AW00011295,Taylor,Lewis,Single,n/a,2025-10-08,2026-07-14 10:10:05.5100000
11296,AW00011296,Haley,Richardson,Single,n/a,2025-10-08,2026-07-14 10:10:05.5100000
11297,AW00011297,Noah,Coleman,Single,n/a,2025-10-08,2026-07-14 10:10:05.5100000
11298,AW00011298,Jon,Luo,Married,n/a,2025-10-08,2026-07-14 10:10:05.5100000
11299,AW00011299,Orlando,Vazquez,Married,n/a,2025-10-08,2026-07-14 10:10:05.5100000
11300,AW00011300,Fernando,Barnes,Married,n/a,2025-10-08,2026-07-14 10:10:05.5100000
11301,AW00011301,Cameron,Rodriguez,Married,n/a,2025-10-08,2026-07-14 10:10:05.5100000
11302,AW00011302,Spencer,Russell,Single,n/a,2025-10-08,2026-07-14 10:10:05.5100000
11303,AW00011303,Julia,Coleman,Single,n/a,2025-10-08,2026-07-14 10:10:05.5100000
11304,AW00011304,Julia,Garcia,Married,n/a,2025-10-08,2026-07-14 10:10:05.5100000
11305,AW00011305,Sean,Evans,Married,n/a,2025-10-08,2026-07-14 10:10:05.5100000
11306,AW00011306,Micah,Zhou,Married,n/a,2025-10-08,2026-07-14 10:10:05.5100000
11307,AW00011307,Hunter,Rodriguez,Married,n/a,2025-10-08,2026-07-14 10:10:05.5100000
11308,AW00011308,Ian,Gonzales,Married,n/a,2025-10-08,2026-07-14 10:10:05.5100000
11309,AW00011309,Victoria,Lewis,Single,n/a,2025-10-08,2026-07-14 10:10:05.5100000
11310,AW00011310,Erin,Sanders,Single,n/a,2025-10-08,2026-07-14 10:10:05.5100000
11311,AW00011311,Gabrielle,Lopez,Single,n/a,2025-10-08,2026-07-14 10:10:05.5100000
11312,AW00011312,Sara,Richardson,Single,n/a,2025-10-08,2026-07-14 10:10:05.5100000
11313,AW00011313,Trevor,Jenkins,Single,n/a,2025-10-08,2026-07-14 10:10:05.5100000
11314,AW00011314,Mya,Flores,Single,n/a,2025-10-08,2026-07-14 10:10:05.5100000
11315,AW00011315,Hailey,Ward,Single,n/a,2025-10-08,2026-07-14 10:10:05.5100000
11316,AW00011316,Luke,Allen,Married,n/a,2025-10-08,2026-07-14 10:10:05.5100000
11317,AW00011317,Victoria,Russell,Single,n/a,2025-10-08,2026-07-14 10:10:05.5100000
11318,AW00011318,Jessica,Wilson,Single,n/a,2025-10-08,2026-07-14 10:10:05.5100000
11319,AW00011319,Jade,Bailey,Married,n/a,2025-10-08,2026-07-14 10:10:05.5100000
11320,AW00011320,Morgan,Hill,Married,n/a,2025-10-08,2026-07-14 10:10:05.5100000
11321,AW00011321,Terrance,Raman,Married,n/a,2025-10-08,2026-07-14 10:10:05.5100000
11322,AW00011322,Sydney,Garcia,Married,n/a,2025-10-08,2026-07-14 10:10:05.5100000
11323,AW00011323,Jose,Patterson,Single,n/a,2025-10-08,2026-07-14 10:10:05.5100000
11324,AW00011324,Zachary,Anderson,Married,n/a,2025-10-08,2026-07-14 10:10:05.5100000
11325,AW00011325,Elijah,Ross,Single,n/a,2025-10-08,2026-07-14 10:10:05.5100000
11326,AW00011326,Rafael,Xie,Married,n/a,2025-10-08,2026-07-14 10:10:05.5100000
11327,AW00011327,Jaime,Moreno,Married,n/a,2025-10-08,2026-07-14 10:10:05.5100000
11328,AW00011328,Julian,Griffin,Married,n/a,2025-10-08,2026-07-14 10:10:05.5100000
11329,AW00011329,Andy,Alvarez,Single,n/a,2025-10-08,2026-07-14 10:10:05.5100000
11330,AW00011330,Ryan,Thompson,Married,n/a,2025-10-08,2026-07-14 10:10:05.5100000
11331,AW00011331,Samantha,Jenkins,Married,n/a,2025-10-08,2026-07-14 10:10:05.5100000
11332,AW00011332,Deanna,Ramos,Single,n/a,2025-10-08,2026-07-14 10:10:05.5100000
11333,AW00011333,Emily,Miller,Married,n/a,2025-10-08,2026-07-14 10:10:05.5100000
11334,AW00011334,Nicole,Brown,Married,n/a,2025-10-08,2026-07-14 10:10:05.5100000
11335,AW00011335,Carla,Raman,Married,n/a,2025-10-08,2026-07-14 10:10:05.5100000
11336,AW00011336,Shaun,Raji,Married,n/a,2025-10-08,2026-07-14 10:10:05.5100000
11337,AW00011337,Jerome,Romero,Married,n/a,2025-10-08,2026-07-14 10:10:05.5100000
11338,AW00011338,Frank,Navarro,Married,n/a,2025-10-08,2026-07-14 10:10:05.5100000
11339,AW00011339,Dennis,She,Single,n/a,2025-10-08,2026-07-14 10:10:05.5100000
11340,AW00011340,Melody,Munoz,Married,n/a,2025-10-08,2026-07-14 10:10:05.5100000
11341,AW00011341,Randy,Zeng,Married,n/a,2025-10-08,2026-07-14 10:10:05.5100000
11342,AW00011342,Marshall,Wang,Married,n/a,2025-10-08,2026-07-14 10:10:05.5100000
11343,AW00011343,Arthur,Carlson,Married,n/a,2025-10-08,2026-07-14 10:10:05.5100000
11344,AW00011344,Jessie,Jimenez,Married,n/a,2025-10-08,2026-07-14 10:10:05.5100000
11345,AW00011345,Robin,Ramos,Single,n/a,2025-10-08,2026-07-14 10:10:05.5100000
11346,AW00011346,Deanna,Gutierrez,Single,n/a,2025-10-08,2026-07-14 10:10:05.5100000
11347,AW00011347,Roy,Navarro,Married,n/a,2025-10-08,2026-07-14 10:10:05.5100000
11348,AW00011348,Shawn,Rai,Married,n/a,2025-10-08,2026-07-14 10:10:05.5100000
11349,AW00011349,Mindy,Luo,Married,n/a,2025-10-08,2026-07-14 10:10:05.5100000
11350,AW00011350,Cara,Zhou,Married,n/a,2025-10-08,2026-07-14 10:10:05.5100000
11351,AW00011351,Anne,Ramos,Single,n/a,2025-10-08,2026-07-14 10:10:05.5100000
11352,AW00011352,Raymond,Rodriguez,Married,n/a,2025-10-08,2026-07-14 10:10:05.5100000
11353,AW00011353,Carrie,Ortega,Single,n/a,2025-10-08,2026-07-14 10:10:05.5100000
11354,AW00011354,Deanna,Suarez,Married,n/a,2025-10-08,2026-07-14 10:10:05.5100000
11355,AW00011355,Roberto,Gutierrez,Married,n/a,2025-10-08,2026-07-14 10:10:05.5100000
11356,AW00011356,Terrence,Carson,Single,n/a,2025-10-08,2026-07-14 10:10:05.5100000
11357,AW00011357,Ramon,Ye,Single,n/a,2025-10-08,2026-07-14 10:10:05.5100000
11358,AW00011358,Cynthia,Malhotra,Single,n/a,2025-10-08,2026-07-14 10:10:05.5100000
11359,AW00011359,Jarrod,Prasad,Single,n/a,2025-10-08,2026-07-14 10:10:05.5100000
11360,AW00011360,Tyrone,Serrano,Single,n/a,2025-10-08,2026-07-14 10:10:05.5100000
11361,AW00011361,Cindy,Ramos,Married,n/a,2025-10-08,2026-07-14 10:10:05.5100000
11362,AW00011362,Damien,Shan,Married,n/a,2025-10-08,2026-07-14 10:10:05.5100000
11363,AW00011363,Julian,Ross,Single,n/a,2025-10-08,2026-07-14 10:10:05.5100000
11364,AW00011364,Jennifer,Collins,Single,n/a,2025-10-08,2026-07-14 10:10:05.5100000
11365,AW00011365,Brittney,Sun,Single,n/a,2025-10-08,2026-07-14 10:10:05.5100000
11366,AW00011366,Virginia,Patel,Married,n/a,2025-10-08,2026-07-14 10:10:05.5100000
11367,AW00011367,Calvin,Nara,Married,n/a,2025-10-08,2026-07-14 10:10:05.5100000
11368,AW00011368,Edward,Miller,Single,n/a,2025-10-08,2026-07-14 10:10:05.5100000
11369,AW00011369,Ashlee,Tang,Married,n/a,2025-10-08,2026-07-14 10:10:05.5100000
11370,AW00011370,Alicia,Xu,Married,n/a,2025-10-08,2026-07-14 10:10:05.5100000
11371,AW00011371,Lacey,Jai,Married,n/a,2025-10-08,2026-07-14 10:10:05.5100000
11372,AW00011372,Wendy,Romero,Single,n/a,2025-10-08,2026-07-14 10:10:05.5100000
11373,AW00011373,Carly,Luo,Married,n/a,2025-10-08,2026-07-14 10:10:05.5100000
11374,AW00011374,Jimmy,Ortega,Single,n/a,2025-10-08,2026-07-14 10:10:05.5100000
11375,AW00011375,Francisco,Martinez,Married,n/a,2025-10-08,2026-07-14 10:10:05.5100000
11376,AW00011376,Lance,Vazquez,Single,n/a,2025-10-08,2026-07-14 10:10:05.5100000
11377,AW00011377,David,Robinett,Married,n/a,2025-10-08,2026-07-14 10:10:05.5100000
11378,AW00011378,Shannon,Liang,Single,n/a,2025-10-08,2026-07-14 10:10:05.5100000
11379,AW00011379,Gary,Vazquez,Married,n/a,2025-10-08,2026-07-14 10:10:05.5100000
11380,AW00011380,Mitchell,Kumar,Single,n/a,2025-10-08,2026-07-14 10:10:05.5100000
11381,AW00011381,Meredith,Raman,Married,n/a,2025-10-08,2026-07-14 10:10:05.5100000
11382,AW00011382,Edward,Patterson,Married,n/a,2025-10-08,2026-07-14 10:10:05.5100000
11383,AW00011383,Marie,Gill,Married,n/a,2025-10-08,2026-07-14 10:10:05.5100000
11384,AW00011384,Tiffany,Wang,Married,n/a,2025-10-08,2026-07-14 10:10:05.5100000
11385,AW00011385,Miguel,Allen,Single,n/a,2025-10-08,2026-07-14 10:10:05.5100000
11386,AW00011386,Jaclyn,Cai,Married,n/a,2025-10-08,2026-07-14 10:10:05.5100000
11387,AW00011387,Megan,Ramirez,Single,n/a,2025-10-08,2026-07-14 10:10:05.5100000
11388,AW00011388,Joseph,Martin,Married,n/a,2025-10-08,2026-07-14 10:10:05.5100000
11389,AW00011389,Karl,Shan,Single,n/a,2025-10-08,2026-07-14 10:10:05.5100000
11390,AW00011390,Christine,Raji,Single,n/a,2025-10-08,2026-07-14 10:10:05.5100000
11391,AW00011391,Lindsay,Xie,Single,n/a,2025-10-08,2026-07-14 10:10:05.5100000
11392,AW00011392,Willie,Zhao,Single,n/a,2025-10-08,2026-07-14 10:10:05.5100000
11393,AW00011393,Kurt,Pal,Single,n/a,2025-10-08,2026-07-14 10:10:05.5100000
11394,AW00011394,George,McDonald,Single,n/a,2025-10-08,2026-07-14 10:10:05.5100000
11395,AW00011395,Beth,Gutierrez,Single,n/a,2025-10-08,2026-07-14 10:10:05.5100000
11396,AW00011396,Ian,Lopez,Married,n/a,2025-10-08,2026-07-14 10:10:05.5100000
11397,AW00011397,Latoya,Shan,Single,n/a,2025-10-08,2026-07-14 10:10:05.5100000
11398,AW00011398,Colin,Nath,Single,n/a,2025-10-08,2026-07-14 10:10:05.5100000
11399,AW00011399,Brenda,Mehta,Single,n/a,2025-10-08,2026-07-14 10:10:05.5100000
11400,AW00011400,Franklin,Raji,Single,n/a,2025-10-08,2026-07-14 10:10:05.5100000
11401,AW00011401,Linda,Navarro,Married,n/a,2025-10-08,2026-07-14 10:10:05.5100000
11402,AW00011402,Kelli,Cai,Married,n/a,2025-10-08,2026-07-14 10:10:05.5100000
11403,AW00011403,Nancy,Schmidt,Single,n/a,2025-10-08,2026-07-14 10:10:05.5100000
11404,AW00011404,Megan,Taylor,Single,n/a,2025-10-08,2026-07-14 10:10:05.5100000
11405,AW00011405,Bonnie,Goel,Single,n/a,2025-10-08,2026-07-14 10:10:05.5100000
11406,AW00011406,Latoya,Xu,Married,n/a,2025-10-08,2026-07-14 10:10:05.5100000
11407,AW00011407,Mario,She,Married,n/a,2025-10-08,2026-07-14 10:10:05.5100000
11408,AW00011408,Darren,Gill,Married,n/a,2025-10-08,2026-07-14 10:10:05.5100000
11409,AW00011409,Jacqueline,Hayes,Single,n/a,2025-10-08,2026-07-14 10:10:05.5100000
11410,AW00011410,Maurice,Goel,Married,n/a,2025-10-08,2026-07-14 10:10:05.5100000
11411,AW00011411,Devin,Ross,Married,n/a,2025-10-08,2026-07-14 10:10:05.5100000
11412,AW00011412,Sydney,Bryant,Single,n/a,2025-10-08,2026-07-14 10:10:05.5100000
11413,AW00011413,Megan,Stewart,Married,n/a,2025-10-08,2026-07-14 10:10:05.5100000
11414,AW00011414,Ian,Richardson,Single,n/a,2025-10-08,2026-07-14 10:10:05.5100000
11415,AW00011415,Randy,She,Single,n/a,2025-10-08,2026-07-14 10:10:05.5100000
11416,AW00011416,Katrina,Becker,Married,n/a,2025-10-08,2026-07-14 10:10:05.5100000
11417,AW00011417,Lacey,Zheng,Married,n/a,2025-10-08,2026-07-14 10:10:05.5100000
11418,AW00011418,Rafael,Hu,Single,n/a,2025-10-08,2026-07-14 10:10:05.5100000
11419,AW00011419,Kyle,Scott,Married,n/a,2025-10-08,2026-07-14 10:10:05.5100000
11420,AW00011420,Jordan,Turner,Married,n/a,2025-10-08,2026-07-14 10:10:05.5100000
11421,AW00011421,Amy,Sun,Married,n/a,2025-10-08,2026-07-14 10:10:05.5100000
11422,AW00011422,Dustin,Deng,Married,n/a,2025-10-08,2026-07-14 10:10:05.5100000
11423,AW00011423,Jasmine,Stewart,Married,n/a,2025-10-08,2026-07-14 10:10:05.5100000
11424,AW00011424,Pamela,Garcia,Married,n/a,2025-10-08,2026-07-14 10:10:05.5100000
11425,AW00011425,Ariana,Gray,Married,n/a,2025-10-08,2026-07-14 10:10:05.5100000
11426,AW00011426,Kristopher,Mehta,Married,n/a,2025-10-08,2026-07-14 10:10:05.5100000
11427,AW00011427,Desiree,Dominguez,Married,n/a,2025-10-08,2026-07-14 10:10:05.5100000
11428,AW00011428,Deanna,Perez,Single,n/a,2025-10-08,2026-07-14 10:10:05.5100000
11429,AW00011429,Marco,Lopez,Married,n/a,2025-10-08,2026-07-14 10:10:05.5100000
11430,AW00011430,Casey,Yuan,Married,n/a,2025-10-08,2026-07-14 10:10:05.5100000
11431,AW00011431,Bryant,Garcia,Married,n/a,2025-10-08,2026-07-14 10:10:05.5100000
11432,AW00011432,Dominique,Prasad,Married,n/a,2025-10-08,2026-07-14 10:10:05.5100000
11433,AW00011433,Maurice,Shan,Married,n/a,2025-10-08,2026-07-14 10:10:05.5100000
11434,AW00011434,Andre,Lopez,Married,n/a,2025-10-08,2026-07-14 10:10:05.5100000
11435,AW00011435,Robin,Romero,Single,n/a,2025-10-08,2026-07-14 10:10:05.5100000
11436,AW00011436,Taylor,Cox,Married,n/a,2025-10-08,2026-07-14 10:10:05.5100000
11437,AW00011437,Alfredo,Moreno,Married,n/a,2025-10-08,2026-07-14 10:10:05.5100000
11438,AW00011438,Jenny,Nara,Married,n/a,2025-10-08,2026-07-14 10:10:05.5100000
11439,AW00011439,Janet,Munoz,Married,n/a,2025-10-08,2026-07-14 10:10:05.5100000
11440,AW00011440,Sergio,Weber,Married,n/a,2025-10-08,2026-07-14 10:10:05.5100000
11441,AW00011441,Erika,Gomez,Married,n/a,2025-10-08,2026-07-14 10:10:05.5100000
11442,AW00011442,Joseph,Harris,Married,n/a,2025-10-08,2026-07-14 10:10:05.5100000
11443,AW00011443,Grace,Griffin,Single,n/a,2025-10-08,2026-07-14 10:10:05.5100000
11444,AW00011444,Tina,Mehta,Married,n/a,2025-10-08,2026-07-14 10:10:05.5100000
11445,AW00011445,Kari,Kim,Single,n/a,2025-10-08,2026-07-14 10:10:05.5100000
11446,AW00011446,Bethany,Chander,Single,n/a,2025-10-08,2026-07-14 10:10:05.5100000
11447,AW00011447,Jennifer,Roberts,Married,n/a,2025-10-08,2026-07-14 10:10:05.5100000
11448,AW00011448,Kyle,Patterson,Single,n/a,2025-10-08,2026-07-14 10:10:05.5100000
11449,AW00011449,Alvin,Hu,Married,n/a,2025-10-08,2026-07-14 10:10:05.5100000
11450,AW00011450,Brett,Mehta,Single,n/a,2025-10-08,2026-07-14 10:10:05.5100000
11451,AW00011451,Ruben,Mu├▒oz,Single,n/a,2025-10-08,2026-07-14 10:10:05.5100000
11452,AW00011452,Erika,Rubio,Single,n/a,2025-10-08,2026-07-14 10:10:05.5100000
11453,AW00011453,Stanley,Malhotra,Single,n/a,2025-10-08,2026-07-14 10:10:05.5100000
11454,AW00011454,Melinda,Navarro,Single,n/a,2025-10-08,2026-07-14 10:10:05.5100000
11455,AW00011455,Ross,Sanz,Married,n/a,2025-10-08,2026-07-14 10:10:05.5100000
11456,AW00011456,Jon,Gao,Married,n/a,2025-10-08,2026-07-14 10:10:05.5100000
11457,AW00011457,Jaime,Gutierrez,Married,n/a,2025-10-08,2026-07-14 10:10:05.5100000
11458,AW00011458,Bianca,Liu,Married,n/a,2025-10-08,2026-07-14 10:10:05.5100000
11459,AW00011459,Tasha,Deng,Single,n/a,2025-10-08,2026-07-14 10:10:05.5100000
11460,AW00011460,Melvin,Chande,Single,n/a,2025-10-08,2026-07-14 10:10:05.5100000
11461,AW00011461,Victor,Jimenez,Single,n/a,2025-10-08,2026-07-14 10:10:05.5100000
11462,AW00011462,Laura,Lin,Married,n/a,2025-10-08,2026-07-14 10:10:05.5100000
11463,AW00011463,Alisha,Beck,Married,n/a,2025-10-08,2026-07-14 10:10:05.5100000
11464,AW00011464,Alejandro,Huang,Married,n/a,2025-10-08,2026-07-14 10:10:05.5100000
11465,AW00011465,Louis,Luo,Married,n/a,2025-10-08,2026-07-14 10:10:05.5100000
11466,AW00011466,Grant,Tang,Married,n/a,2025-10-08,2026-07-14 10:10:05.5100000
11467,AW00011467,Arturo,Zheng,Married,n/a,2025-10-08,2026-07-14 10:10:05.5100000
11468,AW00011468,Jaclyn,Andersen,Married,n/a,2025-10-08,2026-07-14 10:10:05.5100000
11469,AW00011469,Edwin,Raji,Single,n/a,2025-10-08,2026-07-14 10:10:05.5100000
11470,AW00011470,Jay,Suarez,Single,n/a,2025-10-08,2026-07-14 10:10:05.5100000
11471,AW00011471,Latasha,Suarez,Single,n/a,2025-10-08,2026-07-14 10:10:05.5100000
11472,AW00011472,Kenneth,Kumar,Single,n/a,2025-10-08,2026-07-14 10:10:05.5100000
11473,AW00011473,Grace,Henderson,Single,n/a,2025-10-08,2026-07-14 10:10:05.5100000
11474,AW00011474,Melvin,Xu,Single,n/a,2025-10-08,2026-07-14 10:10:05.5100000
11475,AW00011475,Cesar,Subram,Single,n/a,2025-10-08,2026-07-14 10:10:05.5100000
11476,AW00011476,Erika,Navarro,Married,n/a,2025-10-08,2026-07-14 10:10:05.5100000
11477,AW00011477,Tristan,Hughes,Single,n/a,2025-10-08,2026-07-14 10:10:05.5100000
11478,AW00011478,Billy,Hernandez,Single,n/a,2025-10-08,2026-07-14 10:10:05.5100000
11479,AW00011479,Darryl,Wu,Married,n/a,2025-10-08,2026-07-14 10:10:05.5100000
11480,AW00011480,Colleen,Ma,Married,n/a,2025-10-08,2026-07-14 10:10:05.5100000
11481,AW00011481,Erica,Hu,Married,n/a,2025-10-08,2026-07-14 10:10:05.5100000
11482,AW00011482,Adrienne,Torres,Single,n/a,2025-10-08,2026-07-14 10:10:05.5100000
11483,AW00011483,Calvin,Chande,Married,n/a,2025-10-08,2026-07-14 10:10:05.5100000
11484,AW00011484,Erick,Sai,Single,n/a,2025-10-08,2026-07-14 10:10:05.5100000
11485,AW00011485,Donald,Chandra,Married,n/a,2025-10-08,2026-07-14 10:10:05.5100000
11486,AW00011486,Ariana,Rogers,Single,n/a,2025-10-08,2026-07-14 10:10:05.5100000
11487,AW00011487,Morgan,Jones,Single,n/a,2025-10-08,2026-07-14 10:10:05.5100000
11488,AW00011488,Jermaine,Lopez,Single,n/a,2025-10-08,2026-07-14 10:10:05.5100000
11489,AW00011489,Deborah,Goel,Single,n/a,2025-10-08,2026-07-14 10:10:05.5100000
11490,AW00011490,Danny,Rubio,Single,n/a,2025-10-08,2026-07-14 10:10:05.5100000
11491,AW00011491,Andre,Perez,Married,n/a,2025-10-08,2026-07-14 10:10:05.5100000
11492,AW00011492,Terrence,Chander,Single,n/a,2025-10-08,2026-07-14 10:10:05.5100000
11493,AW00011493,Dawn,Wu,Single,n/a,2025-10-08,2026-07-14 10:10:05.5100000
11494,AW00011494,Jimmy,Gutierrez,Single,n/a,2025-10-08,2026-07-14 10:10:05.5100000
11495,AW00011495,Francis,Jimenez,Single,n/a,2025-10-08,2026-07-14 10:10:05.5100000
11496,AW00011496,Gary,Ortega,Single,n/a,2025-10-08,2026-07-14 10:10:05.5100000
11497,AW00011497,Katrina,Nath,Single,n/a,2025-10-08,2026-07-14 10:10:05.5100000
11498,AW00011498,Arturo,Sun,Single,n/a,2025-10-08,2026-07-14 10:10:05.5100000
11499,AW00011499,Pedro,Vance,Single,n/a,2025-10-08,2026-07-14 10:10:05.5100000
11500,AW00011500,Sarah,Simmons,Single,n/a,2025-10-08,2026-07-14 10:10:05.5100000
11501,AW00011501,Brandy,Chandra,Single,n/a,2025-10-08,2026-07-14 10:10:05.5100000
11502,AW00011502,Jared,Peterson,Single,n/a,2025-10-08,2026-07-14 10:10:05.5100000
11503,AW00011503,Dennis,Wu,Married,n/a,2025-10-08,2026-07-14 10:10:05.5100000
11504,AW00011504,Jordan,Baker,Married,n/a,2025-10-08,2026-07-14 10:10:05.5100000
11505,AW00011505,Jasmine,Powell,Single,n/a,2025-10-08,2026-07-14 10:10:05.5100000
11506,AW00011506,Nicholas,Brown,Single,n/a,2025-10-08,2026-07-14 10:10:05.5100000
11507,AW00011507,Isabella,Russell,Single,n/a,2025-10-08,2026-07-14 10:10:05.5100000
11508,AW00011508,Elizabeth,Wilson,Single,n/a,2025-10-08,2026-07-14 10:10:05.5100000
11509,AW00011509,Roger,Harui,Married,n/a,2025-10-08,2026-07-14 10:10:05.5100000
11510,AW00011510,Seth,Roberts,Married,n/a,2025-10-08,2026-07-14 10:10:05.5100000
11511,AW00011511,Caleb,Perry,Married,n/a,2025-10-08,2026-07-14 10:10:05.5100000
11512,AW00011512,Natalie,Campbell,Single,n/a,2025-10-08,2026-07-14 10:10:05.5100000
11513,AW00011513,Alyssa,Howard,Single,n/a,2025-10-08,2026-07-14 10:10:05.5100000
11514,AW00011514,Dalton,Diaz,Married,n/a,2025-10-08,2026-07-14 10:10:05.5100000
11515,AW00011515,Shannon,Huang,Married,n/a,2025-10-08,2026-07-14 10:10:05.5100000
11516,AW00011516,Mya,Gonzales,Married,n/a,2025-10-08,2026-07-14 10:10:05.5100000
11517,AW00011517,Katherine,Bryant,Married,n/a,2025-10-08,2026-07-14 10:10:05.5100000
11518,AW00011518,Edward,Washington,Married,n/a,2025-10-08,2026-07-14 10:10:05.5100000
11519,AW00011519,Jerome,Navarro,Married,n/a,2025-10-08,2026-07-14 10:10:05.5100000
11520,AW00011520,Jada,Morgan,Married,n/a,2025-10-08,2026-07-14 10:10:05.5100000
11521,AW00011521,Ariana,Peterson,Married,n/a,2025-10-08,2026-07-14 10:10:05.5100000
11522,AW00011522,Christian,Hughes,Married,n/a,2025-10-08,2026-07-14 10:10:05.5100000
11523,AW00011523,Lucas,Taylor,Married,n/a,2025-10-08,2026-07-14 10:10:05.5100000
11524,AW00011524,Alyssa,Jackson,Married,n/a,2025-10-08,2026-07-14 10:10:05.5100000
11525,AW00011525,Ariana,Cook,Married,n/a,2025-10-08,2026-07-14 10:10:05.5100000
11526,AW00011526,Katherine,Diaz,Married,n/a,2025-10-08,2026-07-14 10:10:05.5100000
11527,AW00011527,Jenna,Green,Married,n/a,2025-10-08,2026-07-14 10:10:05.5100000
11528,AW00011528,Joan,Washington,Married,n/a,2025-10-08,2026-07-14 10:10:05.5100000
11529,AW00011529,Austin,Bryant,Married,n/a,2025-10-08,2026-07-14 10:10:05.5100000
11530,AW00011530,Andrew,Martinez,Married,n/a,2025-10-08,2026-07-14 10:10:05.5100000
11531,AW00011531,Nina,Yuan,Married,n/a,2025-10-08,2026-07-14 10:10:05.5100000
11532,AW00011532,Lauren,Miller,Married,n/a,2025-10-08,2026-07-14 10:10:05.5100000
11533,AW00011533,Ebony,Gill,Married,n/a,2025-10-08,2026-07-14 10:10:05.5100000
11534,AW00011534,Cameron,Lewis,Single,n/a,2025-10-08,2026-07-14 10:10:05.5100000
11535,AW00011535,Devin,Nelson,Married,n/a,2025-10-08,2026-07-14 10:10:05.5100000
11536,AW00011536,Logan,Chow,Married,n/a,2025-10-08,2026-07-14 10:10:05.5100000
11537,AW00011537,Dakota,Ross,Married,n/a,2025-10-08,2026-07-14 10:10:05.5100000
11538,AW00011538,Nicole,Taylor,Single,n/a,2025-10-08,2026-07-14 10:10:05.5100000
11539,AW00011539,Justin,Washington,Married,n/a,2025-10-08,2026-07-14 10:10:05.5100000
11540,AW00011540,Alberto,Navarro,Single,n/a,2025-10-08,2026-07-14 10:10:05.5100000
11541,AW00011541,Aidan,Ross,Single,n/a,2025-10-08,2026-07-14 10:10:05.5100000
11542,AW00011542,Alejandro,Tang,Single,n/a,2025-10-08,2026-07-14 10:10:05.5100000
11543,AW00011543,Sheena,Chande,Married,n/a,2025-10-08,2026-07-14 10:10:05.5100000
11544,AW00011544,Joel,Garcia,Married,n/a,2025-10-08,2026-07-14 10:10:05.5100000
11545,AW00011545,Reginald,Dominguez,Married,n/a,2025-10-08,2026-07-14 10:10:05.5100000
11546,AW00011546,Christine,Chande,Married,n/a,2025-10-08,2026-07-14 10:10:05.5100000
11547,AW00011547,Cindy,Sai,Married,n/a,2025-10-08,2026-07-14 10:10:05.5100000
11548,AW00011548,Raymond,Sanchez,Single,n/a,2025-10-08,2026-07-14 10:10:05.5100000
11549,AW00011549,Crystal,Liang,Married,n/a,2025-10-08,2026-07-14 10:10:05.5100000
11550,AW00011550,Deb,Torres,Single,n/a,2025-10-08,2026-07-14 10:10:05.5100000
11551,AW00011551,Shannon,Alvarez,Single,n/a,2025-10-08,2026-07-14 10:10:05.5100000
11552,AW00011552,Eddie,Rubio,Single,n/a,2025-10-08,2026-07-14 10:10:05.5100000
11553,AW00011553,Sharon,Luo,Married,n/a,2025-10-08,2026-07-14 10:10:05.5100000
11554,AW00011554,Sydney,Simmons,Single,n/a,2025-10-08,2026-07-14 10:10:05.5100000
11555,AW00011555,Alexandria,Henderson,Married,n/a,2025-10-08,2026-07-14 10:10:05.5100000
11556,AW00011556,Lucas,Evans,Married,n/a,2025-10-08,2026-07-14 10:10:05.5100000
11557,AW00011557,Felicia,Ramos,Single,n/a,2025-10-08,2026-07-14 10:10:05.5100000
11558,AW00011558,Ivan,Malhotra,Single,n/a,2025-10-08,2026-07-14 10:10:05.5100000
11559,AW00011559,Frederick,Subram,Single,n/a,2025-10-08,2026-07-14 10:10:05.5100000
11560,AW00011560,Whitney,Srini,Single,n/a,2025-10-08,2026-07-14 10:10:05.5100000
11561,AW00011561,Briana,Dominguez,Single,n/a,2025-10-08,2026-07-14 10:10:05.5100000
11562,AW00011562,Jarrod,Gonzalez,Married,n/a,2025-10-08,2026-07-14 10:10:05.5100000
11563,AW00011563,Cesar,Srini,Single,n/a,2025-10-08,2026-07-14 10:10:05.5100000
11564,AW00011564,Jorge,Liang,Single,n/a,2025-10-08,2026-07-14 10:10:05.5100000
11565,AW00011565,Erik,Diaz,Single,n/a,2025-10-08,2026-07-14 10:10:05.5100000
11566,AW00011566,April,Shan,Married,n/a,2025-10-08,2026-07-14 10:10:05.5100000
11567,AW00011567,Carla,Perez,Married,n/a,2025-10-08,2026-07-14 10:10:05.5100000
11568,AW00011568,Alexia,Foster,Single,n/a,2025-10-08,2026-07-14 10:10:05.5100000
11569,AW00011569,Troy,Malhotra,Married,n/a,2025-10-08,2026-07-14 10:10:05.5100000
11570,AW00011570,Kristin,Andersen,Married,n/a,2025-10-08,2026-07-14 10:10:05.5100000
11571,AW00011571,Joel,Sai,Married,n/a,2025-10-08,2026-07-14 10:10:05.5100000
11572,AW00011572,Billy,Moreno,Married,n/a,2025-10-08,2026-07-14 10:10:05.5100000
11573,AW00011573,Meagan,Subram,Single,n/a,2025-10-08,2026-07-14 10:10:05.5100000
11574,AW00011574,Karla,Luo,Single,n/a,2025-10-08,2026-07-14 10:10:05.5100000
11575,AW00011575,Jackson,Campbell,Single,n/a,2025-10-08,2026-07-14 10:10:05.5100000
11576,AW00011576,Micah,Zhu,Married,n/a,2025-10-08,2026-07-14 10:10:05.5100000
11577,AW00011577,Janet,Serrano,Married,n/a,2025-10-08,2026-07-14 10:10:05.5100000
11578,AW00011578,Trisha,Huang,Single,n/a,2025-10-08,2026-07-14 10:10:05.5100000
11579,AW00011579,Clayton,Beck,Single,n/a,2025-10-08,2026-07-14 10:10:05.5100000
11580,AW00011580,Melvin,Raje,Married,n/a,2025-10-08,2026-07-14 10:10:05.5100000
11581,AW00011581,Cindy,Jordan,Married,n/a,2025-10-08,2026-07-14 10:10:05.5100000
11582,AW00011582,Claudia,Ma,Single,n/a,2025-10-08,2026-07-14 10:10:05.5100000
11583,AW00011583,Karla,Xu,Single,n/a,2025-10-08,2026-07-14 10:10:05.5100000
11584,AW00011584,Devin,Carter,Married,n/a,2025-10-08,2026-07-14 10:10:05.5100000
11585,AW00011585,Kari,Perez,Married,n/a,2025-10-08,2026-07-14 10:10:05.5100000
11586,AW00011586,Alberto,Romero,Married,n/a,2025-10-08,2026-07-14 10:10:05.5100000
11587,AW00011587,Kevin,Bryant,Single,n/a,2025-10-08,2026-07-14 10:10:05.5100000
11588,AW00011588,Candace,Mehta,Married,n/a,2025-10-08,2026-07-14 10:10:05.5100000
11589,AW00011589,Ebony,Malhotra,Married,n/a,2025-10-08,2026-07-14 10:10:05.5100000
11590,AW00011590,Erika,Diaz,Single,n/a,2025-10-08,2026-07-14 10:10:05.5100000
11591,AW00011591,Stacey,Lu,Single,n/a,2025-10-08,2026-07-14 10:10:05.5100000
11592,AW00011592,Darrell,Raji,Single,n/a,2025-10-08,2026-07-14 10:10:05.5100000
11593,AW00011593,Armando,Moreno,Single,n/a,2025-10-08,2026-07-14 10:10:05.5100000
11594,AW00011594,Corey,Goel,Single,n/a,2025-10-08,2026-07-14 10:10:05.5100000
11595,AW00011595,Sebastian,Howard,Single,n/a,2025-10-08,2026-07-14 10:10:05.5100000
11596,AW00011596,Roger,Raje,Married,n/a,2025-10-08,2026-07-14 10:10:05.5100000
11597,AW00011597,Janelle,Chandra,Single,n/a,2025-10-08,2026-07-14 10:10:05.5100000
11598,AW00011598,Meredith,Ruiz,Single,n/a,2025-10-08,2026-07-14 10:10:05.5100000
11599,AW00011599,Melody,Diaz,Single,n/a,2025-10-08,2026-07-14 10:10:05.5100000
11600,AW00011600,Linda,Rubio,Single,n/a,2025-10-08,2026-07-14 10:10:05.5100000
11601,AW00011601,Ivan,Raman,Single,n/a,2025-10-08,2026-07-14 10:10:05.5100000
11602,AW00011602,Larry,Gill,Single,n/a,2025-10-08,2026-07-14 10:10:05.5100000
11603,AW00011603,Geoffrey,Gonzalez,Single,n/a,2025-10-08,2026-07-14 10:10:05.5100000
11604,AW00011604,Edgar,Sanchez,Single,n/a,2025-10-08,2026-07-14 10:10:05.5100000
11605,AW00011605,Heidi,Subram,Single,n/a,2025-10-08,2026-07-14 10:10:05.5100000
11606,AW00011606,Melody,Ramos,Single,n/a,2025-10-08,2026-07-14 10:10:05.5100000
11607,AW00011607,Clinton,Moreno,Single,n/a,2025-10-08,2026-07-14 10:10:05.5100000
11608,AW00011608,Cesar,Madan,Single,n/a,2025-10-08,2026-07-14 10:10:05.5100000
11609,AW00011609,Eugene,Ye,Single,n/a,2025-10-08,2026-07-14 10:10:05.5100000
11610,AW00011610,Blake,Collins,Single,n/a,2025-10-08,2026-07-14 10:10:05.5100000
11611,AW00011611,Ernest,Lin,Married,n/a,2025-10-08,2026-07-14 10:10:05.5100000
11612,AW00011612,Keith,Andersen,Single,n/a,2025-10-08,2026-07-14 10:10:05.5100000
11613,AW00011613,Meredith,Prasad,Single,n/a,2025-10-08,2026-07-14 10:10:05.5100000
11614,AW00011614,Katrina,Sharma,Single,n/a,2025-10-08,2026-07-14 10:10:05.5100000
11615,AW00011615,Dwayne,Navarro,Married,n/a,2025-10-08,2026-07-14 10:10:05.5100000
11616,AW00011616,Casey,Nath,Married,n/a,2025-10-08,2026-07-14 10:10:05.5100000
11617,AW00011617,Sean,Brooks,Single,n/a,2025-10-08,2026-07-14 10:10:05.5100000
11618,AW00011618,Brian,Ramirez,Married,n/a,2025-10-08,2026-07-14 10:10:05.5100000
11619,AW00011619,Sierra,Young,Single,n/a,2025-10-08,2026-07-14 10:10:05.5100000
11620,AW00011620,Megan,Rodriguez,Single,n/a,2025-10-08,2026-07-14 10:10:05.5100000
11621,AW00011621,Leah,She,Single,n/a,2025-10-08,2026-07-14 10:10:05.5100000
11622,AW00011622,Gabriel,Allen,Married,n/a,2025-10-08,2026-07-14 10:10:05.5100000
11623,AW00011623,Angela,Perry,Single,n/a,2025-10-08,2026-07-14 10:10:05.5100000
11624,AW00011624,Ryan,Smith,Single,n/a,2025-10-08,2026-07-14 10:10:05.5100000
11625,AW00011625,Zachary,Moore,Married,n/a,2025-10-08,2026-07-14 10:10:05.5100000
11626,AW00011626,Destiny,Rogers,Married,n/a,2025-10-08,2026-07-14 10:10:05.5100000
11627,AW00011627,Dalton,Gray,Married,n/a,2025-10-08,2026-07-14 10:10:05.5100000
11628,AW00011628,Mariah,Wood,Single,n/a,2025-10-08,2026-07-14 10:10:05.5100000
11629,AW00011629,Isaiah,Wright,Single,n/a,2025-10-08,2026-07-14 10:10:05.5100000
11630,AW00011630,Haley,Powell,Married,n/a,2025-10-08,2026-07-14 10:10:05.5100000
11631,AW00011631,Antonio,Bennett,Married,n/a,2025-10-08,2026-07-14 10:10:05.5100000
11632,AW00011632,Alexandra,Jenkins,Married,n/a,2025-10-08,2026-07-14 10:10:05.5100000
11633,AW00011633,Thomas,Anderson,Married,n/a,2025-10-08,2026-07-14 10:10:05.5100000
11634,AW00011634,Samuel,Collins,Married,n/a,2025-10-08,2026-07-14 10:10:05.5100000
11635,AW00011635,Darrell,Chande,Married,n/a,2025-10-08,2026-07-14 10:10:05.5100000
11636,AW00011636,Kimberly,Cox,Single,n/a,2025-10-08,2026-07-14 10:10:05.5100000
11637,AW00011637,Morgan,Hernandez,Married,n/a,2025-10-08,2026-07-14 10:10:05.5100000
11638,AW00011638,Antonio,Powell,Married,n/a,2025-10-08,2026-07-14 10:10:05.5100000
11639,AW00011639,Angelica,Perry,Married,n/a,2025-10-08,2026-07-14 10:10:05.5100000
11640,AW00011640,Chloe,Wilson,Married,n/a,2025-10-08,2026-07-14 10:10:05.5100000
11641,AW00011641,James,Chen,Married,n/a,2025-10-08,2026-07-14 10:10:05.5100000
11642,AW00011642,Morgan,Hughes,Married,n/a,2025-10-08,2026-07-14 10:10:05.5100000
11643,AW00011643,Naomi,Munoz,Married,n/a,2025-10-08,2026-07-14 10:10:05.5100000
11644,AW00011644,Charles,Torres,Single,n/a,2025-10-08,2026-07-14 10:10:05.5100000
11645,AW00011645,Gabriella,Turner,Single,n/a,2025-10-08,2026-07-14 10:10:05.5100000
11646,AW00011646,Anna,Foster,Single,n/a,2025-10-08,2026-07-14 10:10:05.5100000
11647,AW00011647,Randy,Wu,Single,n/a,2025-10-08,2026-07-14 10:10:05.5100000
11648,AW00011648,Kevin,Scott,Single,n/a,2025-10-08,2026-07-14 10:10:05.5100000
11649,AW00011649,Ian,White,Married,n/a,2025-10-08,2026-07-14 10:10:05.5100000
11650,AW00011650,Caleb,Hayes,Married,n/a,2025-10-08,2026-07-14 10:10:05.5100000
11651,AW00011651,Patricia,Garcia,Married,n/a,2025-10-08,2026-07-14 10:10:05.5100000
11652,AW00011652,Samuel,Russell,Married,n/a,2025-10-08,2026-07-14 10:10:05.5100000
11653,AW00011653,Sydney,Peterson,Single,n/a,2025-10-08,2026-07-14 10:10:05.5100000
11654,AW00011654,Ariana,Sanchez,Married,n/a,2025-10-08,2026-07-14 10:10:05.5100000
11655,AW00011655,Tamara,Sharma,Single,n/a,2025-10-08,2026-07-14 10:10:05.5100000
11656,AW00011656,Katelyn,Perez,Married,n/a,2025-10-08,2026-07-14 10:10:05.5100000
11657,AW00011657,Megan,Cox,Married,n/a,2025-10-08,2026-07-14 10:10:05.5100000
11658,AW00011658,Robert,Mitchell,Married,n/a,2025-10-08,2026-07-14 10:10:05.5100000
11659,AW00011659,Miguel,Adams,Single,n/a,2025-10-08,2026-07-14 10:10:05.5100000
11660,AW00011660,Miranda,Gonzales,Married,n/a,2025-10-08,2026-07-14 10:10:05.5100000
11661,AW00011661,Jeremiah,James,Single,n/a,2025-10-08,2026-07-14 10:10:05.5100000
11662,AW00011662,Ethan,Kumar,Single,n/a,2025-10-08,2026-07-14 10:10:05.5100000
11663,AW00011663,Seth,Williams,Married,n/a,2025-10-08,2026-07-14 10:10:05.5100000
11664,AW00011664,Alyssa,Morgan,Single,n/a,2025-10-08,2026-07-14 10:10:05.5100000
11665,AW00011665,Janet,Dominguez,Married,n/a,2025-10-08,2026-07-14 10:10:05.5100000
11666,AW00011666,Angel,Baker,Married,n/a,2025-10-08,2026-07-14 10:10:05.5100000
11667,AW00011667,Blake,Moore,Married,n/a,2025-10-08,2026-07-14 10:10:05.5100000
11668,AW00011668,Jada,Collins,Single,n/a,2025-10-08,2026-07-14 10:10:05.5100000
11669,AW00011669,Isabella,Simmons,Single,n/a,2025-10-08,2026-07-14 10:10:05.5100000
11670,AW00011670,Jacqueline,Perry,Single,n/a,2025-10-08,2026-07-14 10:10:05.5100000
11671,AW00011671,Jessica,Brown,Single,n/a,2025-10-08,2026-07-14 10:10:05.5100000
11672,AW00011672,Chad,Jai,Married,n/a,2025-10-08,2026-07-14 10:10:05.5100000
11673,AW00011673,Susan,Ye,Single,n/a,2025-10-08,2026-07-14 10:10:05.5100000
11674,AW00011674,Morgan,Rogers,Married,n/a,2025-10-08,2026-07-14 10:10:05.5100000
11675,AW00011675,Devin,Martinez,Single,n/a,2025-10-08,2026-07-14 10:10:05.5100000
11676,AW00011676,Alan,Hu,Married,n/a,2025-10-08,2026-07-14 10:10:05.5100000
11677,AW00011677,Charles,Walker,Single,n/a,2025-10-08,2026-07-14 10:10:05.5100000
11678,AW00011678,Johnny,Chavez,Married,n/a,2025-10-08,2026-07-14 10:10:05.5100000
11679,AW00011679,Dalton,Richardson,Married,n/a,2025-10-08,2026-07-14 10:10:05.5100000
11680,AW00011680,Kaylee,Nelson,Married,n/a,2025-10-08,2026-07-14 10:10:05.5100000
11681,AW00011681,Abigail,Jones,Married,n/a,2025-10-08,2026-07-14 10:10:05.5100000
11682,AW00011682,Kaitlyn,Hall,Married,n/a,2025-10-08,2026-07-14 10:10:05.5100000
11683,AW00011683,Greg,Taylor,Married,n/a,2025-10-08,2026-07-14 10:10:05.5100000
11684,AW00011684,Devin,Parker,Single,n/a,2025-10-08,2026-07-14 10:10:05.5100000
11685,AW00011685,Jose,Griffin,Married,n/a,2025-10-08,2026-07-14 10:10:05.5100000
11686,AW00011686,Luke,Edwards,Single,n/a,2025-10-08,2026-07-14 10:10:05.5100000
11687,AW00011687,Cody,Torres,Single,n/a,2025-10-08,2026-07-14 10:10:05.5100000
11688,AW00011688,Victoria,Morris,Single,n/a,2025-10-08,2026-07-14 10:10:05.5100000
11689,AW00011689,Ian,Diaz,Married,n/a,2025-10-08,2026-07-14 10:10:05.5100000
11690,AW00011690,Caroline,Butler,Married,n/a,2025-10-08,2026-07-14 10:10:05.5100000
11691,AW00011691,Kaitlyn,Wilson,Single,n/a,2025-10-08,2026-07-14 10:10:05.5100000
11692,AW00011692,Caleb,Gonzales,Married,n/a,2025-10-08,2026-07-14 10:10:05.5100000
11693,AW00011693,Hailey,Diaz,Single,n/a,2025-10-08,2026-07-14 10:10:05.5100000
11694,AW00011694,Jonathon,Ortega,Married,n/a,2025-10-08,2026-07-14 10:10:05.5100000
11695,AW00011695,Logan,Campbell,Married,n/a,2025-10-08,2026-07-14 10:10:05.5100000
11696,AW00011696,Mackenzie,Campbell,Single,n/a,2025-10-08,2026-07-14 10:10:05.5100000
11697,AW00011697,Eduardo,Lee,Married,n/a,2025-10-08,2026-07-14 10:10:05.5100000
11698,AW00011698,Jackson,Wright,Married,n/a,2025-10-08,2026-07-14 10:10:05.5100000
11699,AW00011699,Chase,Peterson,Single,n/a,2025-10-08,2026-07-14 10:10:05.5100000
11700,AW00011700,Xavier,Richardson,Single,n/a,2025-10-08,2026-07-14 10:10:05.5100000
11701,AW00011701,David,Hayes,Married,n/a,2025-10-08,2026-07-14 10:10:05.5100000
11702,AW00011702,Jenny,Zhou,Single,n/a,2025-10-08,2026-07-14 10:10:05.5100000
11703,AW00011703,Kaylee,Baker,Single,n/a,2025-10-08,2026-07-14 10:10:05.5100000
11704,AW00011704,Evan,Hernandez,Single,n/a,2025-10-08,2026-07-14 10:10:05.5100000
11705,AW00011705,Brooke,Richardson,Single,n/a,2025-10-08,2026-07-14 10:10:05.5100000
11706,AW00011706,Blake,Perez,Married,n/a,2025-10-08,2026-07-14 10:10:05.5100000
11707,AW00011707,Natalie,Cook,Single,n/a,2025-10-08,2026-07-14 10:10:05.5100000
11708,AW00011708,Elizabeth,Weisman,Single,n/a,2025-10-08,2026-07-14 10:10:05.5100000
11709,AW00011709,Hailey,Collins,Single,n/a,2025-10-08,2026-07-14 10:10:05.5100000
11710,AW00011710,Zoe,Ramirez,Married,n/a,2025-10-08,2026-07-14 10:10:05.5100000
11711,AW00011711,Daniel,Davis,Single,n/a,2025-10-08,2026-07-14 10:10:05.5100000
11712,AW00011712,Shelby,Rogers,Married,n/a,2025-10-08,2026-07-14 10:10:05.5100000
11713,AW00011713,Kyle,Zhang,Married,n/a,2025-10-08,2026-07-14 10:10:05.5100000
11714,AW00011714,Alexandria,Long,Married,n/a,2025-10-08,2026-07-14 10:10:05.5100000
11715,AW00011715,Chloe,Robinson,Married,n/a,2025-10-08,2026-07-14 10:10:05.5100000
11716,AW00011716,Evan,Kelly,Single,n/a,2025-10-08,2026-07-14 10:10:05.5100000
11717,AW00011717,Marcus,Jones,Married,n/a,2025-10-08,2026-07-14 10:10:05.5100000
11718,AW00011718,Sarah,Jones,Married,n/a,2025-10-08,2026-07-14 10:10:05.5100000
11719,AW00011719,Blake,Green,Married,n/a,2025-10-08,2026-07-14 10:10:05.5100000
11720,AW00011720,Morgan,Morris,Married,n/a,2025-10-08,2026-07-14 10:10:05.5100000
11721,AW00011721,Jennifer,Alexander,Married,n/a,2025-10-08,2026-07-14 10:10:05.5100000
11722,AW00011722,Julian,Hughes,Married,n/a,2025-10-08,2026-07-14 10:10:05.5100000
11723,AW00011723,Luke,Coleman,Single,n/a,2025-10-08,2026-07-14 10:10:05.5100000
11724,AW00011724,Jason,Carter,Single,n/a,2025-10-08,2026-07-14 10:10:05.5100000
11725,AW00011725,Jose,Li,Single,n/a,2025-10-08,2026-07-14 10:10:05.5100000
11726,AW00011726,Micah,Liang,Single,n/a,2025-10-08,2026-07-14 10:10:05.5100000
11727,AW00011727,Benjamin,Taylor,Single,n/a,2025-10-08,2026-07-14 10:10:05.5100000
11728,AW00011728,Logan,White,Married,n/a,2025-10-08,2026-07-14 10:10:05.5100000
11729,AW00011729,Caleb,Campbell,Married,n/a,2025-10-08,2026-07-14 10:10:05.5100000
11730,AW00011730,Emma,Torres,Married,n/a,2025-10-08,2026-07-14 10:10:05.5100000
11731,AW00011731,Tanya,Gill,Married,n/a,2025-10-08,2026-07-14 10:10:05.5100000
11732,AW00011732,Erick,Sanchez,Married,n/a,2025-10-08,2026-07-14 10:10:05.5100000
11733,AW00011733,Kristi,Schmidt,Married,n/a,2025-10-08,2026-07-14 10:10:05.5100000
11734,AW00011734,Omar,Chen,Married,n/a,2025-10-08,2026-07-14 10:10:05.5100000
11735,AW00011735,Sydney,Gray,Married,n/a,2025-10-08,2026-07-14 10:10:05.5100000
11736,AW00011736,Sebastian,Sanchez,Married,n/a,2025-10-08,2026-07-14 10:10:05.5100000
11737,AW00011737,Megan,Martin,Married,n/a,2025-10-08,2026-07-14 10:10:05.5100000
11738,AW00011738,Elijah,Alexander,Married,n/a,2025-10-08,2026-07-14 10:10:05.5100000
11739,AW00011739,Aaron,King,Married,n/a,2025-10-08,2026-07-14 10:10:05.5100000
11740,AW00011740,Jan,Hall,Married,n/a,2025-10-08,2026-07-14 10:10:05.5100000
11741,AW00011741,Tamara,Chander,Married,n/a,2025-10-08,2026-07-14 10:10:05.5100000
11742,AW00011742,Edward,Lewis,Single,n/a,2025-10-08,2026-07-14 10:10:05.5100000
11743,AW00011743,Chase,Kelly,Married,n/a,2025-10-08,2026-07-14 10:10:05.5100000
11744,AW00011744,Stephanie,Campbell,Married,n/a,2025-10-08,2026-07-14 10:10:05.5100000
11745,AW00011745,Allison,Gonzalez,Married,n/a,2025-10-08,2026-07-14 10:10:05.5100000
11746,AW00011746,Seth,Brooks,Single,n/a,2025-10-08,2026-07-14 10:10:05.5100000
11747,AW00011747,Destiny,Davis,Married,n/a,2025-10-08,2026-07-14 10:10:05.5100000
11748,AW00011748,Blake,Hill,Married,n/a,2025-10-08,2026-07-14 10:10:05.5100000
11749,AW00011749,Eduardo,Jackson,Married,n/a,2025-10-08,2026-07-14 10:10:05.5100000
11750,AW00011750,Latoya,She,Married,n/a,2025-10-08,2026-07-14 10:10:05.5100000
11751,AW00011751,Victoria,Gonzales,Married,n/a,2025-10-08,2026-07-14 10:10:05.5100000
11752,AW00011752,Lauren,Bryant,Married,n/a,2025-10-08,2026-07-14 10:10:05.5100000
11753,AW00011753,Felicia,Ortega,Married,n/a,2025-10-08,2026-07-14 10:10:05.5100000
11754,AW00011754,Janet,Ortega,Married,n/a,2025-10-08,2026-07-14 10:10:05.5100000
11755,AW00011755,Willie,Pal,Married,n/a,2025-10-08,2026-07-14 10:10:05.5100000
11756,AW00011756,Linda,Ortega,Single,n/a,2025-10-08,2026-07-14 10:10:05.5100000
11757,AW00011757,Vincent,Cai,Married,n/a,2025-10-08,2026-07-14 10:10:05.5100000
11758,AW00011758,Colin,Yuan,Married,n/a,2025-10-08,2026-07-14 10:10:05.5100000
11759,AW00011759,Dawn,Nath,Married,n/a,2025-10-08,2026-07-14 10:10:05.5100000
11760,AW00011760,Melody,Moreno,Married,n/a,2025-10-08,2026-07-14 10:10:05.5100000
11761,AW00011761,Edgar,Mehta,Single,n/a,2025-10-08,2026-07-14 10:10:05.5100000
11762,AW00011762,Randall,Gomez,Married,n/a,2025-10-08,2026-07-14 10:10:05.5100000
11763,AW00011763,Ross,Fernandez,Married,n/a,2025-10-08,2026-07-14 10:10:05.5100000
11764,AW00011764,Jessie,Ramos,Single,n/a,2025-10-08,2026-07-14 10:10:05.5100000
11765,AW00011765,Marc,Torres,Married,n/a,2025-10-08,2026-07-14 10:10:05.5100000
11766,AW00011766,Candace,Raman,Single,n/a,2025-10-08,2026-07-14 10:10:05.5100000
11767,AW00011767,Meagan,Madan,Single,n/a,2025-10-08,2026-07-14 10:10:05.5100000
11768,AW00011768,Clayton,Nara,Married,n/a,2025-10-08,2026-07-14 10:10:05.5100000
11769,AW00011769,Haley,Hernandez,Single,n/a,2025-10-08,2026-07-14 10:10:05.5100000
11770,AW00011770,Peter,Nara,Single,n/a,2025-10-08,2026-07-14 10:10:05.5100000
11771,AW00011771,Isaac,Rivera,Single,n/a,2025-10-08,2026-07-14 10:10:05.5100000
11772,AW00011772,Cameron,Moore,Married,n/a,2025-10-08,2026-07-14 10:10:05.5100000
11773,AW00011773,Gavin,Diaz,Single,n/a,2025-10-08,2026-07-14 10:10:05.5100000
11774,AW00011774,Emma,Sanchez,Married,n/a,2025-10-08,2026-07-14 10:10:05.5100000
11775,AW00011775,Sierra,Roberts,Single,n/a,2025-10-08,2026-07-14 10:10:05.5100000
11776,AW00011776,Seth,Mitchell,Married,n/a,2025-10-08,2026-07-14 10:10:05.5100000
11777,AW00011777,Miranda,Long,Single,n/a,2025-10-08,2026-07-14 10:10:05.5100000
11778,AW00011778,Haley,Henderson,Single,n/a,2025-10-08,2026-07-14 10:10:05.5100000
11779,AW00011779,Sarah,Jackson,Single,n/a,2025-10-08,2026-07-14 10:10:05.5100000
11780,AW00011780,Jessica,Alexander,Single,n/a,2025-10-08,2026-07-14 10:10:05.5100000
11781,AW00011781,Carlos,Gray,Married,n/a,2025-10-08,2026-07-14 10:10:05.5100000
11782,AW00011782,Barbara,Jai,Married,n/a,2025-10-08,2026-07-14 10:10:05.5100000
11783,AW00011783,Sara,Mitchell,Married,n/a,2025-10-08,2026-07-14 10:10:05.5100000
11784,AW00011784,Jose,Turner,Married,n/a,2025-10-08,2026-07-14 10:10:05.5100000
11785,AW00011785,Theodore,Diaz,Married,n/a,2025-10-08,2026-07-14 10:10:05.5100000
11786,AW00011786,Ian,Murphy,Single,n/a,2025-10-08,2026-07-14 10:10:05.5100000
11787,AW00011787,Jerry,Nath,Married,n/a,2025-10-08,2026-07-14 10:10:05.5100000
11788,AW00011788,Destiny,James,Single,n/a,2025-10-08,2026-07-14 10:10:05.5100000
11789,AW00011789,Bailey,Phillips,Married,n/a,2025-10-08,2026-07-14 10:10:05.5100000
11790,AW00011790,Timothy,Gonzalez,Married,n/a,2025-10-08,2026-07-14 10:10:05.5100000
11791,AW00011791,Chase,Morgan,Married,n/a,2025-10-08,2026-07-14 10:10:05.5100000
11792,AW00011792,Alexia,Perry,Married,n/a,2025-10-08,2026-07-14 10:10:05.5100000
11793,AW00011793,Xavier,Rogers,Married,n/a,2025-10-08,2026-07-14 10:10:05.5100000
11794,AW00011794,Lauren,Ross,Single,n/a,2025-10-08,2026-07-14 10:10:05.5100000
11795,AW00011795,Nicole,Thomas,Single,n/a,2025-10-08,2026-07-14 10:10:05.5100000
11796,AW00011796,Isabel,Jenkins,Single,n/a,2025-10-08,2026-07-14 10:10:05.5100000
11797,AW00011797,Devin,Coleman,Single,n/a,2025-10-08,2026-07-14 10:10:05.5100000
11798,AW00011798,Brendan,Chande,Married,n/a,2025-10-08,2026-07-14 10:10:05.5100000
11799,AW00011799,Jessie,Wang,Married,n/a,2025-10-08,2026-07-14 10:10:05.5100000
11800,AW00011800,Jennifer,Baker,Married,n/a,2025-10-08,2026-07-14 10:10:05.5100000
11801,AW00011801,Aaron,Sharma,Married,n/a,2025-10-08,2026-07-14 10:10:05.5100000
11802,AW00011802,Madison,Taylor,Married,n/a,2025-10-08,2026-07-14 10:10:05.5100000
11803,AW00011803,Jan,Hernandez,Single,n/a,2025-10-08,2026-07-14 10:10:05.5100000
11804,AW00011804,Haley,Turner,Married,n/a,2025-10-08,2026-07-14 10:10:05.5100000
11805,AW00011805,Richard,Green,Married,n/a,2025-10-08,2026-07-14 10:10:05.5100000
11806,AW00011806,Jennifer,Stewart,Married,n/a,2025-10-08,2026-07-14 10:10:05.5100000
11807,AW00011807,Lucas,Baker,Married,n/a,2025-10-08,2026-07-14 10:10:05.5100000
11808,AW00011808,James,Parker,Married,n/a,2025-10-08,2026-07-14 10:10:05.5100000
11809,AW00011809,Juan,Gray,Married,n/a,2025-10-08,2026-07-14 10:10:05.5100000
11810,AW00011810,Antonio,Washington,Single,n/a,2025-10-08,2026-07-14 10:10:05.5100000
11811,AW00011811,Abigail,Brooks,Single,n/a,2025-10-08,2026-07-14 10:10:05.5100000
11812,AW00011812,Andrew,Rodriguez,Married,n/a,2025-10-08,2026-07-14 10:10:05.5100000
11813,AW00011813,Mary,Patterson,Married,n/a,2025-10-08,2026-07-14 10:10:05.5100000
11814,AW00011814,Dalton,Morgan,Married,n/a,2025-10-08,2026-07-14 10:10:05.5100000
11815,AW00011815,Hannah,Patterson,Married,n/a,2025-10-08,2026-07-14 10:10:05.5100000
11816,AW00011816,Joe,Torres,Married,n/a,2025-10-08,2026-07-14 10:10:05.5100000
11817,AW00011817,Morgan,Miller,Single,n/a,2025-10-08,2026-07-14 10:10:05.5100000
11818,AW00011818,Daniel,Garcia,Married,n/a,2025-10-08,2026-07-14 10:10:05.5100000
11819,AW00011819,Jose,Lal,Married,n/a,2025-10-08,2026-07-14 10:10:05.5100000
11820,AW00011820,Katelyn,Lopez,Married,n/a,2025-10-08,2026-07-14 10:10:05.5100000
11821,AW00011821,Austin,Johnson,Married,n/a,2025-10-08,2026-07-14 10:10:05.5100000
11822,AW00011822,Rohinton,Wadia,Married,n/a,2025-10-08,2026-07-14 10:10:05.5100000
11823,AW00011823,Morgan,Turner,Married,n/a,2025-10-08,2026-07-14 10:10:05.5100000
11824,AW00011824,Jill,Martin,Married,n/a,2025-10-08,2026-07-14 10:10:05.5100000
11825,AW00011825,Aimee,She,Single,n/a,2025-10-08,2026-07-14 10:10:05.5100000
11826,AW00011826,Jessie,Alonso,Married,n/a,2025-10-08,2026-07-14 10:10:05.5100000
11827,AW00011827,Sara,Baker,Married,n/a,2025-10-08,2026-07-14 10:10:05.5100000
11828,AW00011828,Katherine,Martinez,Married,n/a,2025-10-08,2026-07-14 10:10:05.5100000
11829,AW00011829,Sophia,Campbell,Married,n/a,2025-10-08,2026-07-14 10:10:05.5100000
11830,AW00011830,Taylor,Garcia,Married,n/a,2025-10-08,2026-07-14 10:10:05.5100000
11831,AW00011831,Christian,Ross,Married,n/a,2025-10-08,2026-07-14 10:10:05.5100000
11832,AW00011832,Zoe,Murphy,Single,n/a,2025-10-08,2026-07-14 10:10:05.5100000
11833,AW00011833,Oscar,Price,Married,n/a,2025-10-08,2026-07-14 10:10:05.5100000
11834,AW00011834,Fernando,Flores,Single,n/a,2025-10-08,2026-07-14 10:10:05.5100000
11835,AW00011835,Elijah,Russell,Single,n/a,2025-10-08,2026-07-14 10:10:05.5100000
11836,AW00011836,Garrett,Travers,Married,n/a,2025-10-08,2026-07-14 10:10:05.5100000
11837,AW00011837,Haley,Alexander,Single,n/a,2025-10-08,2026-07-14 10:10:05.5100000
11838,AW00011838,Justin,Rodriguez,Single,n/a,2025-10-08,2026-07-14 10:10:05.5100000
11839,AW00011839,Tyler,Brown,Single,n/a,2025-10-08,2026-07-14 10:10:05.5100000
11840,AW00011840,Julian,Patterson,Married,n/a,2025-10-08,2026-07-14 10:10:05.5100000
11841,AW00011841,Sean,Nelson,Married,n/a,2025-10-08,2026-07-14 10:10:05.5100000
11842,AW00011842,Justin,Wilson,Single,n/a,2025-10-08,2026-07-14 10:10:05.5100000
11843,AW00011843,Christy,Nara,Single,n/a,2025-10-08,2026-07-14 10:10:05.5100000
11844,AW00011844,Michele,Alvarez,Single,n/a,2025-10-08,2026-07-14 10:10:05.5100000
11845,AW00011845,Natalie,Jones,Single,n/a,2025-10-08,2026-07-14 10:10:05.5100000
11846,AW00011846,Savannah,Reed,Single,n/a,2025-10-08,2026-07-14 10:10:05.5100000
11847,AW00011847,Cassidy,Diaz,Single,n/a,2025-10-08,2026-07-14 10:10:05.5100000
11848,AW00011848,Joshua,Lewis,Married,n/a,2025-10-08,2026-07-14 10:10:05.5100000
11849,AW00011849,Faith,Reed,Single,n/a,2025-10-08,2026-07-14 10:10:05.5100000
11850,AW00011850,Brooke,Ramirez,Single,n/a,2025-10-08,2026-07-14 10:10:05.5100000
11851,AW00011851,Jada,Mitchell,Single,n/a,2025-10-08,2026-07-14 10:10:05.5100000
11852,AW00011852,Kyle,Russell,Single,n/a,2025-10-08,2026-07-14 10:10:05.5100000
11853,AW00011853,Grace,Jones,Single,n/a,2025-10-08,2026-07-14 10:10:05.5100000
11854,AW00011854,Jason,Mitchell,Single,n/a,2025-10-08,2026-07-14 10:10:05.5100000
11855,AW00011855,Christian,Walker,Married,n/a,2025-10-08,2026-07-14 10:10:05.5100000
11856,AW00011856,Seth,Hernandez,Married,n/a,2025-10-08,2026-07-14 10:10:05.5100000
11857,AW00011857,Isabella,Young,Single,n/a,2025-10-08,2026-07-14 10:10:05.5100000
11858,AW00011858,Jordan,Coleman,Married,n/a,2025-10-08,2026-07-14 10:10:05.5100000
11859,AW00011859,Blake,Garcia,Married,n/a,2025-10-08,2026-07-14 10:10:05.5100000
11860,AW00011860,Nicole,Walker,Married,n/a,2025-10-08,2026-07-14 10:10:05.5100000
11861,AW00011861,Katherine,Carter,Married,n/a,2025-10-08,2026-07-14 10:10:05.5100000
11862,AW00011862,Olivia,Peterson,Single,n/a,2025-10-08,2026-07-14 10:10:05.5100000
11863,AW00011863,Jessica,Wood,Married,n/a,2025-10-08,2026-07-14 10:10:05.5100000
11864,AW00011864,Elizabeth,Thompson,Married,n/a,2025-10-08,2026-07-14 10:10:05.5100000
11865,AW00011865,Chloe,Rivera,Married,n/a,2025-10-08,2026-07-14 10:10:05.5100000
11866,AW00011866,Lucas,Scott,Married,n/a,2025-10-08,2026-07-14 10:10:05.5100000
11867,AW00011867,Nathaniel,James,Married,n/a,2025-10-08,2026-07-14 10:10:05.5100000
11868,AW00011868,Jessica,Peterson,Single,n/a,2025-10-08,2026-07-14 10:10:05.5100000
11869,AW00011869,Kaitlyn,Adams,Single,n/a,2025-10-08,2026-07-14 10:10:05.5100000
11870,AW00011870,Jillian,Garcia,Single,n/a,2025-10-08,2026-07-14 10:10:05.5100000
11871,AW00011871,Dalton,Bennett,Single,n/a,2025-10-08,2026-07-14 10:10:05.5100000
11872,AW00011872,Faith,Patterson,Single,n/a,2025-10-08,2026-07-14 10:10:05.5100000
11873,AW00011873,Ryan,Zhang,Married,n/a,2025-10-08,2026-07-14 10:10:05.5100000
11874,AW00011874,Adrian,Bell,Single,n/a,2025-10-08,2026-07-14 10:10:05.5100000
11875,AW00011875,Jonathan,Brown,Married,n/a,2025-10-08,2026-07-14 10:10:05.5100000
11876,AW00011876,Madison,White,Married,n/a,2025-10-08,2026-07-14 10:10:05.5100000
11877,AW00011877,Alexis,Diaz,Married,n/a,2025-10-08,2026-07-14 10:10:05.5100000
11878,AW00011878,Christine,Nara,Married,n/a,2025-10-08,2026-07-14 10:10:05.5100000
11879,AW00011879,Edgar,Sai,Married,n/a,2025-10-08,2026-07-14 10:10:05.5100000
11880,AW00011880,Melissa,Sanchez,Married,n/a,2025-10-08,2026-07-14 10:10:05.5100000
11881,AW00011881,Richard,Mitchell,Married,n/a,2025-10-08,2026-07-14 10:10:05.5100000
11882,AW00011882,Patrick,Stewart,Married,n/a,2025-10-08,2026-07-14 10:10:05.5100000
11883,AW00011883,Hannah,Anderson,Married,n/a,2025-10-08,2026-07-14 10:10:05.5100000
11884,AW00011884,Latoya,Shen,Married,n/a,2025-10-08,2026-07-14 10:10:05.5100000
11885,AW00011885,Kurt,Sharma,Married,n/a,2025-10-08,2026-07-14 10:10:05.5100000
11886,AW00011886,Katelyn,Parker,Married,n/a,2025-10-08,2026-07-14 10:10:05.5100000
11887,AW00011887,Joseph,White,Married,n/a,2025-10-08,2026-07-14 10:10:05.5100000
11888,AW00011888,Aaron,Ross,Married,n/a,2025-10-08,2026-07-14 10:10:05.5100000
11889,AW00011889,Blake,Patterson,Single,n/a,2025-10-08,2026-07-14 10:10:05.5100000
11890,AW00011890,Whitney,Lopez,Married,n/a,2025-10-08,2026-07-14 10:10:05.5100000
11891,AW00011891,Jamie,Liang,Married,n/a,2025-10-08,2026-07-14 10:10:05.5100000
11892,AW00011892,Julio,Ortega,Married,n/a,2025-10-08,2026-07-14 10:10:05.5100000
11893,AW00011893,Orlando,Carlson,Married,n/a,2025-10-08,2026-07-14 10:10:05.5100000
11894,AW00011894,Ann,Gonzalez,Married,n/a,2025-10-08,2026-07-14 10:10:05.5100000
11895,AW00011895,Dustin,Chander,Married,n/a,2025-10-08,2026-07-14 10:10:05.5100000
11896,AW00011896,Frank,Carlson,Married,n/a,2025-10-08,2026-07-14 10:10:05.5100000
11897,AW00011897,Orlando,Ashe,Single,n/a,2025-10-08,2026-07-14 10:10:05.5100000
11898,AW00011898,Angela,Henderson,Married,n/a,2025-10-08,2026-07-14 10:10:05.5100000
11899,AW00011899,Brenda,Perez,Single,n/a,2025-10-08,2026-07-14 10:10:05.5100000
11900,AW00011900,Byron,Carlson,Single,n/a,2025-10-08,2026-07-14 10:10:05.5100000
11901,AW00011901,Stacy,Alvarez,Single,n/a,2025-10-08,2026-07-14 10:10:05.5100000
11902,AW00011902,Drew,Pal,Married,n/a,2025-10-08,2026-07-14 10:10:05.5100000
11903,AW00011903,Kate,Raji,Single,n/a,2025-10-08,2026-07-14 10:10:05.5100000
11904,AW00011904,Kaylee,Cook,Single,n/a,2025-10-08,2026-07-14 10:10:05.5100000
11905,AW00011905,Isaiah,Ramirez,Single,n/a,2025-10-08,2026-07-14 10:10:05.5100000
11906,AW00011906,Gabriella,Sanders,Married,n/a,2025-10-08,2026-07-14 10:10:05.5100000
11907,AW00011907,Sarah,Garcia,Single,n/a,2025-10-08,2026-07-14 10:10:05.5100000
11908,AW00011908,Rafael,Tang,Single,n/a,2025-10-08,2026-07-14 10:10:05.5100000
11909,AW00011909,Nichole,She,Married,n/a,2025-10-08,2026-07-14 10:10:05.5100000
11910,AW00011910,Jaclyn,Zheng,Married,n/a,2025-10-08,2026-07-14 10:10:05.5100000
11911,AW00011911,Rachael,Kapoor,Married,n/a,2025-10-08,2026-07-14 10:10:05.5100000
11912,AW00011912,Rachael,Sai,Single,n/a,2025-10-08,2026-07-14 10:10:05.5100000
11913,AW00011913,Rebecca,Robinson,Married,n/a,2025-10-08,2026-07-14 10:10:05.5100000
11914,AW00011914,Meagan,Rana,Single,n/a,2025-10-08,2026-07-14 10:10:05.5100000
11915,AW00011915,Philip,Carlson,Single,n/a,2025-10-08,2026-07-14 10:10:05.5100000
11916,AW00011916,Joe,Rana,Single,n/a,2025-10-08,2026-07-14 10:10:05.5100000
11917,AW00011917,Roy,Sanz,Single,n/a,2025-10-08,2026-07-14 10:10:05.5100000
11918,AW00011918,Kaylee,Hill,Married,n/a,2025-10-08,2026-07-14 10:10:05.5100000
11919,AW00011919,Warren,Andersen,Married,n/a,2025-10-08,2026-07-14 10:10:05.5100000
11920,AW00011920,Adrienne,Gomez,Single,n/a,2025-10-08,2026-07-14 10:10:05.5100000
11921,AW00011921,Gilbert,Zhu,Married,n/a,2025-10-08,2026-07-14 10:10:05.5100000
11922,AW00011922,James,Davis,Single,n/a,2025-10-08,2026-07-14 10:10:05.5100000
11923,AW00011923,Sarah,Bryant,Married,n/a,2025-10-08,2026-07-14 10:10:05.5100000
11924,AW00011924,Ian,Long,Single,n/a,2025-10-08,2026-07-14 10:10:05.5100000
11925,AW00011925,Ashlee,Jai,Single,n/a,2025-10-08,2026-07-14 10:10:05.5100000
11926,AW00011926,Eduardo,Foster,Single,n/a,2025-10-08,2026-07-14 10:10:05.5100000
11927,AW00011927,Nicole,Murphy,Single,n/a,2025-10-08,2026-07-14 10:10:05.5100000
11928,AW00011928,Isabella,Morris,Married,n/a,2025-10-08,2026-07-14 10:10:05.5100000
11929,AW00011929,Virginia,Gonzalez,Single,n/a,2025-10-08,2026-07-14 10:10:05.5100000
11930,AW00011930,Jaclyn,Nara,Married,n/a,2025-10-08,2026-07-14 10:10:05.5100000
11931,AW00011931,Marcus,Adams,Single,n/a,2025-10-08,2026-07-14 10:10:05.5100000
11932,AW00011932,Elizabeth,Coleman,Married,n/a,2025-10-08,2026-07-14 10:10:05.5100000
11933,AW00011933,Mathew,Rubio,Single,n/a,2025-10-08,2026-07-14 10:10:05.5100000
11934,AW00011934,Justin,Shan,Single,n/a,2025-10-08,2026-07-14 10:10:05.5100000
11935,AW00011935,Jessica,Taylor,Single,n/a,2025-10-08,2026-07-14 10:10:05.5100000
11936,AW00011936,Hunter,Clark,Married,n/a,2025-10-08,2026-07-14 10:10:05.5100000
11937,AW00011937,Devin,Perez,Married,n/a,2025-10-08,2026-07-14 10:10:05.5100000
11938,AW00011938,Seth,Alexander,Married,n/a,2025-10-08,2026-07-14 10:10:05.5100000
11939,AW00011939,Kevin,Washington,Single,n/a,2025-10-08,2026-07-14 10:10:05.5100000
11940,AW00011940,Tyler,Miller,Married,n/a,2025-10-08,2026-07-14 10:10:05.5100000
11941,AW00011941,Adam,Roberts,Single,n/a,2025-10-08,2026-07-14 10:10:05.5100000
11942,AW00011942,George,Gonzalez,Married,n/a,2025-10-08,2026-07-14 10:10:05.5100000
11943,AW00011943,Dawn,Huang,Married,n/a,2025-10-08,2026-07-14 10:10:05.5100000
11944,AW00011944,Rachael,Rodriguez,Single,n/a,2025-10-08,2026-07-14 10:10:05.5100000
11945,AW00011945,Dennis,Huang,Married,n/a,2025-10-08,2026-07-14 10:10:05.5100000
11946,AW00011946,Brandy,Saunders,Single,n/a,2025-10-08,2026-07-14 10:10:05.5100000
11947,AW00011947,Jenny,Zheng,Single,n/a,2025-10-08,2026-07-14 10:10:05.5100000
11948,AW00011948,Tasha,Xu,Married,n/a,2025-10-08,2026-07-14 10:10:05.5100000
11949,AW00011949,Julia,Brooks,Single,n/a,2025-10-08,2026-07-14 10:10:05.5100000
11950,AW00011950,Jordan,Carter,Married,n/a,2025-10-08,2026-07-14 10:10:05.5100000
11951,AW00011951,Lacey,Huang,Married,n/a,2025-10-08,2026-07-14 10:10:05.5100000
11952,AW00011952,Dorothy,Robinson,Single,n/a,2025-10-08,2026-07-14 10:10:05.5100000
11953,AW00011953,Courtney,Wright,Single,n/a,2025-10-08,2026-07-14 10:10:05.5100000
11954,AW00011954,Joseph,Garcia,Married,n/a,2025-10-08,2026-07-14 10:10:05.5100000
11955,AW00011955,Gabriel,Green,Single,n/a,2025-10-08,2026-07-14 10:10:05.5100000
11956,AW00011956,Alexandria,Sandberg,Single,n/a,2025-10-08,2026-07-14 10:10:05.5100000
11957,AW00011957,Courtney,Hernandez,Single,n/a,2025-10-08,2026-07-14 10:10:05.5100000
11958,AW00011958,Dylan,Lal,Single,n/a,2025-10-08,2026-07-14 10:10:05.5100000
11959,AW00011959,Elizabeth,Davis,Single,n/a,2025-10-08,2026-07-14 10:10:05.5100000
11960,AW00011960,Ana,Griffin,Single,n/a,2025-10-08,2026-07-14 10:10:05.5100000
11961,AW00011961,Anne,Alvarez,Single,n/a,2025-10-08,2026-07-14 10:10:05.5100000
11962,AW00011962,Alexandra,Roberts,Single,n/a,2025-10-08,2026-07-14 10:10:05.5100000
11963,AW00011963,Antonio,Patterson,Married,n/a,2025-10-08,2026-07-14 10:10:05.5100000
11964,AW00011964,Sharon,Salavaria,Single,n/a,2025-10-08,2026-07-14 10:10:05.5100000
11965,AW00011965,Katie,She,Single,n/a,2025-10-08,2026-07-14 10:10:05.5100000
11966,AW00011966,Rafael,Black,Single,n/a,2025-10-08,2026-07-14 10:10:05.5100000
11967,AW00011967,Latasha,Munoz,Single,n/a,2025-10-08,2026-07-14 10:10:05.5100000
11968,AW00011968,Kelsey,Becker,Single,n/a,2025-10-08,2026-07-14 10:10:05.5100000
11969,AW00011969,Randy,Xu,Single,n/a,2025-10-08,2026-07-14 10:10:05.5100000
11970,AW00011970,Bailey,Collins,Single,n/a,2025-10-08,2026-07-14 10:10:05.5100000
11971,AW00011971,Amanda,Adams,Single,n/a,2025-10-08,2026-07-14 10:10:05.5100000
11972,AW00011972,Katherine,Williams,Married,n/a,2025-10-08,2026-07-14 10:10:05.5100000
11973,AW00011973,Caroline,Barnes,Single,n/a,2025-10-08,2026-07-14 10:10:05.5100000
11974,AW00011974,Randy,Sun,Single,n/a,2025-10-08,2026-07-14 10:10:05.5100000
11975,AW00011975,Destiny,Garcia,Single,n/a,2025-10-08,2026-07-14 10:10:05.5100000
11976,AW00011976,Audrey,Ramos,Single,n/a,2025-10-08,2026-07-14 10:10:05.5100000
11977,AW00011977,Bonnie,Jai,Married,n/a,2025-10-08,2026-07-14 10:10:05.5100000
11978,AW00011978,Jackson,Washington,Married,n/a,2025-10-08,2026-07-14 10:10:05.5100000
11979,AW00011979,Christopher,Johnson,Married,n/a,2025-10-08,2026-07-14 10:10:05.5100000
11980,AW00011980,Kimberly,Richardson,Single,n/a,2025-10-08,2026-07-14 10:10:05.5100000
11981,AW00011981,Alexandria,Howard,Single,n/a,2025-10-08,2026-07-14 10:10:05.5100000
11982,AW00011982,Alexandra,Foster,Single,n/a,2025-10-08,2026-07-14 10:10:05.5100000
11983,AW00011983,Cheryl,Ortega,Married,n/a,2025-10-08,2026-07-14 10:10:05.5100000
11984,AW00011984,Alex,Campbell,Married,n/a,2025-10-08,2026-07-14 10:10:05.5100000
11985,AW00011985,Melanie,Hughes,Married,n/a,2025-10-08,2026-07-14 10:10:05.5100000
11986,AW00011986,Max,Alvarez,Single,n/a,2025-10-08,2026-07-14 10:10:05.5100000
11987,AW00011987,Diane,Vazquez,Married,n/a,2025-10-08,2026-07-14 10:10:05.5100000
11988,AW00011988,Kathryn,Chapman,Single,n/a,2025-10-08,2026-07-14 10:10:05.5100000
11989,AW00011989,Kara,Anand,Single,n/a,2025-10-08,2026-07-14 10:10:05.5100000
11990,AW00011990,Joanna,Vazquez,Single,n/a,2025-10-08,2026-07-14 10:10:05.5100000
11991,AW00011991,Frederick,Martinez,Married,n/a,2025-10-08,2026-07-14 10:10:05.5100000
11992,AW00011992,Tonya,Chande,Single,n/a,2025-10-08,2026-07-14 10:10:05.5100000
11993,AW00011993,Rosa,Wang,Single,n/a,2025-10-08,2026-07-14 10:10:05.5100000
11994,AW00011994,Leah,Hu,Single,n/a,2025-10-08,2026-07-14 10:10:05.5100000
11995,AW00011995,Kelvin,Carson,Married,n/a,2025-10-08,2026-07-14 10:10:05.5100000
11996,AW00011996,Veronica,Srini,Single,n/a,2025-10-08,2026-07-14 10:10:05.5100000
11997,AW00011997,Kristina,Kapoor,Married,n/a,2025-10-08,2026-07-14 10:10:05.5100000
11998,AW00011998,Donna,Sharma,Married,n/a,2025-10-08,2026-07-14 10:10:05.5100000
11999,AW00011999,Johnny,Shan,Married,n/a,2025-10-08,2026-07-14 10:10:05.5100000
12000,AW00012000,Ashley,Russell,Single,n/a,2025-10-08,2026-07-14 10:10:05.5100000
12001,AW00012001,Shannon,Yang,Single,n/a,2025-10-08,2026-07-14 10:10:05.5100000
12002,AW00012002,Adriana,Lopez,Single,n/a,2025-10-08,2026-07-14 10:10:05.5100000
12003,AW00012003,Audrey,Munoz,Single,n/a,2025-10-08,2026-07-14 10:10:05.5100000
12004,AW00012004,Jarrod,Suri,Single,n/a,2025-10-08,2026-07-14 10:10:05.5100000
12005,AW00012005,Gilbert,Shen,Married,n/a,2025-10-08,2026-07-14 10:10:05.5100000
12006,AW00012006,Richard,Blue,Married,n/a,2025-10-08,2026-07-14 10:10:05.5100000
12007,AW00012007,Shannon,Sun,Married,n/a,2025-10-08,2026-07-14 10:10:05.5100000
12008,AW00012008,Sharon,Yuan,Married,n/a,2025-10-08,2026-07-14 10:10:05.5100000
12009,AW00012009,Ann,Martinez,Single,n/a,2025-10-08,2026-07-14 10:10:05.5100000
12010,AW00012010,Max,Serrano,Married,n/a,2025-10-08,2026-07-14 10:10:05.5100000
12011,AW00012011,Morgan,Johnson,Single,n/a,2025-10-08,2026-07-14 10:10:05.5100000
12012,AW00012012,Monica,Schmidt,Married,n/a,2025-10-08,2026-07-14 10:10:05.5100000
12013,AW00012013,Kayla,Lewis,Single,n/a,2025-10-08,2026-07-14 10:10:05.5100000
12014,AW00012014,Devin,Sanders,Married,n/a,2025-10-08,2026-07-14 10:10:05.5100000
12015,AW00012015,Jacob,White,Single,n/a,2025-10-08,2026-07-14 10:10:05.5100000
12016,AW00012016,Meredith,Serrano,Single,n/a,2025-10-08,2026-07-14 10:10:05.5100000
12017,AW00012017,David,Simmons,Married,n/a,2025-10-08,2026-07-14 10:10:05.5100000
12018,AW00012018,Devin,Henderson,Married,n/a,2025-10-08,2026-07-14 10:10:05.5100000
12019,AW00012019,Gabrielle,Cox,Single,n/a,2025-10-08,2026-07-14 10:10:05.5100000
12020,AW00012020,Olivia,Rogers,Married,n/a,2025-10-08,2026-07-14 10:10:05.5100000
12021,AW00012021,Deborah,Yuan,Single,n/a,2025-10-08,2026-07-14 10:10:05.5100000
12022,AW00012022,Jose,Wright,Single,n/a,2025-10-08,2026-07-14 10:10:05.5100000
12023,AW00012023,Fernando,Johnson,Single,n/a,2025-10-08,2026-07-14 10:10:05.5100000
12024,AW00012024,Samuel,Edwards,Single,n/a,2025-10-08,2026-07-14 10:10:05.5100000
12025,AW00012025,Logan,Diaz,Married,n/a,2025-10-08,2026-07-14 10:10:05.5100000
12026,AW00012026,Lucas,Flores,Married,n/a,2025-10-08,2026-07-14 10:10:05.5100000
12027,AW00012027,Haley,Wood,Married,n/a,2025-10-08,2026-07-14 10:10:05.5100000
12028,AW00012028,Sarah,Lewis,Single,n/a,2025-10-08,2026-07-14 10:10:05.5100000
12029,AW00012029,Damien,Hu,Married,n/a,2025-10-08,2026-07-14 10:10:05.5100000
12030,AW00012030,Ana,Washington,Single,n/a,2025-10-08,2026-07-14 10:10:05.5100000
12031,AW00012031,Logan,Jai,Single,n/a,2025-10-08,2026-07-14 10:10:05.5100000
12032,AW00012032,Tyler,Taylor,Single,n/a,2025-10-08,2026-07-14 10:10:05.5100000
12033,AW00012033,Kristen,Guo,Single,n/a,2025-10-08,2026-07-14 10:10:05.5100000
12034,AW00012034,Julian,Long,Married,n/a,2025-10-08,2026-07-14 10:10:05.5100000
12035,AW00012035,Gerald,Prasad,Married,n/a,2025-10-08,2026-07-14 10:10:05.5100000
12036,AW00012036,Summer,Lopez,Married,n/a,2025-10-08,2026-07-14 10:10:05.5100000
12037,AW00012037,Patricia,Chapman,Single,n/a,2025-10-08,2026-07-14 10:10:05.5100000
12038,AW00012038,George,Vance,Single,n/a,2025-10-08,2026-07-14 10:10:05.5100000
12039,AW00012039,Ricardo,Nath,Married,n/a,2025-10-08,2026-07-14 10:10:05.5100000
12040,AW00012040,Richard,Torres,Married,n/a,2025-10-08,2026-07-14 10:10:05.5100000
12041,AW00012041,Seth,Martin,Married,n/a,2025-10-08,2026-07-14 10:10:05.5100000
12042,AW00012042,Alex,Carter,Married,n/a,2025-10-08,2026-07-14 10:10:05.5100000
12043,AW00012043,Carson,Patterson,Married,n/a,2025-10-08,2026-07-14 10:10:05.5100000
12044,AW00012044,Madeline,Lopez,Single,n/a,2025-10-08,2026-07-14 10:10:05.5100000
12045,AW00012045,Luis,Russell,Single,n/a,2025-10-08,2026-07-14 10:10:05.5100000
12046,AW00012046,Alexa,Cook,Single,n/a,2025-10-08,2026-07-14 10:10:05.5100000
12047,AW00012047,Alexandra,Davis,Single,n/a,2025-10-08,2026-07-14 10:10:05.5100000
12048,AW00012048,Kayla,Coleman,Single,n/a,2025-10-08,2026-07-14 10:10:05.5100000
12049,AW00012049,Angela,Russell,Single,n/a,2025-10-08,2026-07-14 10:10:05.5100000
12050,AW00012050,Aaron,Young,Single,n/a,2025-10-08,2026-07-14 10:10:05.5100000
12051,AW00012051,Isaiah,Scott,Single,n/a,2025-10-08,2026-07-14 10:10:05.5100000
12052,AW00012052,Makayla,Ward,Single,n/a,2025-10-08,2026-07-14 10:10:05.5100000
12053,AW00012053,Cedric,Gao,Single,n/a,2025-10-08,2026-07-14 10:10:05.5100000
12054,AW00012054,Luke,Diaz,Married,n/a,2025-10-08,2026-07-14 10:10:05.5100000
12055,AW00012055,Arianna,Richardson,Married,n/a,2025-10-08,2026-07-14 10:10:05.5100000
12056,AW00012056,Ian,Ward,Married,n/a,2025-10-08,2026-07-14 10:10:05.5100000
12057,AW00012057,Madeline,Collins,Married,n/a,2025-10-08,2026-07-14 10:10:05.5100000
12058,AW00012058,Chloe,Nelson,Married,n/a,2025-10-08,2026-07-14 10:10:05.5100000
12059,AW00012059,Jason,Jenkins,Married,n/a,2025-10-08,2026-07-14 10:10:05.5100000
12060,AW00012060,Andrew,Wedge,Single,n/a,2025-10-08,2026-07-14 10:10:05.5100000
12061,AW00012061,Bryce,Brooks,Married,n/a,2025-10-08,2026-07-14 10:10:05.5100000
12062,AW00012062,Edward,Long,Married,n/a,2025-10-08,2026-07-14 10:10:05.5100000
12063,AW00012063,Xavier,Martinez,Married,n/a,2025-10-08,2026-07-14 10:10:05.5100000
12064,AW00012064,John,White,Single,n/a,2025-10-08,2026-07-14 10:10:05.5100000
12065,AW00012065,Isaiah,Collins,Married,n/a,2025-10-08,2026-07-14 10:10:05.5100000
12066,AW00012066,Wyatt,Powell,Married,n/a,2025-10-08,2026-07-14 10:10:05.5100000
12067,AW00012067,Aaron,Bryant,Single,n/a,2025-10-08,2026-07-14 10:10:05.5100000
12068,AW00012068,Maria,Jenkins,Single,n/a,2025-10-08,2026-07-14 10:10:05.5100000
12069,AW00012069,Garrett,Kelly,Married,n/a,2025-10-08,2026-07-14 10:10:05.5100000
12070,AW00012070,Luke,Ross,Married,n/a,2025-10-08,2026-07-14 10:10:05.5100000
12071,AW00012071,Robert,Robinson,Married,n/a,2025-10-08,2026-07-14 10:10:05.5100000
12072,AW00012072,Tristan,Ross,Married,n/a,2025-10-08,2026-07-14 10:10:05.5100000
12073,AW00012073,Thomas,Rodriguez,Married,n/a,2025-10-08,2026-07-14 10:10:05.5100000
12074,AW00012074,Megan,Jenkins,Single,n/a,2025-10-08,2026-07-14 10:10:05.5100000
12075,AW00012075,Cameron,Griffin,Single,n/a,2025-10-08,2026-07-14 10:10:05.5100000
12076,AW00012076,Chloe,Washington,Married,n/a,2025-10-08,2026-07-14 10:10:05.5100000
12077,AW00012077,Nicole,Sandberg,Single,n/a,2025-10-08,2026-07-14 10:10:05.5100000
12078,AW00012078,Jose,Edwards,Married,n/a,2025-10-08,2026-07-14 10:10:05.5100000
12079,AW00012079,Nathaniel,Cooper,Married,n/a,2025-10-08,2026-07-14 10:10:05.5100000
12080,AW00012080,Grace,Sanchez,Single,n/a,2025-10-08,2026-07-14 10:10:05.5100000
12081,AW00012081,Kaitlyn,Perez,Single,n/a,2025-10-08,2026-07-14 10:10:05.5100000
12082,AW00012082,Lauren,Sanchez,Married,n/a,2025-10-08,2026-07-14 10:10:05.5100000
12083,AW00012083,Kayla,Alexander,Married,n/a,2025-10-08,2026-07-14 10:10:05.5100000
12084,AW00012084,Aidan,Perry,Married,n/a,2025-10-08,2026-07-14 10:10:05.5100000
12085,AW00012085,Tyler,Rodriguez,Married,n/a,2025-10-08,2026-07-14 10:10:05.5100000
12086,AW00012086,Emily,Clark,Single,n/a,2025-10-08,2026-07-14 10:10:05.5100000
12087,AW00012087,Sean,Cook,Single,n/a,2025-10-08,2026-07-14 10:10:05.5100000
12088,AW00012088,Lauren,Thompson,Single,n/a,2025-10-08,2026-07-14 10:10:05.5100000
12089,AW00012089,Nathaniel,Richardson,Married,n/a,2025-10-08,2026-07-14 10:10:05.5100000
12090,AW00012090,Savannah,Carter,Married,n/a,2025-10-08,2026-07-14 10:10:05.5100000
12091,AW00012091,Eddie,Munoz,Married,n/a,2025-10-08,2026-07-14 10:10:05.5100000
12092,AW00012092,Austin,White,Married,n/a,2025-10-08,2026-07-14 10:10:05.5100000
12093,AW00012093,Levi,Chandra,Married,n/a,2025-10-08,2026-07-14 10:10:05.5100000
12094,AW00012094,Bailey,Bailey,Married,n/a,2025-10-08,2026-07-14 10:10:05.5100000
12095,AW00012095,Austin,Griffin,Married,n/a,2025-10-08,2026-07-14 10:10:05.5100000
12096,AW00012096,Caitlin,Brooks,Married,n/a,2025-10-08,2026-07-14 10:10:05.5100000
12097,AW00012097,Sean,Allen,Single,n/a,2025-10-08,2026-07-14 10:10:05.5100000
12098,AW00012098,Grace,Clark,Single,n/a,2025-10-08,2026-07-14 10:10:05.5100000
12099,AW00012099,Sydney,Hall,Single,n/a,2025-10-08,2026-07-14 10:10:05.5100000
12100,AW00012100,Jon,Sun,Single,n/a,2025-10-08,2026-07-14 10:10:05.5100000
12101,AW00012101,Logan,Patterson,Single,n/a,2025-10-08,2026-07-14 10:10:05.5100000
12102,AW00012102,Devin,Simmons,Married,n/a,2025-10-08,2026-07-14 10:10:05.5100000
12103,AW00012103,Chloe,White,Married,n/a,2025-10-08,2026-07-14 10:10:05.5100000
12104,AW00012104,Mariah,Ross,Married,n/a,2025-10-08,2026-07-14 10:10:05.5100000
12105,AW00012105,Abigail,Foster,Single,n/a,2025-10-08,2026-07-14 10:10:05.5100000
12106,AW00012106,Isaiah,Baker,Married,n/a,2025-10-08,2026-07-14 10:10:05.5100000
12107,AW00012107,Nathan,Gonzales,Married,n/a,2025-10-08,2026-07-14 10:10:05.5100000
12108,AW00012108,James,Walker,Married,n/a,2025-10-08,2026-07-14 10:10:05.5100000
12109,AW00012109,Morgan,Foster,Single,n/a,2025-10-08,2026-07-14 10:10:05.5100000
12110,AW00012110,Bianca,Guo,Married,n/a,2025-10-08,2026-07-14 10:10:05.5100000
12111,AW00012111,Jacqueline,Gonzales,Married,n/a,2025-10-08,2026-07-14 10:10:05.5100000
12112,AW00012112,Arianna,Henderson,Married,n/a,2025-10-08,2026-07-14 10:10:05.5100000
12113,AW00012113,Nathan,Hughes,Married,n/a,2025-10-08,2026-07-14 10:10:05.5100000
12114,AW00012114,Charles,Richardson,Married,n/a,2025-10-08,2026-07-14 10:10:05.5100000
12115,AW00012115,Chloe,Richardson,Single,n/a,2025-10-08,2026-07-14 10:10:05.5100000
12116,AW00012116,Amanda,Gray,Single,n/a,2025-10-08,2026-07-14 10:10:05.5100000
12117,AW00012117,Cameron,Yang,Married,n/a,2025-10-08,2026-07-14 10:10:05.5100000
12118,AW00012118,Miguel,Sanchez,Married,n/a,2025-10-08,2026-07-14 10:10:05.5100000
12119,AW00012119,Keith,Raje,Married,n/a,2025-10-08,2026-07-14 10:10:05.5100000
12120,AW00012120,Xavier,Simmons,Married,n/a,2025-10-08,2026-07-14 10:10:05.5100000
12121,AW00012121,Logan,Wilson,Single,n/a,2025-10-08,2026-07-14 10:10:05.5100000
12122,AW00012122,Destiny,Coleman,Married,n/a,2025-10-08,2026-07-14 10:10:05.5100000
12123,AW00012123,Wesley,Liang,Married,n/a,2025-10-08,2026-07-14 10:10:05.5100000
12124,AW00012124,Brandi,Gill,Single,n/a,2025-10-08,2026-07-14 10:10:05.5100000
12125,AW00012125,Diana,Ortega,Married,n/a,2025-10-08,2026-07-14 10:10:05.5100000
12126,AW00012126,Tammy,Raman,Married,n/a,2025-10-08,2026-07-14 10:10:05.5100000
12127,AW00012127,Grace,Davis,Married,n/a,2025-10-08,2026-07-14 10:10:05.5100000
12128,AW00012128,Kristy,Munoz,Married,n/a,2025-10-08,2026-07-14 10:10:05.5100000
12129,AW00012129,Wendy,Alvarez,Married,n/a,2025-10-08,2026-07-14 10:10:05.5100000
12130,AW00012130,Suzanne,Zhou,Single,n/a,2025-10-08,2026-07-14 10:10:05.5100000
12131,AW00012131,Randall,Dominguez,Married,n/a,2025-10-08,2026-07-14 10:10:05.5100000
12132,AW00012132,Kaitlyn,Henderson,Married,n/a,2025-10-08,2026-07-14 10:10:05.5100000
12133,AW00012133,Colleen,Xie,Married,n/a,2025-10-08,2026-07-14 10:10:05.5100000
12134,AW00012134,Hector,Alonso,Married,n/a,2025-10-08,2026-07-14 10:10:05.5100000
12135,AW00012135,Fernando,Taylor,Married,n/a,2025-10-08,2026-07-14 10:10:05.5100000
12136,AW00012136,Blake,Turner,Married,n/a,2025-10-08,2026-07-14 10:10:05.5100000
12137,AW00012137,Jack,Green,Married,n/a,2025-10-08,2026-07-14 10:10:05.5100000
12138,AW00012138,Colin,Jai,Married,n/a,2025-10-08,2026-07-14 10:10:05.5100000
12139,AW00012139,Franklin,Yang,Married,n/a,2025-10-08,2026-07-14 10:10:05.5100000
12140,AW00012140,Oscar,Russell,Single,n/a,2025-10-08,2026-07-14 10:10:05.5100000
12141,AW00012141,Kaitlyn,Lee,Single,n/a,2025-10-08,2026-07-14 10:10:05.5100000
12142,AW00012142,Gabriella,Torres,Single,n/a,2025-10-08,2026-07-14 10:10:05.5100000
12143,AW00012143,Logan,Turner,Married,n/a,2025-10-08,2026-07-14 10:10:05.5100000
12144,AW00012144,Kelly,Jenkins,Married,n/a,2025-10-08,2026-07-14 10:10:05.5100000
12145,AW00012145,Brandon,Butler,Married,n/a,2025-10-08,2026-07-14 10:10:05.5100000
12146,AW00012146,Xavier,Thomas,Single,n/a,2025-10-08,2026-07-14 10:10:05.5100000
12147,AW00012147,Taylor,Patterson,Married,n/a,2025-10-08,2026-07-14 10:10:05.5100000
12148,AW00012148,Gabrielle,Morris,Single,n/a,2025-10-08,2026-07-14 10:10:05.5100000
12149,AW00012149,Bailey,Scott,Married,n/a,2025-10-08,2026-07-14 10:10:05.5100000
12150,AW00012150,Logan,Wang,Married,n/a,2025-10-08,2026-07-14 10:10:05.5100000
12151,AW00012151,Steven,Kelly,Married,n/a,2025-10-08,2026-07-14 10:10:05.5100000
12152,AW00012152,Adrian,Ramirez,Married,n/a,2025-10-08,2026-07-14 10:10:05.5100000
12153,AW00012153,Kaitlyn,Bailey,Single,n/a,2025-10-08,2026-07-14 10:10:05.5100000
12154,AW00012154,Hailey,Adams,Single,n/a,2025-10-08,2026-07-14 10:10:05.5100000
12155,AW00012155,Gabriella,Lopez,Single,n/a,2025-10-08,2026-07-14 10:10:05.5100000
12156,AW00012156,Bonnie,Raji,Married,n/a,2025-10-08,2026-07-14 10:10:05.5100000
12157,AW00012157,William,White,Married,n/a,2025-10-08,2026-07-14 10:10:05.5100000
12158,AW00012158,Kyle,Phillips,Married,n/a,2025-10-08,2026-07-14 10:10:05.5100000
12159,AW00012159,Kaitlyn,Scott,Married,n/a,2025-10-08,2026-07-14 10:10:05.5100000
12160,AW00012160,Jaclyn,Zhang,Single,n/a,2025-10-08,2026-07-14 10:10:05.5100000
12161,AW00012161,Alexandria,Rogers,Married,n/a,2025-10-08,2026-07-14 10:10:05.5100000
12162,AW00012162,Luke,Mitchell,Single,n/a,2025-10-08,2026-07-14 10:10:05.5100000
12163,AW00012163,Aaron,Wang,Single,n/a,2025-10-08,2026-07-14 10:10:05.5100000
12164,AW00012164,Noah,Butler,Married,n/a,2025-10-08,2026-07-14 10:10:05.5100000
12165,AW00012165,Caleb,Flores,Married,n/a,2025-10-08,2026-07-14 10:10:05.5100000
12166,AW00012166,Jared,Rogers,Married,n/a,2025-10-08,2026-07-14 10:10:05.5100000
12167,AW00012167,Sebastian,Stewart,Single,n/a,2025-10-08,2026-07-14 10:10:05.5100000
12168,AW00012168,Hunter,Jackson,Married,n/a,2025-10-08,2026-07-14 10:10:05.5100000
12169,AW00012169,Abigail,Howard,Single,n/a,2025-10-08,2026-07-14 10:10:05.5100000
12170,AW00012170,Sara,Reed,Married,n/a,2025-10-08,2026-07-14 10:10:05.5100000
12171,AW00012171,Alyssa,Cooper,Single,n/a,2025-10-08,2026-07-14 10:10:05.5100000
12172,AW00012172,Eduardo,Alexander,Single,n/a,2025-10-08,2026-07-14 10:10:05.5100000
12173,AW00012173,Dalton,Edwards,Married,n/a,2025-10-08,2026-07-14 10:10:05.5100000
12174,AW00012174,Charles,Phillips,Married,n/a,2025-10-08,2026-07-14 10:10:05.5100000
12175,AW00012175,Luke,Powell,Single,n/a,2025-10-08,2026-07-14 10:10:05.5100000
12176,AW00012176,Cody,James,Single,n/a,2025-10-08,2026-07-14 10:10:05.5100000
12177,AW00012177,Kevin,Campbell,Single,n/a,2025-10-08,2026-07-14 10:10:05.5100000
12178,AW00012178,Ethan,Shan,Married,n/a,2025-10-08,2026-07-14 10:10:05.5100000
12179,AW00012179,Alexis,Jones,Single,n/a,2025-10-08,2026-07-14 10:10:05.5100000
12180,AW00012180,Holly,Mehta,Single,n/a,2025-10-08,2026-07-14 10:10:05.5100000
12181,AW00012181,Katelyn,Sanders,Married,n/a,2025-10-08,2026-07-14 10:10:05.5100000
12182,AW00012182,Erin,Torres,Married,n/a,2025-10-08,2026-07-14 10:10:05.5100000
12183,AW00012183,Emily,Robinson,Married,n/a,2025-10-08,2026-07-14 10:10:05.5100000
12184,AW00012184,Isaiah,Perez,Married,n/a,2025-10-08,2026-07-14 10:10:05.5100000
12185,AW00012185,Kaitlyn,Patterson,Single,n/a,2025-10-08,2026-07-14 10:10:05.5100000
12186,AW00012186,Bryant,Srini,Single,n/a,2025-10-08,2026-07-14 10:10:05.5100000
12187,AW00012187,Ruben,Subram,Married,n/a,2025-10-08,2026-07-14 10:10:05.5100000
12188,AW00012188,Ashley,Thomas,Single,n/a,2025-10-08,2026-07-14 10:10:05.5100000
12189,AW00012189,Sophia,Wright,Married,n/a,2025-10-08,2026-07-14 10:10:05.5100000
12190,AW00012190,Justin,Gonzales,Single,n/a,2025-10-08,2026-07-14 10:10:05.5100000
12191,AW00012191,Melissa,Washington,Married,n/a,2025-10-08,2026-07-14 10:10:05.5100000
12192,AW00012192,Jocelyn,Hayes,Single,n/a,2025-10-08,2026-07-14 10:10:05.5100000
12193,AW00012193,Caleb,Simmons,Single,n/a,2025-10-08,2026-07-14 10:10:05.5100000
12194,AW00012194,Destiny,Foster,Single,n/a,2025-10-08,2026-07-14 10:10:05.5100000
12195,AW00012195,Erin,Morris,Single,n/a,2025-10-08,2026-07-14 10:10:05.5100000
12196,AW00012196,Alexis,Miller,Single,n/a,2025-10-08,2026-07-14 10:10:05.5100000
12197,AW00012197,Adam,Hernandez,Married,n/a,2025-10-08,2026-07-14 10:10:05.5100000
12198,AW00012198,Noah,Scott,Married,n/a,2025-10-08,2026-07-14 10:10:05.5100000
12199,AW00012199,Christina,Richardson,Single,n/a,2025-10-08,2026-07-14 10:10:05.5100000
12200,AW00012200,Rafael,Sharma,Married,n/a,2025-10-08,2026-07-14 10:10:05.5100000
12201,AW00012201,Mindy,Yuan,Married,n/a,2025-10-08,2026-07-14 10:10:05.5100000
12202,AW00012202,Xavier,Ross,Married,n/a,2025-10-08,2026-07-14 10:10:05.5100000
12203,AW00012203,Zachary,Hughes,Married,n/a,2025-10-08,2026-07-14 10:10:05.5100000
12204,AW00012204,Bradley,Jai,Married,n/a,2025-10-08,2026-07-14 10:10:05.5100000
12205,AW00012205,Madison,Long,Single,n/a,2025-10-08,2026-07-14 10:10:05.5100000
12206,AW00012206,Sierra,Parker,Married,n/a,2025-10-08,2026-07-14 10:10:05.5100000
12207,AW00012207,Samuel,Hill,Single,n/a,2025-10-08,2026-07-14 10:10:05.5100000
12208,AW00012208,Dominique,Sanchez,Married,n/a,2025-10-08,2026-07-14 10:10:05.5100000
12209,AW00012209,Mindy,Jai,Married,n/a,2025-10-08,2026-07-14 10:10:05.5100000
12210,AW00012210,Alan,He,Married,n/a,2025-10-08,2026-07-14 10:10:05.5100000
12211,AW00012211,Victor,Romero,Married,n/a,2025-10-08,2026-07-14 10:10:05.5100000
12212,AW00012212,Shawna,Xie,Married,n/a,2025-10-08,2026-07-14 10:10:05.5100000
12213,AW00012213,Alejandro,Lal,Married,n/a,2025-10-08,2026-07-14 10:10:05.5100000
12214,AW00012214,Julie,Raje,Married,n/a,2025-10-08,2026-07-14 10:10:05.5100000
12215,AW00012215,Karla,She,Married,n/a,2025-10-08,2026-07-14 10:10:05.5100000
12216,AW00012216,Gerald,Rodriguez,Married,n/a,2025-10-08,2026-07-14 10:10:05.5100000
12217,AW00012217,Kyle,Roberts,Married,n/a,2025-10-08,2026-07-14 10:10:05.5100000
12218,AW00012218,Mitchell,Xu,Married,n/a,2025-10-08,2026-07-14 10:10:05.5100000
12219,AW00012219,Kurt,Nara,Married,n/a,2025-10-08,2026-07-14 10:10:05.5100000
12220,AW00012220,Virginia,Sara,Married,n/a,2025-10-08,2026-07-14 10:10:05.5100000
12221,AW00012221,Brandi,Ruiz,Married,n/a,2025-10-08,2026-07-14 10:10:05.5100000
12222,AW00012222,Jenny,Xu,Married,n/a,2025-10-08,2026-07-14 10:10:05.5100000
12223,AW00012223,Felicia,Vazquez,Married,n/a,2025-10-08,2026-07-14 10:10:05.5100000
12224,AW00012224,Tristan,Henderson,Married,n/a,2025-10-08,2026-07-14 10:10:05.5100000
12225,AW00012225,Kathleen,Ortega,Married,n/a,2025-10-08,2026-07-14 10:10:05.5100000
12226,AW00012226,Faith,Ward,Married,n/a,2025-10-08,2026-07-14 10:10:05.5100000
12227,AW00012227,Kelsey,Raje,Married,n/a,2025-10-08,2026-07-14 10:10:05.5100000
12228,AW00012228,Mayra,Martinez,Married,n/a,2025-10-08,2026-07-14 10:10:05.5100000
12229,AW00012229,Kari,Gomez,Married,n/a,2025-10-08,2026-07-14 10:10:05.5100000
12230,AW00012230,Wesley,Zheng,Married,n/a,2025-10-08,2026-07-14 10:10:05.5100000
12231,AW00012231,Isabelle,Patterson,Single,n/a,2025-10-08,2026-07-14 10:10:05.5100000
12232,AW00012232,Sean,Hernandez,Single,n/a,2025-10-08,2026-07-14 10:10:05.5100000
12233,AW00012233,Jerry,Yuan,Married,n/a,2025-10-08,2026-07-14 10:10:05.5100000
12234,AW00012234,Clarence,Zeng,Married,n/a,2025-10-08,2026-07-14 10:10:05.5100000
12235,AW00012235,Donna,Rai,Married,n/a,2025-10-08,2026-07-14 10:10:05.5100000
12236,AW00012236,Kendra,Gill,Married,n/a,2025-10-08,2026-07-14 10:10:05.5100000
12237,AW00012237,Ruth,Madan,Married,n/a,2025-10-08,2026-07-14 10:10:05.5100000
12238,AW00012238,Monica,Raman,Married,n/a,2025-10-08,2026-07-14 10:10:05.5100000
12239,AW00012239,Alberto,Ramos,Married,n/a,2025-10-08,2026-07-14 10:10:05.5100000
12240,AW00012240,Clayton,Sharma,Single,n/a,2025-10-08,2026-07-14 10:10:05.5100000
12241,AW00012241,Kristine,Sandberg,Single,n/a,2025-10-08,2026-07-14 10:10:05.5100000
12242,AW00012242,Gilbert,Liang,Single,n/a,2025-10-08,2026-07-14 10:10:05.5100000
12243,AW00012243,Kristy,Rubio,Single,n/a,2025-10-08,2026-07-14 10:10:05.5100000
12244,AW00012244,Amy,Huang,Married,n/a,2025-10-08,2026-07-14 10:10:05.5100000
12245,AW00012245,Francisco,Gonzalez,Single,n/a,2025-10-08,2026-07-14 10:10:05.5100000
12246,AW00012246,Shawn,Luo,Married,n/a,2025-10-08,2026-07-14 10:10:05.5100000
12247,AW00012247,Brandy,Raman,Single,n/a,2025-10-08,2026-07-14 10:10:05.5100000
12248,AW00012248,Devin,Taylor,Single,n/a,2025-10-08,2026-07-14 10:10:05.5100000
12249,AW00012249,Jessie,Cai,Married,n/a,2025-10-08,2026-07-14 10:10:05.5100000
12250,AW00012250,Andrea,Collins,Single,n/a,2025-10-08,2026-07-14 10:10:05.5100000
12251,AW00012251,Troy,Suri,Married,n/a,2025-10-08,2026-07-14 10:10:05.5100000
12252,AW00012252,Omar,Liu,Married,n/a,2025-10-08,2026-07-14 10:10:05.5100000
12253,AW00012253,Jenny,Sun,Single,n/a,2025-10-08,2026-07-14 10:10:05.5100000
12254,AW00012254,Calvin,Deng,Single,n/a,2025-10-08,2026-07-14 10:10:05.5100000
12255,AW00012255,Robyn,Alvarez,Single,n/a,2025-10-08,2026-07-14 10:10:05.5100000
12256,AW00012256,Wendy,Ramos,Married,n/a,2025-10-08,2026-07-14 10:10:05.5100000
12257,AW00012257,Ross,Ruiz,Married,n/a,2025-10-08,2026-07-14 10:10:05.5100000
12258,AW00012258,Jamie,Li,Married,n/a,2025-10-08,2026-07-14 10:10:05.5100000
12259,AW00012259,Cindy,Madan,Married,n/a,2025-10-08,2026-07-14 10:10:05.5100000
12260,AW00012260,Melinda,Romero,Married,n/a,2025-10-08,2026-07-14 10:10:05.5100000
12261,AW00012261,Kaitlin,Sanchez,Married,n/a,2025-10-08,2026-07-14 10:10:05.5100000
12262,AW00012262,Morgan,Sanchez,Married,n/a,2025-10-08,2026-07-14 10:10:05.5100000
12263,AW00012263,Emmanuel,Garcia,Single,n/a,2025-10-08,2026-07-14 10:10:05.5100000
12264,AW00012264,Bruce,Ashe,Single,n/a,2025-10-08,2026-07-14 10:10:05.5100000
12265,AW00012265,Alan,Guo,Single,n/a,2025-10-08,2026-07-14 10:10:05.5100000
12266,AW00012266,Tiffany,Lin,Married,n/a,2025-10-08,2026-07-14 10:10:05.5100000
12267,AW00012267,Clifford,Garcia,Single,n/a,2025-10-08,2026-07-14 10:10:05.5100000
12268,AW00012268,Edwin,Shan,Married,n/a,2025-10-08,2026-07-14 10:10:05.5100000
12269,AW00012269,Warren,Zheng,Married,n/a,2025-10-08,2026-07-14 10:10:05.5100000
12270,AW00012270,Ebony,Ramos,Single,n/a,2025-10-08,2026-07-14 10:10:05.5100000
12271,AW00012271,Tyrone,Hernandez,Married,n/a,2025-10-08,2026-07-14 10:10:05.5100000
12272,AW00012272,Justin,Alexander,Married,n/a,2025-10-08,2026-07-14 10:10:05.5100000
12273,AW00012273,Nelson,Carlson,Married,n/a,2025-10-08,2026-07-14 10:10:05.5100000
12274,AW00012274,Javier,Torres,Single,n/a,2025-10-08,2026-07-14 10:10:05.5100000
12275,AW00012275,Adriana,Madan,Single,n/a,2025-10-08,2026-07-14 10:10:05.5100000
12276,AW00012276,Alisha,Shan,Married,n/a,2025-10-08,2026-07-14 10:10:05.5100000
12277,AW00012277,Beth,Ortega,Single,n/a,2025-10-08,2026-07-14 10:10:05.5100000
12278,AW00012278,Meredith,Johnsen,Single,n/a,2025-10-08,2026-07-14 10:10:05.5100000
12279,AW00012279,Mathew,Suarez,Married,n/a,2025-10-08,2026-07-14 10:10:05.5100000
12280,AW00012280,Theresa,Alvarez,Married,n/a,2025-10-08,2026-07-14 10:10:05.5100000
12281,AW00012281,Janelle,Sanchez,Married,n/a,2025-10-08,2026-07-14 10:10:05.5100000
12282,AW00012282,Nicolas,Tang,Single,n/a,2025-10-08,2026-07-14 10:10:05.5100000
12283,AW00012283,Todd,Zeng,Single,n/a,2025-10-08,2026-07-14 10:10:05.5100000
12284,AW00012284,Cristina,Beck,Married,n/a,2025-10-08,2026-07-14 10:10:05.5100000
12285,AW00012285,Bethany,Chande,Single,n/a,2025-10-08,2026-07-14 10:10:05.5100000
12286,AW00012286,Nathan,Jenkins,Single,n/a,2025-10-08,2026-07-14 10:10:05.5100000
12287,AW00012287,Andre,Arun,Single,n/a,2025-10-08,2026-07-14 10:10:05.5100000
12288,AW00012288,Sara,Brooks,Married,n/a,2025-10-08,2026-07-14 10:10:05.5100000
12289,AW00012289,Joseph,Taylor,Single,n/a,2025-10-08,2026-07-14 10:10:05.5100000
12290,AW00012290,Kaylee,Morris,Single,n/a,2025-10-08,2026-07-14 10:10:05.5100000
12291,AW00012291,Johnathan,Suri,Single,n/a,2025-10-08,2026-07-14 10:10:05.5100000
12292,AW00012292,Nicolas,Kumar,Married,n/a,2025-10-08,2026-07-14 10:10:05.5100000
12293,AW00012293,Tammy,Garcia,Married,n/a,2025-10-08,2026-07-14 10:10:05.5100000
12294,AW00012294,Shane,Kovar,Married,n/a,2025-10-08,2026-07-14 10:10:05.5100000
12295,AW00012295,Dwayne,Gomez,Single,n/a,2025-10-08,2026-07-14 10:10:05.5100000
12296,AW00012296,Francisco,Sara,Married,n/a,2025-10-08,2026-07-14 10:10:05.5100000
12297,AW00012297,Felicia,Blanco,Single,n/a,2025-10-08,2026-07-14 10:10:05.5100000
12298,AW00012298,Crystal,Zeng,Single,n/a,2025-10-08,2026-07-14 10:10:05.5100000
12299,AW00012299,Walter,Serrano,Married,n/a,2025-10-08,2026-07-14 10:10:05.5100000
12300,AW00012300,Adriana,Gonzalez,Single,n/a,2025-10-08,2026-07-14 10:10:05.5100000
12301,AW00012301,Nichole,Nara,Single,n/a,2025-10-08,2026-07-14 10:10:05.5100000
12302,AW00012302,Kevin,Coleman,Married,n/a,2025-10-08,2026-07-14 10:10:05.5100000
12303,AW00012303,Kristi,Alvarez,Married,n/a,2025-10-08,2026-07-14 10:10:05.5100000
12304,AW00012304,Alejandro,Zhou,Single,n/a,2025-10-08,2026-07-14 10:10:05.5100000
12305,AW00012305,Xavier,Bailey,Married,n/a,2025-10-08,2026-07-14 10:10:05.5100000
12306,AW00012306,Logan,Parker,Married,n/a,2025-10-08,2026-07-14 10:10:05.5100000
12307,AW00012307,Brad,She,Married,n/a,2025-10-08,2026-07-14 10:10:05.5100000
12308,AW00012308,Margaret,He,Married,n/a,2025-10-08,2026-07-14 10:10:05.5100000
12309,AW00012309,Omar,Raje,Single,n/a,2025-10-08,2026-07-14 10:10:05.5100000
12310,AW00012310,Stacy,Munoz,Single,n/a,2025-10-08,2026-07-14 10:10:05.5100000
12311,AW00012311,Stanley,Weber,Single,n/a,2025-10-08,2026-07-14 10:10:05.5100000
12312,AW00012312,Jake,Zhao,Married,n/a,2025-10-08,2026-07-14 10:10:05.5100000
12313,AW00012313,Jaime,Chande,Single,n/a,2025-10-08,2026-07-14 10:10:05.5100000
12314,AW00012314,Jill,Suarez,Married,n/a,2025-10-08,2026-07-14 10:10:05.5100000
12315,AW00012315,Ann,Rodriguez,Married,n/a,2025-10-08,2026-07-14 10:10:05.5100000
12316,AW00012316,Alejandro,Luo,Married,n/a,2025-10-08,2026-07-14 10:10:05.5100000
12317,AW00012317,Carl,She,Married,n/a,2025-10-08,2026-07-14 10:10:05.5100000
12318,AW00012318,Kristina,Schmidt,Married,n/a,2025-10-08,2026-07-14 10:10:05.5100000
12319,AW00012319,Shannon,Ye,Married,n/a,2025-10-08,2026-07-14 10:10:05.5100000
12320,AW00012320,Cheryl,Alvarez,Single,n/a,2025-10-08,2026-07-14 10:10:05.5100000
12321,AW00012321,Rosa,Hu,Married,n/a,2025-10-08,2026-07-14 10:10:05.5100000
12322,AW00012322,Kari,Mehta,Married,n/a,2025-10-08,2026-07-14 10:10:05.5100000
12323,AW00012323,Lawrence,Alonso,Married,n/a,2025-10-08,2026-07-14 10:10:05.5100000
12324,AW00012324,Dale,Lal,Single,n/a,2025-10-08,2026-07-14 10:10:05.5100000
12325,AW00012325,Gloria,Martin,Married,n/a,2025-10-08,2026-07-14 10:10:05.5100000
12326,AW00012326,Glenn,Zhou,Single,n/a,2025-10-08,2026-07-14 10:10:05.5100000
12327,AW00012327,Edwin,Liang,Single,n/a,2025-10-08,2026-07-14 10:10:05.5100000
12328,AW00012328,Eugene,Zhao,Single,n/a,2025-10-08,2026-07-14 10:10:05.5100000
12329,AW00012329,Bonnie,Shan,Single,n/a,2025-10-08,2026-07-14 10:10:05.5100000
12330,AW00012330,Preston,Raman,Married,n/a,2025-10-08,2026-07-14 10:10:05.5100000
12331,AW00012331,Meagan,Chandra,Single,n/a,2025-10-08,2026-07-14 10:10:05.5100000
12332,AW00012332,Andres,Nara,Married,n/a,2025-10-08,2026-07-14 10:10:05.5100000
12333,AW00012333,Terrance,Rodriguez,Married,n/a,2025-10-08,2026-07-14 10:10:05.5100000
12334,AW00012334,Roy,Jimenez,Married,n/a,2025-10-08,2026-07-14 10:10:05.5100000
12335,AW00012335,Francisco,Ashe,Single,n/a,2025-10-08,2026-07-14 10:10:05.5100000
12336,AW00012336,Wyatt,Price,Single,n/a,2025-10-08,2026-07-14 10:10:05.5100000
12337,AW00012337,Dustin,Goldstein,Single,n/a,2025-10-08,2026-07-14 10:10:05.5100000
12338,AW00012338,Monica,Vance,Single,n/a,2025-10-08,2026-07-14 10:10:05.5100000
12339,AW00012339,Clayton,Jai,Single,n/a,2025-10-08,2026-07-14 10:10:05.5100000
12340,AW00012340,Stacy,Diaz,Single,n/a,2025-10-08,2026-07-14 10:10:05.5100000
12341,AW00012341,Katie,Kumar,Married,n/a,2025-10-08,2026-07-14 10:10:05.5100000
12342,AW00012342,Morgan,Young,Married,n/a,2025-10-08,2026-07-14 10:10:05.5100000
12343,AW00012343,Gloria,Ruiz,Married,n/a,2025-10-08,2026-07-14 10:10:05.5100000
12344,AW00012344,Dominique,Perez,Single,n/a,2025-10-08,2026-07-14 10:10:05.5100000
12345,AW00012345,Alison,Raje,Single,n/a,2025-10-08,2026-07-14 10:10:05.5100000
12346,AW00012346,Wesley,Gao,Single,n/a,2025-10-08,2026-07-14 10:10:05.5100000
12347,AW00012347,Summer,Madan,Married,n/a,2025-10-08,2026-07-14 10:10:05.5100000
12348,AW00012348,Jimmy,Vazquez,Married,n/a,2025-10-08,2026-07-14 10:10:05.5100000
12349,AW00012349,Lacey,Yuan,Single,n/a,2025-10-08,2026-07-14 10:10:05.5100000
12350,AW00012350,Logan,Hernandez,Married,n/a,2025-10-08,2026-07-14 10:10:05.5100000
12351,AW00012351,Cara,Zhang,Married,n/a,2025-10-08,2026-07-14 10:10:05.5100000
12352,AW00012352,Ramon,Zhang,Married,n/a,2025-10-08,2026-07-14 10:10:05.5100000
12353,AW00012353,Joe,Ramos,Married,n/a,2025-10-08,2026-07-14 10:10:05.5100000
12354,AW00012354,Lance,Ortega,Married,n/a,2025-10-08,2026-07-14 10:10:05.5100000
12355,AW00012355,Monique,Ortega,Single,n/a,2025-10-08,2026-07-14 10:10:05.5100000
12356,AW00012356,Julia,Wood,Single,n/a,2025-10-08,2026-07-14 10:10:05.5100000
12357,AW00012357,Susan,Lu,Single,n/a,2025-10-08,2026-07-14 10:10:05.5100000
12358,AW00012358,Lacey,Raje,Married,n/a,2025-10-08,2026-07-14 10:10:05.5100000
12359,AW00012359,Veronica,Raman,Married,n/a,2025-10-08,2026-07-14 10:10:05.5100000
12360,AW00012360,Mario,Goel,Single,n/a,2025-10-08,2026-07-14 10:10:05.5100000
12361,AW00012361,Dana,Diaz,Married,n/a,2025-10-08,2026-07-14 10:10:05.5100000
12362,AW00012362,Thomas,Harrison,Single,n/a,2025-10-08,2026-07-14 10:10:05.5100000
12363,AW00012363,Kayla,Thompson,Married,n/a,2025-10-08,2026-07-14 10:10:05.5100000
12364,AW00012364,Erin,Rogers,Married,n/a,2025-10-08,2026-07-14 10:10:05.5100000
12365,AW00012365,Alex,Evans,Married,n/a,2025-10-08,2026-07-14 10:10:05.5100000
12366,AW00012366,Stephanie,Cox,Married,n/a,2025-10-08,2026-07-14 10:10:05.5100000
12367,AW00012367,Trinity,Townsend,Single,n/a,2025-10-08,2026-07-14 10:10:05.5100000
12368,AW00012368,Rodney,Rubio,Single,n/a,2025-10-08,2026-07-14 10:10:05.5100000
12369,AW00012369,Terrence,Lal,Single,n/a,2025-10-08,2026-07-14 10:10:05.5100000
12370,AW00012370,Preston,Perez,Married,n/a,2025-10-08,2026-07-14 10:10:05.5100000
12371,AW00012371,Stefanie,Subram,Single,n/a,2025-10-08,2026-07-14 10:10:05.5100000
12372,AW00012372,Darren,Prasad,Single,n/a,2025-10-08,2026-07-14 10:10:05.5100000
12373,AW00012373,Isaac,Gray,Single,n/a,2025-10-08,2026-07-14 10:10:05.5100000
12374,AW00012374,Marie,Kapoor,Single,n/a,2025-10-08,2026-07-14 10:10:05.5100000
12375,AW00012375,Jarrod,Raman,Single,n/a,2025-10-08,2026-07-14 10:10:05.5100000
12376,AW00012376,Holly,Perez,Single,n/a,2025-10-08,2026-07-14 10:10:05.5100000
12377,AW00012377,Christopher,Miller,Single,n/a,2025-10-08,2026-07-14 10:10:05.5100000
12378,AW00012378,Brianna,Sanchez,Single,n/a,2025-10-08,2026-07-14 10:10:05.5100000
12379,AW00012379,Bridget,Chande,Single,n/a,2025-10-08,2026-07-14 10:10:05.5100000
12380,AW00012380,Omar,Yuan,Single,n/a,2025-10-08,2026-07-14 10:10:05.5100000
12381,AW00012381,Johnny,Lal,Married,n/a,2025-10-08,2026-07-14 10:10:05.5100000
12382,AW00012382,Tamara,Chen,Single,n/a,2025-10-08,2026-07-14 10:10:05.5100000
12383,AW00012383,Albert,Gomez,Single,n/a,2025-10-08,2026-07-14 10:10:05.5100000
12384,AW00012384,Jacquelyn,Gutierrez,Married,n/a,2025-10-08,2026-07-14 10:10:05.5100000
12385,AW00012385,Tara,Raji,Married,n/a,2025-10-08,2026-07-14 10:10:05.5100000
12386,AW00012386,Katherine,Perry,Single,n/a,2025-10-08,2026-07-14 10:10:05.5100000
12387,AW00012387,Meredith,Vazquez,Single,n/a,2025-10-08,2026-07-14 10:10:05.5100000
12388,AW00012388,Casey,Kumar,Single,n/a,2025-10-08,2026-07-14 10:10:05.5100000
12389,AW00012389,Albert,Jim├⌐nez,Single,n/a,2025-10-08,2026-07-14 10:10:05.5100000
12390,AW00012390,Denise,Martinez,Single,n/a,2025-10-08,2026-07-14 10:10:05.5100000
12391,AW00012391,Olivia,Kelly,Single,n/a,2025-10-08,2026-07-14 10:10:05.5100000
12392,AW00012392,Nichole,Nath,Single,n/a,2025-10-08,2026-07-14 10:10:05.5100000
12393,AW00012393,Brenda,Sai,Single,n/a,2025-10-08,2026-07-14 10:10:05.5100000
12394,AW00012394,Erika,Serrano,Single,n/a,2025-10-08,2026-07-14 10:10:05.5100000
12395,AW00012395,Kyle,Carter,Single,n/a,2025-10-08,2026-07-14 10:10:05.5100000
12396,AW00012396,Susan,Yang,Single,n/a,2025-10-08,2026-07-14 10:10:05.5100000
12397,AW00012397,Shaun,Chapman,Single,n/a,2025-10-08,2026-07-14 10:10:05.5100000
12398,AW00012398,Ashley,Clark,Single,n/a,2025-10-08,2026-07-14 10:10:05.5100000
12399,AW00012399,Henry,Chapman,Single,n/a,2025-10-08,2026-07-14 10:10:05.5100000
12400,AW00012400,Andy,Martin,Single,n/a,2025-10-08,2026-07-14 10:10:05.5100000
12401,AW00012401,Kimberly,Rivera,Single,n/a,2025-10-08,2026-07-14 10:10:05.5100000
12402,AW00012402,Albert,Moreno,Single,n/a,2025-10-08,2026-07-14 10:10:05.5100000
12403,AW00012403,Henry,Young,Single,n/a,2025-10-08,2026-07-14 10:10:05.5100000
12404,AW00012404,Krystal,Liang,Single,n/a,2025-10-08,2026-07-14 10:10:05.5100000
12405,AW00012405,Cole,Sanchez,Single,n/a,2025-10-08,2026-07-14 10:10:05.5100000
12406,AW00012406,Ross,Gutierrez,Single,n/a,2025-10-08,2026-07-14 10:10:05.5100000
12407,AW00012407,Shawn,Raji,Single,n/a,2025-10-08,2026-07-14 10:10:05.5100000
12408,AW00012408,Jon,Lu,Single,n/a,2025-10-08,2026-07-14 10:10:05.5100000
12409,AW00012409,Savannah,Hill,Single,n/a,2025-10-08,2026-07-14 10:10:05.5100000
12410,AW00012410,Mariah,Richardson,Single,n/a,2025-10-08,2026-07-14 10:10:05.5100000
12411,AW00012411,Kevin,Alexander,Single,n/a,2025-10-08,2026-07-14 10:10:05.5100000
12412,AW00012412,Mackenzie,Wright,Married,n/a,2025-10-08,2026-07-14 10:10:05.5100000
12413,AW00012413,James,Gonzales,Single,n/a,2025-10-08,2026-07-14 10:10:05.5100000
12414,AW00012414,Ethan,Lal,Single,n/a,2025-10-08,2026-07-14 10:10:05.5100000
12415,AW00012415,Brianna,Richardson,Single,n/a,2025-10-08,2026-07-14 10:10:05.5100000
12416,AW00012416,Veronica,Martinez,Single,n/a,2025-10-08,2026-07-14 10:10:05.5100000
12417,AW00012417,Alexis,Bryant,Single,n/a,2025-10-08,2026-07-14 10:10:05.5100000
12418,AW00012418,Robert,Hernandez,Single,n/a,2025-10-08,2026-07-14 10:10:05.5100000
12419,AW00012419,Destiny,Bell,Married,n/a,2025-10-08,2026-07-14 10:10:05.5100000
12420,AW00012420,Spencer,Hayes,Married,n/a,2025-10-08,2026-07-14 10:10:05.5100000
12421,AW00012421,Cameron,Hughes,Married,n/a,2025-10-08,2026-07-14 10:10:05.5100000
12422,AW00012422,Hailey,Evans,Married,n/a,2025-10-08,2026-07-14 10:10:05.5100000
12423,AW00012423,Sarah,Thompson,Single,n/a,2025-10-08,2026-07-14 10:10:05.5100000
12424,AW00012424,Rebecca,Mitchell,Married,n/a,2025-10-08,2026-07-14 10:10:05.5100000
12425,AW00012425,Brandon,White,Married,n/a,2025-10-08,2026-07-14 10:10:05.5100000
12426,AW00012426,Cody,Cox,Married,n/a,2025-10-08,2026-07-14 10:10:05.5100000
12427,AW00012427,Kimberly,Stewart,Married,n/a,2025-10-08,2026-07-14 10:10:05.5100000
12428,AW00012428,Sean,Morris,Married,n/a,2025-10-08,2026-07-14 10:10:05.5100000
12429,AW00012429,Melvin,Black,Married,n/a,2025-10-08,2026-07-14 10:10:05.5100000
12430,AW00012430,Kaitlyn,Thompson,Married,n/a,2025-10-08,2026-07-14 10:10:05.5100000
12431,AW00012431,Wyatt,Thomas,Married,n/a,2025-10-08,2026-07-14 10:10:05.5100000
12432,AW00012432,Nathan,Clark,Married,n/a,2025-10-08,2026-07-14 10:10:05.5100000
12433,AW00012433,Antonio,Price,Married,n/a,2025-10-08,2026-07-14 10:10:05.5100000
12434,AW00012434,Thomas,Kumar,Married,n/a,2025-10-08,2026-07-14 10:10:05.5100000
12435,AW00012435,Christy,Zhou,Married,n/a,2025-10-08,2026-07-14 10:10:05.5100000
12436,AW00012436,Albert,Diaz,Married,n/a,2025-10-08,2026-07-14 10:10:05.5100000
12437,AW00012437,Jeremy,Young,Married,n/a,2025-10-08,2026-07-14 10:10:05.5100000
12438,AW00012438,Bailey,Rogers,Single,n/a,2025-10-08,2026-07-14 10:10:05.5100000
12439,AW00012439,Megan,Bennett,Married,n/a,2025-10-08,2026-07-14 10:10:05.5100000
12440,AW00012440,Francisco,Chandra,Married,n/a,2025-10-08,2026-07-14 10:10:05.5100000
12441,AW00012441,Trevor,Simmons,Married,n/a,2025-10-08,2026-07-14 10:10:05.5100000
12442,AW00012442,Allison,Richardson,Married,n/a,2025-10-08,2026-07-14 10:10:05.5100000
12443,AW00012443,Garrett,James,Married,n/a,2025-10-08,2026-07-14 10:10:05.5100000
12444,AW00012444,Mackenzie,Phillips,Married,n/a,2025-10-08,2026-07-14 10:10:05.5100000
12445,AW00012445,Cameron,Taylor,Married,n/a,2025-10-08,2026-07-14 10:10:05.5100000
12446,AW00012446,Jasmine,Hall,Married,n/a,2025-10-08,2026-07-14 10:10:05.5100000
12447,AW00012447,Carson,Hayes,Married,n/a,2025-10-08,2026-07-14 10:10:05.5100000
12448,AW00012448,Hailey,Cox,Single,n/a,2025-10-08,2026-07-14 10:10:05.5100000
12449,AW00012449,Dylan,Brown,Single,n/a,2025-10-08,2026-07-14 10:10:05.5100000
12450,AW00012450,Cody,Cook,Married,n/a,2025-10-08,2026-07-14 10:10:05.5100000
12451,AW00012451,Anna,Simmons,Single,n/a,2025-10-08,2026-07-14 10:10:05.5100000
12452,AW00012452,Sean,Sanchez,Married,n/a,2025-10-08,2026-07-14 10:10:05.5100000
12453,AW00012453,Madison,Bennett,Single,n/a,2025-10-08,2026-07-14 10:10:05.5100000
12454,AW00012454,Samuel,Griffin,Married,n/a,2025-10-08,2026-07-14 10:10:05.5100000
12455,AW00012455,Benjamin,Lewis,Married,n/a,2025-10-08,2026-07-14 10:10:05.5100000
12456,AW00012456,Thomas,Chen,Married,n/a,2025-10-08,2026-07-14 10:10:05.5100000
12457,AW00012457,Misty,Rai,Single,n/a,2025-10-08,2026-07-14 10:10:05.5100000
12458,AW00012458,Veronica,Sanchez,Married,n/a,2025-10-08,2026-07-14 10:10:05.5100000
12459,AW00012459,Stefanie,Rodriguez,Single,n/a,2025-10-08,2026-07-14 10:10:05.5100000
12460,AW00012460,Dominique,Malhotra,Single,n/a,2025-10-08,2026-07-14 10:10:05.5100000
12461,AW00012461,Ruth,Suri,Married,n/a,2025-10-08,2026-07-14 10:10:05.5100000
12462,AW00012462,Levi,Suri,Married,n/a,2025-10-08,2026-07-14 10:10:05.5100000
12463,AW00012463,Todd,Huang,Married,n/a,2025-10-08,2026-07-14 10:10:05.5100000
12464,AW00012464,Jared,Cook,Single,n/a,2025-10-08,2026-07-14 10:10:05.5100000
12465,AW00012465,Cassandra,Patel,Married,n/a,2025-10-08,2026-07-14 10:10:05.5100000
12466,AW00012466,Willie,He,Married,n/a,2025-10-08,2026-07-14 10:10:05.5100000
12467,AW00012467,Jennifer,Jones,Single,n/a,2025-10-08,2026-07-14 10:10:05.5100000
12468,AW00012468,Wayne,Nath,Married,n/a,2025-10-08,2026-07-14 10:10:05.5100000
12469,AW00012469,Shane,Srini,Married,n/a,2025-10-08,2026-07-14 10:10:05.5100000
12470,AW00012470,Barbara,He,Married,n/a,2025-10-08,2026-07-14 10:10:05.5100000
12471,AW00012471,Lacey,Zeng,Married,n/a,2025-10-08,2026-07-14 10:10:05.5100000
12472,AW00012472,Jeffery,Zhang,Married,n/a,2025-10-08,2026-07-14 10:10:05.5100000
12473,AW00012473,Sergio,Sai,Married,n/a,2025-10-08,2026-07-14 10:10:05.5100000
12474,AW00012474,Tammy,Chandra,Married,n/a,2025-10-08,2026-07-14 10:10:05.5100000
12475,AW00012475,Logan,Carter,Single,n/a,2025-10-08,2026-07-14 10:10:05.5100000
12476,AW00012476,Rodney,Jimenez,Single,n/a,2025-10-08,2026-07-14 10:10:05.5100000
12477,AW00012477,Robin,Gill,Married,n/a,2025-10-08,2026-07-14 10:10:05.5100000
12478,AW00012478,Ruben,Mehta,Single,n/a,2025-10-08,2026-07-14 10:10:05.5100000
12479,AW00012479,Priscilla,Tang,Married,n/a,2025-10-08,2026-07-14 10:10:05.5100000
12480,AW00012480,Meredith,Alvarez,Single,n/a,2025-10-08,2026-07-14 10:10:05.5100000
12481,AW00012481,Victor,Diaz,Single,n/a,2025-10-08,2026-07-14 10:10:05.5100000
12482,AW00012482,Jerome,Browning,Single,n/a,2025-10-08,2026-07-14 10:10:05.5100000
12483,AW00012483,Amanda,Perez,Single,n/a,2025-10-08,2026-07-14 10:10:05.5100000
12484,AW00012484,Lori,Suarez,Single,n/a,2025-10-08,2026-07-14 10:10:05.5100000
12485,AW00012485,Veronica,Subram,Single,n/a,2025-10-08,2026-07-14 10:10:05.5100000
12486,AW00012486,Kristen,Ye,Single,n/a,2025-10-08,2026-07-14 10:10:05.5100000
12487,AW00012487,Willie,Zhu,Single,n/a,2025-10-08,2026-07-14 10:10:05.5100000
12488,AW00012488,Jay,Garcia,Single,n/a,2025-10-08,2026-07-14 10:10:05.5100000
12489,AW00012489,Wayne,Rai,Married,n/a,2025-10-08,2026-07-14 10:10:05.5100000
12490,AW00012490,Trisha,He,Married,n/a,2025-10-08,2026-07-14 10:10:05.5100000
12491,AW00012491,Alvin,Huang,Married,n/a,2025-10-08,2026-07-14 10:10:05.5100000
12492,AW00012492,Brittany,Price,Single,n/a,2025-10-08,2026-07-14 10:10:05.5100000
12493,AW00012493,Dwayne,Vazquez,Married,n/a,2025-10-08,2026-07-14 10:10:05.5100000
12494,AW00012494,Abby,Sandberg,Married,n/a,2025-10-08,2026-07-14 10:10:05.5100000
12495,AW00012495,Lucas,Miller,Single,n/a,2025-10-08,2026-07-14 10:10:05.5100000
12496,AW00012496,Melanie,Cox,Married,n/a,2025-10-08,2026-07-14 10:10:05.5100000
12497,AW00012497,Ashlee,Kumar,Married,n/a,2025-10-08,2026-07-14 10:10:05.5100000
12498,AW00012498,Eduardo,Diaz,Married,n/a,2025-10-08,2026-07-14 10:10:05.5100000
12499,AW00012499,Heather,Wang,Single,n/a,2025-10-08,2026-07-14 10:10:05.5100000
12500,AW00012500,Kathleen,Vazquez,Single,n/a,2025-10-08,2026-07-14 10:10:05.5100000
12501,AW00012501,Cory,Sai,Single,n/a,2025-10-08,2026-07-14 10:10:05.5100000
12502,AW00012502,Darren,Sanchez,Single,n/a,2025-10-08,2026-07-14 10:10:05.5100000
12503,AW00012503,Casey,Shen,Single,n/a,2025-10-08,2026-07-14 10:10:05.5100000
12504,AW00012504,Arthur,Gutierrez,Married,n/a,2025-10-08,2026-07-14 10:10:05.5100000
12505,AW00012505,Dalton,Martin,Married,n/a,2025-10-08,2026-07-14 10:10:05.5100000
12506,AW00012506,Preston,Sanchez,Married,n/a,2025-10-08,2026-07-14 10:10:05.5100000
12507,AW00012507,Ian,Bell,Married,n/a,2025-10-08,2026-07-14 10:10:05.5100000
12508,AW00012508,Nichole,Anand,Married,n/a,2025-10-08,2026-07-14 10:10:05.5100000
12509,AW00012509,Marc,Ferrier,Married,n/a,2025-10-08,2026-07-14 10:10:05.5100000
12510,AW00012510,Roberto,Sanz,Married,n/a,2025-10-08,2026-07-14 10:10:05.5100000
12511,AW00012511,Grant,Chander,Single,n/a,2025-10-08,2026-07-14 10:10:05.5100000
12512,AW00012512,Carolyn,Gomez,Married,n/a,2025-10-08,2026-07-14 10:10:05.5100000
12513,AW00012513,Austin,Thompson,Single,n/a,2025-10-08,2026-07-14 10:10:05.5100000
12514,AW00012514,Lacey,Becker,Single,n/a,2025-10-08,2026-07-14 10:10:05.5100000
12515,AW00012515,Shelby,Bailey,Single,n/a,2025-10-08,2026-07-14 10:10:05.5100000
12516,AW00012516,Shawna,Chander,Single,n/a,2025-10-08,2026-07-14 10:10:05.5100000
12517,AW00012517,Alexa,Watson,Single,n/a,2025-10-08,2026-07-14 10:10:05.5100000
12518,AW00012518,Jacquelyn,Dominguez,Single,n/a,2025-10-08,2026-07-14 10:10:05.5100000
12519,AW00012519,Casey,Gutierrez,Single,n/a,2025-10-08,2026-07-14 10:10:05.5100000
12520,AW00012520,Seth,Jackson,Single,n/a,2025-10-08,2026-07-14 10:10:05.5100000
12521,AW00012521,Meredith,Dominguez,Single,n/a,2025-10-08,2026-07-14 10:10:05.5100000
12522,AW00012522,Brandy,Sanchez,Single,n/a,2025-10-08,2026-07-14 10:10:05.5100000
12523,AW00012523,Steve,Wagner,Single,n/a,2025-10-08,2026-07-14 10:10:05.5100000
12524,AW00012524,Kate,Shan,Single,n/a,2025-10-08,2026-07-14 10:10:05.5100000
12525,AW00012525,Chelsea,Rodriguez,Married,n/a,2025-10-08,2026-07-14 10:10:05.5100000
12526,AW00012526,Michele,Suarez,Married,n/a,2025-10-08,2026-07-14 10:10:05.5100000
12527,AW00012527,Jos├⌐,Rodriguez,Married,n/a,2025-10-08,2026-07-14 10:10:05.5100000
12528,AW00012528,Devin,Wilson,Single,n/a,2025-10-08,2026-07-14 10:10:05.5100000
12529,AW00012529,Isaiah,Allen,Married,n/a,2025-10-08,2026-07-14 10:10:05.5100000
12530,AW00012530,Isabel,Coleman,Single,n/a,2025-10-08,2026-07-14 10:10:05.5100000
12531,AW00012531,Autumn,Xu,Single,n/a,2025-10-08,2026-07-14 10:10:05.5100000
12532,AW00012532,Jose,Carter,Married,n/a,2025-10-08,2026-07-14 10:10:05.5100000
12533,AW00012533,Luis,Washington,Married,n/a,2025-10-08,2026-07-14 10:10:05.5100000
12534,AW00012534,Katie,Shan,Married,n/a,2025-10-08,2026-07-14 10:10:05.5100000
12535,AW00012535,Clifford,Kapoor,Single,n/a,2025-10-08,2026-07-14 10:10:05.5100000
12536,AW00012536,Javier,Dominguez,Married,n/a,2025-10-08,2026-07-14 10:10:05.5100000
12537,AW00012537,Terrence,Luo,Married,n/a,2025-10-08,2026-07-14 10:10:05.5100000
12538,AW00012538,Paula,Blanco,Married,n/a,2025-10-08,2026-07-14 10:10:05.5100000
12539,AW00012539,Marc,Dominguez,Single,n/a,2025-10-08,2026-07-14 10:10:05.5100000
12540,AW00012540,Levi,Sara,Married,n/a,2025-10-08,2026-07-14 10:10:05.5100000
12541,AW00012541,Jonathan,Zhang,Married,n/a,2025-10-08,2026-07-14 10:10:05.5100000
12542,AW00012542,Preston,Patel,Married,n/a,2025-10-08,2026-07-14 10:10:05.5100000
12543,AW00012543,Ruben,Alvarez,Married,n/a,2025-10-08,2026-07-14 10:10:05.5100000
12544,AW00012544,Bruce,Jordan,Married,n/a,2025-10-08,2026-07-14 10:10:05.5100000
12545,AW00012545,Marc,Ruiz,Married,n/a,2025-10-08,2026-07-14 10:10:05.5100000
12546,AW00012546,Clarence,Andersen,Single,n/a,2025-10-08,2026-07-14 10:10:05.5100000
12547,AW00012547,Bradley,Nara,Married,n/a,2025-10-08,2026-07-14 10:10:05.5100000
12548,AW00012548,Alexandra,Collins,Single,n/a,2025-10-08,2026-07-14 10:10:05.5100000
12549,AW00012549,Donna,Xie,Single,n/a,2025-10-08,2026-07-14 10:10:05.5100000
12550,AW00012550,Austin,Diaz,Married,n/a,2025-10-08,2026-07-14 10:10:05.5100000
12551,AW00012551,Julio,Ramos,Married,n/a,2025-10-08,2026-07-14 10:10:05.5100000
12552,AW00012552,Bruce,Torres,Married,n/a,2025-10-08,2026-07-14 10:10:05.5100000
12553,AW00012553,Toni,Fernandez,Married,n/a,2025-10-08,2026-07-14 10:10:05.5100000
12554,AW00012554,Barry,Rodriguez,Married,n/a,2025-10-08,2026-07-14 10:10:05.5100000
12555,AW00012555,Edgar,Malhotra,Married,n/a,2025-10-08,2026-07-14 10:10:05.5100000
12556,AW00012556,Manuel,Kapoor,Married,n/a,2025-10-08,2026-07-14 10:10:05.5100000
12557,AW00012557,Phillip,Lopez,Married,n/a,2025-10-08,2026-07-14 10:10:05.5100000
12558,AW00012558,Amanda,Evans,Married,n/a,2025-10-08,2026-07-14 10:10:05.5100000
12559,AW00012559,Emmanuel,Lopez,Married,n/a,2025-10-08,2026-07-14 10:10:05.5100000
12560,AW00012560,Mandy,Gao,Married,n/a,2025-10-08,2026-07-14 10:10:05.5100000
12561,AW00012561,Trisha,Lin,Single,n/a,2025-10-08,2026-07-14 10:10:05.5100000
12562,AW00012562,Kristina,Chandra,Married,n/a,2025-10-08,2026-07-14 10:10:05.5100000
12563,AW00012563,Alejandro,Lin,Married,n/a,2025-10-08,2026-07-14 10:10:05.5100000
12564,AW00012564,Marshall,Yang,Married,n/a,2025-10-08,2026-07-14 10:10:05.5100000
12565,AW00012565,Kendra,Gutierrez,Married,n/a,2025-10-08,2026-07-14 10:10:05.5100000
12566,AW00012566,Omar,Yang,Married,n/a,2025-10-08,2026-07-14 10:10:05.5100000
12567,AW00012567,Carmen,Arthur,Married,n/a,2025-10-08,2026-07-14 10:10:05.5100000
12568,AW00012568,Stacey,Ye,Married,n/a,2025-10-08,2026-07-14 10:10:05.5100000
12569,AW00012569,Kristin,Rai,Married,n/a,2025-10-08,2026-07-14 10:10:05.5100000
12570,AW00012570,Casey,Munoz,Single,n/a,2025-10-08,2026-07-14 10:10:05.5100000
12571,AW00012571,Jennifer,Green,Married,n/a,2025-10-08,2026-07-14 10:10:05.5100000
12572,AW00012572,Alisha,Chander,Single,n/a,2025-10-08,2026-07-14 10:10:05.5100000
12573,AW00012573,Grant,Rai,Single,n/a,2025-10-08,2026-07-14 10:10:05.5100000
12574,AW00012574,Derek,Raje,Single,n/a,2025-10-08,2026-07-14 10:10:05.5100000
12575,AW00012575,Jaclyn,Shen,Single,n/a,2025-10-08,2026-07-14 10:10:05.5100000
12576,AW00012576,Walter,Dominguez,Single,n/a,2025-10-08,2026-07-14 10:10:05.5100000
12577,AW00012577,Francis,Sanz,Single,n/a,2025-10-08,2026-07-14 10:10:05.5100000
12578,AW00012578,Gavin,Perry,Single,n/a,2025-10-08,2026-07-14 10:10:05.5100000
12579,AW00012579,Lydia,Sanchez,Single,n/a,2025-10-08,2026-07-14 10:10:05.5100000
12580,AW00012580,Cedric,She,Single,n/a,2025-10-08,2026-07-14 10:10:05.5100000
12581,AW00012581,Kristina,Fernandez,Single,n/a,2025-10-08,2026-07-14 10:10:05.5100000
12582,AW00012582,Carmen,Sara,Single,n/a,2025-10-08,2026-07-14 10:10:05.5100000
12583,AW00012583,Tyrone,Ortega,Single,n/a,2025-10-08,2026-07-14 10:10:05.5100000
12584,AW00012584,Brittney,Ma,Single,n/a,2025-10-08,2026-07-14 10:10:05.5100000
12585,AW00012585,Ian,Martinez,Married,n/a,2025-10-08,2026-07-14 10:10:05.5100000
12586,AW00012586,Kellie,Hernandez,Single,n/a,2025-10-08,2026-07-14 10:10:05.5100000
12587,AW00012587,Danny,Travers,Single,n/a,2025-10-08,2026-07-14 10:10:05.5100000
12588,AW00012588,Tracy,Chande,Single,n/a,2025-10-08,2026-07-14 10:10:05.5100000
12589,AW00012589,Ruben,Rodriguez,Married,n/a,2025-10-08,2026-07-14 10:10:05.5100000
12590,AW00012590,Mario,Chander,Single,n/a,2025-10-08,2026-07-14 10:10:05.5100000
12591,AW00012591,Meredith,Madan,Married,n/a,2025-10-08,2026-07-14 10:10:05.5100000
12592,AW00012592,Amy,Li,Married,n/a,2025-10-08,2026-07-14 10:10:05.5100000
12593,AW00012593,Benjamin,Zhang,Single,n/a,2025-10-08,2026-07-14 10:10:05.5100000
12594,AW00012594,Sandra,Gao,Married,n/a,2025-10-08,2026-07-14 10:10:05.5100000
12595,AW00012595,Mathew,Blanco,Single,n/a,2025-10-08,2026-07-14 10:10:05.5100000
12596,AW00012596,Armando,Romero,Married,n/a,2025-10-08,2026-07-14 10:10:05.5100000
12597,AW00012597,Franklin,Zhang,Married,n/a,2025-10-08,2026-07-14 10:10:05.5100000
12598,AW00012598,Alexandra,Bryant,Married,n/a,2025-10-08,2026-07-14 10:10:05.5100000
12599,AW00012599,Jillian,Fernandez,Married,n/a,2025-10-08,2026-07-14 10:10:05.5100000
12600,AW00012600,Larry,Romero,Married,n/a,2025-10-08,2026-07-14 10:10:05.5100000
12601,AW00012601,Randy,Zhang,Married,n/a,2025-10-08,2026-07-14 10:10:05.5100000
12602,AW00012602,Francisco,Srini,Married,n/a,2025-10-08,2026-07-14 10:10:05.5100000
12603,AW00012603,Cole,Reed,Single,n/a,2025-10-08,2026-07-14 10:10:05.5100000
12604,AW00012604,Nathan,Lee,Married,n/a,2025-10-08,2026-07-14 10:10:05.5100000
12605,AW00012605,Carol,Cooper,Married,n/a,2025-10-08,2026-07-14 10:10:05.5100000
12606,AW00012606,Arthur,Van,Married,n/a,2025-10-08,2026-07-14 10:10:05.5100000
12607,AW00012607,Tamara,Zhu,Married,n/a,2025-10-08,2026-07-14 10:10:05.5100000
12608,AW00012608,Brett,Sanchez,Married,n/a,2025-10-08,2026-07-14 10:10:05.5100000
12609,AW00012609,Linda,Carlson,Married,n/a,2025-10-08,2026-07-14 10:10:05.5100000
12610,AW00012610,Wendy,Gutierrez,Married,n/a,2025-10-08,2026-07-14 10:10:05.5100000
12611,AW00012611,Manuel,Sara,Single,n/a,2025-10-08,2026-07-14 10:10:05.5100000
12612,AW00012612,Shannon,Torres,Single,n/a,2025-10-08,2026-07-14 10:10:05.5100000
12613,AW00012613,Joel,Prasad,Married,n/a,2025-10-08,2026-07-14 10:10:05.5100000
12614,AW00012614,Lance,Gill,Single,n/a,2025-10-08,2026-07-14 10:10:05.5100000
12615,AW00012615,Nathan,Hill,Single,n/a,2025-10-08,2026-07-14 10:10:05.5100000
12616,AW00012616,Kelsey,Tang,Single,n/a,2025-10-08,2026-07-14 10:10:05.5100000
12617,AW00012617,Jake,Ma,Married,n/a,2025-10-08,2026-07-14 10:10:05.5100000
12618,AW00012618,Dawn,Lal,Married,n/a,2025-10-08,2026-07-14 10:10:05.5100000
12619,AW00012619,Priscilla,Rai,Married,n/a,2025-10-08,2026-07-14 10:10:05.5100000
12620,AW00012620,Maurice,Lal,Married,n/a,2025-10-08,2026-07-14 10:10:05.5100000
12621,AW00012621,Barry,Martinez,Married,n/a,2025-10-08,2026-07-14 10:10:05.5100000
12622,AW00012622,Micheal,Rubio,Married,n/a,2025-10-08,2026-07-14 10:10:05.5100000
12623,AW00012623,Jesse,Sanchez,Married,n/a,2025-10-08,2026-07-14 10:10:05.5100000
12624,AW00012624,Jamie,Xu,Married,n/a,2025-10-08,2026-07-14 10:10:05.5100000
12625,AW00012625,Carly,Andersen,Married,n/a,2025-10-08,2026-07-14 10:10:05.5100000
12626,AW00012626,Cassie,Lal,Married,n/a,2025-10-08,2026-07-14 10:10:05.5100000
12627,AW00012627,Leah,Zheng,Single,n/a,2025-10-08,2026-07-14 10:10:05.5100000
12628,AW00012628,Arturo,Ma,Married,n/a,2025-10-08,2026-07-14 10:10:05.5100000
12629,AW00012629,Russell,Nara,Single,n/a,2025-10-08,2026-07-14 10:10:05.5100000
12630,AW00012630,Kevin,Simmons,Married,n/a,2025-10-08,2026-07-14 10:10:05.5100000
12631,AW00012631,Clarence,Gao,Single,n/a,2025-10-08,2026-07-14 10:10:05.5100000
12632,AW00012632,Bonnie,Nath,Married,n/a,2025-10-08,2026-07-14 10:10:05.5100000
12633,AW00012633,Shannon,Suarez,Married,n/a,2025-10-08,2026-07-14 10:10:05.5100000
12634,AW00012634,Derrick,Ruiz,Married,n/a,2025-10-08,2026-07-14 10:10:05.5100000
12635,AW00012635,Brad,Beck,Single,n/a,2025-10-08,2026-07-14 10:10:05.5100000
12636,AW00012636,Tamer,Salah,Married,n/a,2025-10-08,2026-07-14 10:10:05.5100000
12637,AW00012637,Leonard,Nath,Married,n/a,2025-10-08,2026-07-14 10:10:05.5100000
12638,AW00012638,Sebastian,Brooks,Married,n/a,2025-10-08,2026-07-14 10:10:05.5100000
12639,AW00012639,Ruben,Lopez,Single,n/a,
