CID,CNTRY,dwh_create_date
AW00011000,Australia,2026-07-13 12:24:57.9700000
AW00011001,Australia,2026-07-13 12:24:57.9700000
AW00011002,Australia,2026-07-13 12:24:57.9700000
AW00011003,Australia,2026-07-13 12:24:57.9700000
AW00011004,Australia,2026-07-13 12:24:57.9700000
AW00011005,Australia,2026-07-13 12:24:57.9700000
AW00011006,Australia,2026-07-13 12:24:57.9700000
AW00011007,Australia,2026-07-13 12:24:57.9700000
AW00011008,Australia,2026-07-13 12:24:57.9700000
AW00011009,Australia,2026-07-13 12:24:57.9700000
AW00011010,Australia,2026-07-13 12:24:57.9700000
AW00011011,Australia,2026-07-13 12:24:57.9700000
AW00011012,United States,2026-07-13 12:24:57.9700000
AW00011013,United States,2026-07-13 12:24:57.9700000
AW00011014,United States,2026-07-13 12:24:57.9700000
AW00011015,United States,2026-07-13 12:24:57.9700000
AW00011016,United States,2026-07-13 12:24:57.9700000
AW00011017,Australia,2026-07-13 12:24:57.9700000
AW00011018,Australia,2026-07-13 12:24:57.9700000
AW00011019,Canada,2026-07-13 12:24:57.9700000
AW00011020,Canada,2026-07-13 12:24:57.9700000
AW00011021,United States,2026-07-13 12:24:57.9700000
AW00011022,United States,2026-07-13 12:24:57.9700000
AW00011023,United States,2026-07-13 12:24:57.9700000
AW00011024,United States,2026-07-13 12:24:57.9700000
AW00011025,Australia,2026-07-13 12:24:57.9700000
AW00011026,Australia,2026-07-13 12:24:57.9700000
AW00011027,Australia,2026-07-13 12:24:57.9700000
AW00011028,Australia,2026-07-13 12:24:57.9700000
AW00011029,Australia,2026-07-13 12:24:57.9700000
AW00011030,Australia,2026-07-13 12:24:57.9700000
AW00011031,Australia,2026-07-13 12:24:57.9700000
AW00011032,Australia,2026-07-13 12:24:57.9700000
AW00011033,Australia,2026-07-13 12:24:57.9700000
AW00011034,Australia,2026-07-13 12:24:57.9700000
AW00011035,Australia,2026-07-13 12:24:57.9700000
AW00011036,United States,2026-07-13 12:24:57.9700000
AW00011037,Canada,2026-07-13 12:24:57.9700000
AW00011038,Australia,2026-07-13 12:24:57.9700000
AW00011039,Australia,2026-07-13 12:24:57.9700000
AW00011040,United States,2026-07-13 12:24:57.9700000
AW00011041,United States,2026-07-13 12:24:57.9700000
AW00011042,United States,2026-07-13 12:24:57.9700000
AW00011043,United States,2026-07-13 12:24:57.9700000
AW00011044,Australia,2026-07-13 12:24:57.9700000
AW00011045,Australia,2026-07-13 12:24:57.9700000
AW00011046,Australia,2026-07-13 12:24:57.9700000
AW00011047,Australia,2026-07-13 12:24:57.9700000
AW00011048,Australia,2026-07-13 12:24:57.9700000
AW00011049,United States,2026-07-13 12:24:57.9700000
AW00011050,Australia,2026-07-13 12:24:57.9700000
AW00011051,Australia,2026-07-13 12:24:57.9700000
AW00011052,Australia,2026-07-13 12:24:57.9700000
AW00011053,United States,2026-07-13 12:24:57.9700000
AW00011054,Australia,2026-07-13 12:24:57.9700000
AW00011055,Australia,2026-07-13 12:24:57.9700000
AW00011056,Australia,2026-07-13 12:24:57.9700000
AW00011057,Australia,2026-07-13 12:24:57.9700000
AW00011058,Australia,2026-07-13 12:24:57.9700000
AW00011059,Australia,2026-07-13 12:24:57.9700000
AW00011060,Australia,2026-07-13 12:24:57.9700000
AW00011061,Australia,2026-07-13 12:24:57.9700000
AW00011062,United States,2026-07-13 12:24:57.9700000
AW00011063,United States,2026-07-13 12:24:57.9700000
AW00011064,United States,2026-07-13 12:24:57.9700000
AW00011065,United States,2026-07-13 12:24:57.9700000
AW00011066,United States,2026-07-13 12:24:57.9700000
AW00011067,United States,2026-07-13 12:24:57.9700000
AW00011068,Australia,2026-07-13 12:24:57.9700000
AW00011069,Australia,2026-07-13 12:24:57.9700000
AW00011070,Australia,2026-07-13 12:24:57.9700000
AW00011071,Australia,2026-07-13 12:24:57.9700000
AW00011072,Australia,2026-07-13 12:24:57.9700000
AW00011073,Australia,2026-07-13 12:24:57.9700000
AW00011074,Australia,2026-07-13 12:24:57.9700000
AW00011075,Australia,2026-07-13 12:24:57.9700000
AW00011076,Australia,2026-07-13 12:24:57.9700000
AW00011077,Australia,2026-07-13 12:24:57.9700000
AW00011078,Canada,2026-07-13 12:24:57.9700000
AW00011079,Australia,2026-07-13 12:24:57.9700000
AW00011080,Australia,2026-07-13 12:24:57.9700000
AW00011081,United States,2026-07-13 12:24:57.9700000
AW00011082,United States,2026-07-13 12:24:57.9700000
AW00011083,United States,2026-07-13 12:24:57.9700000
AW00011084,United States,2026-07-13 12:24:57.9700000
AW00011085,United States,2026-07-13 12:24:57.9700000
AW00011086,United States,2026-07-13 12:24:57.9700000
AW00011087,United States,2026-07-13 12:24:57.9700000
AW00011088,United States,2026-07-13 12:24:57.9700000
AW00011089,United States,2026-07-13 12:24:57.9700000
AW00011090,United States,2026-07-13 12:24:57.9700000
AW00011091,Canada,2026-07-13 12:24:57.9700000
AW00011092,Australia,2026-07-13 12:24:57.9700000
AW00011093,Australia,2026-07-13 12:24:57.9700000
AW00011094,Australia,2026-07-13 12:24:57.9700000
AW00011095,Australia,2026-07-13 12:24:57.9700000
AW00011096,Australia,2026-07-13 12:24:57.9700000
AW00011097,Australia,2026-07-13 12:24:57.9700000
AW00011098,Australia,2026-07-13 12:24:57.9700000
AW00011099,Australia,2026-07-13 12:24:57.9700000
AW00011100,Australia,2026-07-13 12:24:57.9700000
AW00011101,Australia,2026-07-13 12:24:57.9700000
AW00011102,Australia,2026-07-13 12:24:57.9700000
AW00011103,Australia,2026-07-13 12:24:57.9700000
AW00011104,Australia,2026-07-13 12:24:57.9700000
AW00011105,Australia,2026-07-13 12:24:57.9700000
AW00011106,Australia,2026-07-13 12:24:57.9700000
AW00011107,Australia,2026-07-13 12:24:57.9700000
AW00011108,Australia,2026-07-13 12:24:57.9700000
AW00011109,Australia,2026-07-13 12:24:57.9700000
AW00011110,Australia,2026-07-13 12:24:57.9700000
AW00011111,Australia,2026-07-13 12:24:57.9700000
AW00011112,Australia,2026-07-13 12:24:57.9700000
AW00011113,Australia,2026-07-13 12:24:57.9700000
AW00011114,Australia,2026-07-13 12:24:57.9700000
AW00011115,Australia,2026-07-13 12:24:57.9700000
AW00011116,Australia,2026-07-13 12:24:57.9700000
AW00011117,Australia,2026-07-13 12:24:57.9700000
AW00011118,Australia,2026-07-13 12:24:57.9700000
AW00011119,Australia,2026-07-13 12:24:57.9700000
AW00011120,Australia,2026-07-13 12:24:57.9700000
AW00011121,Australia,2026-07-13 12:24:57.9700000
AW00011122,Australia,2026-07-13 12:24:57.9700000
AW00011123,Australia,2026-07-13 12:24:57.9700000
AW00011124,Australia,2026-07-13 12:24:57.9700000
AW00011125,Australia,2026-07-13 12:24:57.9700000
AW00011126,Australia,2026-07-13 12:24:57.9700000
AW00011127,United States,2026-07-13 12:24:57.9700000
AW00011128,United States,2026-07-13 12:24:57.9700000
AW00011129,United States,2026-07-13 12:24:57.9700000
AW00011130,United States,2026-07-13 12:24:57.9700000
AW00011131,Canada,2026-07-13 12:24:57.9700000
AW00011132,Canada,2026-07-13 12:24:57.9700000
AW00011133,United States,2026-07-13 12:24:57.9700000
AW00011134,Australia,2026-07-13 12:24:57.9700000
AW00011135,United States,2026-07-13 12:24:57.9700000
AW00011136,Canada,2026-07-13 12:24:57.9700000
AW00011137,United States,2026-07-13 12:24:57.9700000
AW00011138,United States,2026-07-13 12:24:57.9700000
AW00011139,Australia,2026-07-13 12:24:57.9700000
AW00011140,United States,2026-07-13 12:24:57.9700000
AW00011141,United States,2026-07-13 12:24:57.9700000
AW00011142,Canada,2026-07-13 12:24:57.9700000
AW00011143,United States,2026-07-13 12:24:57.9700000
AW00011144,United States,2026-07-13 12:24:57.9700000
AW00011145,United States,2026-07-13 12:24:57.9700000
AW00011146,Australia,2026-07-13 12:24:57.9700000
AW00011147,Australia,2026-07-13 12:24:57.9700000
AW00011148,Australia,2026-07-13 12:24:57.9700000
AW00011149,Australia,2026-07-13 12:24:57.9700000
AW00011150,Australia,2026-07-13 12:24:57.9700000
AW00011151,Australia,2026-07-13 12:24:57.9700000
AW00011152,United States,2026-07-13 12:24:57.9700000
AW00011153,United States,2026-07-13 12:24:57.9700000
AW00011154,United States,2026-07-13 12:24:57.9700000
AW00011155,United States,2026-07-13 12:24:57.9700000
AW00011156,United States,2026-07-13 12:24:57.9700000
AW00011157,United States,2026-07-13 12:24:57.9700000
AW00011158,United States,2026-07-13 12:24:57.9700000
AW00011159,United States,2026-07-13 12:24:57.9700000
AW00011160,United States,2026-07-13 12:24:57.9700000
AW00011161,United States,2026-07-13 12:24:57.9700000
AW00011162,United States,2026-07-13 12:24:57.9700000
AW00011163,United States,2026-07-13 12:24:57.9700000
AW00011164,United States,2026-07-13 12:24:57.9700000
AW00011165,United States,2026-07-13 12:24:57.9700000
AW00011166,United States,2026-07-13 12:24:57.9700000
AW00011167,United States,2026-07-13 12:24:57.9700000
AW00011168,United States,2026-07-13 12:24:57.9700000
AW00011169,United States,2026-07-13 12:24:57.9700000
AW00011170,United States,2026-07-13 12:24:57.9700000
AW00011171,United States,2026-07-13 12:24:57.9700000
AW00011172,United States,2026-07-13 12:24:57.9700000
AW00011173,United States,2026-07-13 12:24:57.9700000
AW00011174,United States,2026-07-13 12:24:57.9700000
AW00011175,United States,2026-07-13 12:24:57.9700000
AW00011176,Canada,2026-07-13 12:24:57.9700000
AW00011177,United States,2026-07-13 12:24:57.9700000
AW00011178,United States,2026-07-13 12:24:57.9700000
AW00011179,United States,2026-07-13 12:24:57.9700000
AW00011180,United States,2026-07-13 12:24:57.9700000
AW00011181,United States,2026-07-13 12:24:57.9700000
AW00011182,United States,2026-07-13 12:24:57.9700000
AW00011183,United States,2026-07-13 12:24:57.9700000
AW00011184,United States,2026-07-13 12:24:57.9700000
AW00011185,Canada,2026-07-13 12:24:57.9700000
AW00011186,United States,2026-07-13 12:24:57.9700000
AW00011187,United States,2026-07-13 12:24:57.9700000
AW00011188,United States,2026-07-13 12:24:57.9700000
AW00011189,United States,2026-07-13 12:24:57.9700000
AW00011190,United States,2026-07-13 12:24:57.9700000
AW00011191,United States,2026-07-13 12:24:57.9700000
AW00011192,United States,2026-07-13 12:24:57.9700000
AW00011193,United States,2026-07-13 12:24:57.9700000
AW00011194,United States,2026-07-13 12:24:57.9700000
AW00011195,United States,2026-07-13 12:24:57.9700000
AW00011196,United States,2026-07-13 12:24:57.9700000
AW00011197,United States,2026-07-13 12:24:57.9700000
AW00011198,United States,2026-07-13 12:24:57.9700000
AW00011199,United States,2026-07-13 12:24:57.9700000
AW00011200,Canada,2026-07-13 12:24:57.9700000
AW00011201,United States,2026-07-13 12:24:57.9700000
AW00011202,United States,2026-07-13 12:24:57.9700000
AW00011203,Canada,2026-07-13 12:24:57.9700000
AW00011204,United States,2026-07-13 12:24:57.9700000
AW00011205,United States,2026-07-13 12:24:57.9700000
AW00011206,United States,2026-07-13 12:24:57.9700000
AW00011207,United States,2026-07-13 12:24:57.9700000
AW00011208,United States,2026-07-13 12:24:57.9700000
AW00011209,United States,2026-07-13 12:24:57.9700000
AW00011210,United States,2026-07-13 12:24:57.9700000
AW00011211,Canada,2026-07-13 12:24:57.9700000
AW00011212,Canada,2026-07-13 12:24:57.9700000
AW00011213,United States,2026-07-13 12:24:57.9700000
AW00011214,United States,2026-07-13 12:24:57.9700000
AW00011215,Canada,2026-07-13 12:24:57.9700000
AW00011216,United States,2026-07-13 12:24:57.9700000
AW00011217,United States,2026-07-13 12:24:57.9700000
AW00011218,United States,2026-07-13 12:24:57.9700000
AW00011219,United States,2026-07-13 12:24:57.9700000
AW00011220,United States,2026-07-13 12:24:57.9700000
AW00011221,United States,2026-07-13 12:24:57.9700000
AW00011222,United States,2026-07-13 12:24:57.9700000
AW00011223,Canada,2026-07-13 12:24:57.9700000
AW00011224,United States,2026-07-13 12:24:57.9700000
AW00011225,United States,2026-07-13 12:24:57.9700000
AW00011226,United States,2026-07-13 12:24:57.9700000
AW00011227,United States,2026-07-13 12:24:57.9700000
AW00011228,United States,2026-07-13 12:24:57.9700000
AW00011229,United States,2026-07-13 12:24:57.9700000
AW00011230,United States,2026-07-13 12:24:57.9700000
AW00011231,United States,2026-07-13 12:24:57.9700000
AW00011232,United States,2026-07-13 12:24:57.9700000
AW00011233,United States,2026-07-13 12:24:57.9700000
AW00011234,United States,2026-07-13 12:24:57.9700000
AW00011235,United States,2026-07-13 12:24:57.9700000
AW00011236,United States,2026-07-13 12:24:57.9700000
AW00011237,Germany,2026-07-13 12:24:57.9700000
AW00011238,United Kingdom,2026-07-13 12:24:57.9700000
AW00011239,United Kingdom,2026-07-13 12:24:57.9700000
AW00011240,United Kingdom,2026-07-13 12:24:57.9700000
AW00011241,France,2026-07-13 12:24:57.9700000
AW00011242,France,2026-07-13 12:24:57.9700000
AW00011243,United Kingdom,2026-07-13 12:24:57.9700000
AW00011244,United Kingdom,2026-07-13 12:24:57.9700000
AW00011245,Germany,2026-07-13 12:24:57.9700000
AW00011246,Germany,2026-07-13 12:24:57.9700000
AW00011247,United Kingdom,2026-07-13 12:24:57.9700000
AW00011248,France,2026-07-13 12:24:57.9700000
AW00011249,Germany,2026-07-13 12:24:57.9700000
AW00011250,United Kingdom,2026-07-13 12:24:57.9700000
AW00011251,Canada,2026-07-13 12:24:57.9700000
AW00011252,United States,2026-07-13 12:24:57.9700000
AW00011253,Canada,2026-07-13 12:24:57.9700000
AW00011254,United States,2026-07-13 12:24:57.9700000
AW00011255,United States,2026-07-13 12:24:57.9700000
AW00011256,United States,2026-07-13 12:24:57.9700000
AW00011257,United States,2026-07-13 12:24:57.9700000
AW00011258,United States,2026-07-13 12:24:57.9700000
AW00011259,United States,2026-07-13 12:24:57.9700000
AW00011260,United States,2026-07-13 12:24:57.9700000
AW00011261,United States,2026-07-13 12:24:57.9700000
AW00011262,Canada,2026-07-13 12:24:57.9700000
AW00011263,United States,2026-07-13 12:24:57.9700000
AW00011264,United States,2026-07-13 12:24:57.9700000
AW00011265,United States,2026-07-13 12:24:57.9700000
AW00011266,United States,2026-07-13 12:24:57.9700000
AW00011267,United States,2026-07-13 12:24:57.9700000
AW00011268,United States,2026-07-13 12:24:57.9700000
AW00011269,United States,2026-07-13 12:24:57.9700000
AW00011270,United States,2026-07-13 12:24:57.9700000
AW00011271,United States,2026-07-13 12:24:57.9700000
AW00011272,United States,2026-07-13 12:24:57.9700000
AW00011273,United States,2026-07-13 12:24:57.9700000
AW00011274,United States,2026-07-13 12:24:57.9700000
AW00011275,United States,2026-07-13 12:24:57.9700000
AW00011276,Canada,2026-07-13 12:24:57.9700000
AW00011277,Canada,2026-07-13 12:24:57.9700000
AW00011278,United States,2026-07-13 12:24:57.9700000
AW00011279,United States,2026-07-13 12:24:57.9700000
AW00011280,United States,2026-07-13 12:24:57.9700000
AW00011281,United States,2026-07-13 12:24:57.9700000
AW00011282,United States,2026-07-13 12:24:57.9700000
AW00011283,United States,2026-07-13 12:24:57.9700000
AW00011284,United States,2026-07-13 12:24:57.9700000
AW00011285,United States,2026-07-13 12:24:57.9700000
AW00011286,United States,2026-07-13 12:24:57.9700000
AW00011287,Canada,2026-07-13 12:24:57.9700000
AW00011288,United States,2026-07-13 12:24:57.9700000
AW00011289,United States,2026-07-13 12:24:57.9700000
AW00011290,United States,2026-07-13 12:24:57.9700000
AW00011291,United States,2026-07-13 12:24:57.9700000
AW00011292,United States,2026-07-13 12:24:57.9700000
AW00011293,United States,2026-07-13 12:24:57.9700000
AW00011294,United States,2026-07-13 12:24:57.9700000
AW00011295,United States,2026-07-13 12:24:57.9700000
AW00011296,United States,2026-07-13 12:24:57.9700000
AW00011297,United States,2026-07-13 12:24:57.9700000
AW00011298,United States,2026-07-13 12:24:57.9700000
AW00011299,United States,2026-07-13 12:24:57.9700000
AW00011300,Canada,2026-07-13 12:24:57.9700000
AW00011301,United States,2026-07-13 12:24:57.9700000
AW00011302,United States,2026-07-13 12:24:57.9700000
AW00011303,United States,2026-07-13 12:24:57.9700000
AW00011304,United States,2026-07-13 12:24:57.9700000
AW00011305,United States,2026-07-13 12:24:57.9700000
AW00011306,United States,2026-07-13 12:24:57.9700000
AW00011307,United States,2026-07-13 12:24:57.9700000
AW00011308,United States,2026-07-13 12:24:57.9700000
AW00011309,United States,2026-07-13 12:24:57.9700000
AW00011310,United States,2026-07-13 12:24:57.9700000
AW00011311,United States,2026-07-13 12:24:57.9700000
AW00011312,United States,2026-07-13 12:24:57.9700000
AW00011313,United States,2026-07-13 12:24:57.9700000
AW00011314,United States,2026-07-13 12:24:57.9700000
AW00011315,United States,2026-07-13 12:24:57.9700000
AW00011316,Canada,2026-07-13 12:24:57.9700000
AW00011317,United States,2026-07-13 12:24:57.9700000
AW00011318,United States,2026-07-13 12:24:57.9700000
AW00011319,United States,2026-07-13 12:24:57.9700000
AW00011320,United States,2026-07-13 12:24:57.9700000
AW00011321,United States,2026-07-13 12:24:57.9700000
AW00011322,United States,2026-07-13 12:24:57.9700000
AW00011323,United States,2026-07-13 12:24:57.9700000
AW00011324,United States,2026-07-13 12:24:57.9700000
AW00011325,United States,2026-07-13 12:24:57.9700000
AW00011326,United States,2026-07-13 12:24:57.9700000
AW00011327,United States,2026-07-13 12:24:57.9700000
AW00011328,Canada,2026-07-13 12:24:57.9700000
AW00011329,United States,2026-07-13 12:24:57.9700000
AW00011330,Canada,2026-07-13 12:24:57.9700000
AW00011331,Canada,2026-07-13 12:24:57.9700000
AW00011332,Germany,2026-07-13 12:24:57.9700000
AW00011333,United Kingdom,2026-07-13 12:24:57.9700000
AW00011334,United Kingdom,2026-07-13 12:24:57.9700000
AW00011335,Germany,2026-07-13 12:24:57.9700000
AW00011336,France,2026-07-13 12:24:57.9700000
AW00011337,United Kingdom,2026-07-13 12:24:57.9700000
AW00011338,Germany,2026-07-13 12:24:57.9700000
AW00011339,France,2026-07-13 12:24:57.9700000
AW00011340,France,2026-07-13 12:24:57.9700000
AW00011341,United Kingdom,2026-07-13 12:24:57.9700000
AW00011342,France,2026-07-13 12:24:57.9700000
AW00011343,United Kingdom,2026-07-13 12:24:57.9700000
AW00011344,United Kingdom,2026-07-13 12:24:57.9700000
AW00011345,France,2026-07-13 12:24:57.9700000
AW00011346,France,2026-07-13 12:24:57.9700000
AW00011347,Germany,2026-07-13 12:24:57.9700000
AW00011348,Germany,2026-07-13 12:24:57.9700000
AW00011349,Germany,2026-07-13 12:24:57.9700000
AW00011350,United Kingdom,2026-07-13 12:24:57.9700000
AW00011351,United Kingdom,2026-07-13 12:24:57.9700000
AW00011352,France,2026-07-13 12:24:57.9700000
AW00011353,United Kingdom,2026-07-13 12:24:57.9700000
AW00011354,Germany,2026-07-13 12:24:57.9700000
AW00011355,United Kingdom,2026-07-13 12:24:57.9700000
AW00011356,Australia,2026-07-13 12:24:57.9700000
AW00011357,Australia,2026-07-13 12:24:57.9700000
AW00011358,Australia,2026-07-13 12:24:57.9700000
AW00011359,Australia,2026-07-13 12:24:57.9700000
AW00011360,Australia,2026-07-13 12:24:57.9700000
AW00011361,Australia,2026-07-13 12:24:57.9700000
AW00011362,Australia,2026-07-13 12:24:57.9700000
AW00011363,Australia,2026-07-13 12:24:57.9700000
AW00011364,Australia,2026-07-13 12:24:57.9700000
AW00011365,Australia,2026-07-13 12:24:57.9700000
AW00011366,Australia,2026-07-13 12:24:57.9700000
AW00011367,Australia,2026-07-13 12:24:57.9700000
AW00011368,Australia,2026-07-13 12:24:57.9700000
AW00011369,Australia,2026-07-13 12:24:57.9700000
AW00011370,Australia,2026-07-13 12:24:57.9700000
AW00011371,Australia,2026-07-13 12:24:57.9700000
AW00011372,Australia,2026-07-13 12:24:57.9700000
AW00011373,Germany,2026-07-13 12:24:57.9700000
AW00011374,Germany,2026-07-13 12:24:57.9700000
AW00011375,United Kingdom,2026-07-13 12:24:57.9700000
AW00011376,United Kingdom,2026-07-13 12:24:57.9700000
AW00011377,Germany,2026-07-13 12:24:57.9700000
AW00011378,France,2026-07-13 12:24:57.9700000
AW00011379,France,2026-07-13 12:24:57.9700000
AW00011380,Germany,2026-07-13 12:24:57.9700000
AW00011381,United Kingdom,2026-07-13 12:24:57.9700000
AW00011382,France,2026-07-13 12:24:57.9700000
AW00011383,France,2026-07-13 12:24:57.9700000
AW00011384,France,2026-07-13 12:24:57.9700000
AW00011385,United Kingdom,2026-07-13 12:24:57.9700000
AW00011386,Germany,2026-07-13 12:24:57.9700000
AW00011387,United Kingdom,2026-07-13 12:24:57.9700000
AW00011388,United Kingdom,2026-07-13 12:24:57.9700000
AW00011389,Germany,2026-07-13 12:24:57.9700000
AW00011390,France,2026-07-13 12:24:57.9700000
AW00011391,Germany,2026-07-13 12:24:57.9700000
AW00011392,Germany,2026-07-13 12:24:57.9700000
AW00011393,France,2026-07-13 12:24:57.9700000
AW00011394,United Kingdom,2026-07-13 12:24:57.9700000
AW00011395,Germany,2026-07-13 12:24:57.9700000
AW00011396,Germany,2026-07-13 12:24:57.9700000
AW00011397,France,2026-07-13 12:24:57.9700000
AW00011398,United Kingdom,2026-07-13 12:24:57.9700000
AW00011399,France,2026-07-13 12:24:57.9700000
AW00011400,United Kingdom,2026-07-13 12:24:57.9700000
AW00011401,France,2026-07-13 12:24:57.9700000
AW00011402,France,2026-07-13 12:24:57.9700000
AW00011403,France,2026-07-13 12:24:57.9700000
AW00011404,Germany,2026-07-13 12:24:57.9700000
AW00011405,Germany,2026-07-13 12:24:57.9700000
AW00011406,France,2026-07-13 12:24:57.9700000
AW00011407,Germany,2026-07-13 12:24:57.9700000
AW00011408,United Kingdom,2026-07-13 12:24:57.9700000
AW00011409,France,2026-07-13 12:24:57.9700000
AW00011410,France,2026-07-13 12:24:57.9700000
AW00011411,Germany,2026-07-13 12:24:57.9700000
AW00011412,Germany,2026-07-13 12:24:57.9700000
AW00011413,United Kingdom,2026-07-13 12:24:57.9700000
AW00011414,United Kingdom,2026-07-13 12:24:57.9700000
AW00011415,Germany,2026-07-13 12:24:57.9700000
AW00011416,France,2026-07-13 12:24:57.9700000
AW00011417,France,2026-07-13 12:24:57.9700000
AW00011418,Germany,2026-07-13 12:24:57.9700000
AW00011419,United Kingdom,2026-07-13 12:24:57.9700000
AW00011420,France,2026-07-13 12:24:57.9700000
AW00011421,Germany,2026-07-13 12:24:57.9700000
AW00011422,United Kingdom,2026-07-13 12:24:57.9700000
AW00011423,Germany,2026-07-13 12:24:57.9700000
AW00011424,Germany,2026-07-13 12:24:57.9700000
AW00011425,France,2026-07-13 12:24:57.9700000
AW00011426,Germany,2026-07-13 12:24:57.9700000
AW00011427,Germany,2026-07-13 12:24:57.9700000
AW00011428,Germany,2026-07-13 12:24:57.9700000
AW00011429,France,2026-07-13 12:24:57.9700000
AW00011430,Germany,2026-07-13 12:24:57.9700000
AW00011431,Germany,2026-07-13 12:24:57.9700000
AW00011432,France,2026-07-13 12:24:57.9700000
AW00011433,France,2026-07-13 12:24:57.9700000
AW00011434,United Kingdom,2026-07-13 12:24:57.9700000
AW00011435,Germany,2026-07-13 12:24:57.9700000
AW00011436,United Kingdom,2026-07-13 12:24:57.9700000
AW00011437,France,2026-07-13 12:24:57.9700000
AW00011438,Germany,2026-07-13 12:24:57.9700000
AW00011439,France,2026-07-13 12:24:57.9700000
AW00011440,France,2026-07-13 12:24:57.9700000
AW00011441,France,2026-07-13 12:24:57.9700000
AW00011442,France,2026-07-13 12:24:57.9700000
AW00011443,Australia,2026-07-13 12:24:57.9700000
AW00011444,Australia,2026-07-13 12:24:57.9700000
AW00011445,Australia,2026-07-13 12:24:57.9700000
AW00011446,Australia,2026-07-13 12:24:57.9700000
AW00011447,Australia,2026-07-13 12:24:57.9700000
AW00011448,Australia,2026-07-13 12:24:57.9700000
AW00011449,Australia,2026-07-13 12:24:57.9700000
AW00011450,Australia,2026-07-13 12:24:57.9700000
AW00011451,Australia,2026-07-13 12:24:57.9700000
AW00011452,Australia,2026-07-13 12:24:57.9700000
AW00011453,Australia,2026-07-13 12:24:57.9700000
AW00011454,Australia,2026-07-13 12:24:57.9700000
AW00011455,Australia,2026-07-13 12:24:57.9700000
AW00011456,Australia,2026-07-13 12:24:57.9700000
AW00011457,Australia,2026-07-13 12:24:57.9700000
AW00011458,Australia,2026-07-13 12:24:57.9700000
AW00011459,Australia,2026-07-13 12:24:57.9700000
AW00011460,Australia,2026-07-13 12:24:57.9700000
AW00011461,Australia,2026-07-13 12:24:57.9700000
AW00011462,Australia,2026-07-13 12:24:57.9700000
AW00011463,Australia,2026-07-13 12:24:57.9700000
AW00011464,Australia,2026-07-13 12:24:57.9700000
AW00011465,Australia,2026-07-13 12:24:57.9700000
AW00011466,Australia,2026-07-13 12:24:57.9700000
AW00011467,Australia,2026-07-13 12:24:57.9700000
AW00011468,United Kingdom,2026-07-13 12:24:57.9700000
AW00011469,United Kingdom,2026-07-13 12:24:57.9700000
AW00011470,Germany,2026-07-13 12:24:57.9700000
AW00011471,France,2026-07-13 12:24:57.9700000
AW00011472,Australia,2026-07-13 12:24:57.9700000
AW00011473,France,2026-07-13 12:24:57.9700000
AW00011474,United Kingdom,2026-07-13 12:24:57.9700000
AW00011475,United Kingdom,2026-07-13 12:24:57.9700000
AW00011476,United Kingdom,2026-07-13 12:24:57.9700000
AW00011477,Germany,2026-07-13 12:24:57.9700000
AW00011478,France,2026-07-13 12:24:57.9700000
AW00011479,France,2026-07-13 12:24:57.9700000
AW00011480,France,2026-07-13 12:24:57.9700000
AW00011481,Germany,2026-07-13 12:24:57.9700000
AW00011482,United Kingdom,2026-07-13 12:24:57.9700000
AW00011483,France,2026-07-13 12:24:57.9700000
AW00011484,Germany,2026-07-13 12:24:57.9700000
AW00011485,United Kingdom,2026-07-13 12:24:57.9700000
AW00011486,Germany,2026-07-13 12:24:57.9700000
AW00011487,France,2026-07-13 12:24:57.9700000
AW00011488,United Kingdom,2026-07-13 12:24:57.9700000
AW00011489,United Kingdom,2026-07-13 12:24:57.9700000
AW00011490,France,2026-07-13 12:24:57.9700000
AW00011491,United Kingdom,2026-07-13 12:24:57.9700000
AW00011492,Germany,2026-07-13 12:24:57.9700000
AW00011493,United Kingdom,2026-07-13 12:24:57.9700000
AW00011494,United Kingdom,2026-07-13 12:24:57.9700000
AW00011495,Germany,2026-07-13 12:24:57.9700000
AW00011496,United Kingdom,2026-07-13 12:24:57.9700000
AW00011497,United Kingdom,2026-07-13 12:24:57.9700000
AW00011498,Canada,2026-07-13 12:24:57.9700000
AW00011499,United States,2026-07-13 12:24:57.9700000
AW00011500,Canada,2026-07-13 12:24:57.9700000
AW00011501,Canada,2026-07-13 12:24:57.9700000
AW00011502,Canada,2026-07-13 12:24:57.9700000
AW00011503,United States,2026-07-13 12:24:57.9700000
AW00011504,United States,2026-07-13 12:24:57.9700000
AW00011505,Canada,2026-07-13 12:24:57.9700000
AW00011506,Canada,2026-07-13 12:24:57.9700000
AW00011507,Canada,2026-07-13 12:24:57.9700000
AW00011508,United States,2026-07-13 12:24:57.9700000
AW00011509,United States,2026-07-13 12:24:57.9700000
AW00011510,Canada,2026-07-13 12:24:57.9700000
AW00011511,United States,2026-07-13 12:24:57.9700000
AW00011512,Canada,2026-07-13 12:24:57.9700000
AW00011513,Canada,2026-07-13 12:24:57.9700000
AW00011514,United States,2026-07-13 12:24:57.9700000
AW00011515,United States,2026-07-13 12:24:57.9700000
AW00011516,United States,2026-07-13 12:24:57.9700000
AW00011517,United States,2026-07-13 12:24:57.9700000
AW00011518,United States,2026-07-13 12:24:57.9700000
AW00011519,Canada,2026-07-13 12:24:57.9700000
AW00011520,Canada,2026-07-13 12:24:57.9700000
AW00011521,United States,2026-07-13 12:24:57.9700000
AW00011522,United States,2026-07-13 12:24:57.9700000
AW00011523,Canada,2026-07-13 12:24:57.9700000
AW00011524,United States,2026-07-13 12:24:57.9700000
AW00011525,United States,2026-07-13 12:24:57.9700000
AW00011526,Canada,2026-07-13 12:24:57.9700000
AW00011527,United States,2026-07-13 12:24:57.9700000
AW00011528,United States,2026-07-13 12:24:57.9700000
AW00011529,United States,2026-07-13 12:24:57.9700000
AW00011530,Canada,2026-07-13 12:24:57.9700000
AW00011531,United States,2026-07-13 12:24:57.9700000
AW00011532,United States,2026-07-13 12:24:57.9700000
AW00011533,United States,2026-07-13 12:24:57.9700000
AW00011534,United States,2026-07-13 12:24:57.9700000
AW00011535,United States,2026-07-13 12:24:57.9700000
AW00011536,United States,2026-07-13 12:24:57.9700000
AW00011537,United States,2026-07-13 12:24:57.9700000
AW00011538,United States,2026-07-13 12:24:57.9700000
AW00011539,United States,2026-07-13 12:24:57.9700000
AW00011540,United States,2026-07-13 12:24:57.9700000
AW00011541,United States,2026-07-13 12:24:57.9700000
AW00011542,United Kingdom,2026-07-13 12:24:57.9700000
AW00011543,France,2026-07-13 12:24:57.9700000
AW00011544,Germany,2026-07-13 12:24:57.9700000
AW00011545,France,2026-07-13 12:24:57.9700000
AW00011546,France,2026-07-13 12:24:57.9700000
AW00011547,France,2026-07-13 12:24:57.9700000
AW00011548,United Kingdom,2026-07-13 12:24:57.9700000
AW00011549,United Kingdom,2026-07-13 12:24:57.9700000
AW00011550,United Kingdom,2026-07-13 12:24:57.9700000
AW00011551,France,2026-07-13 12:24:57.9700000
AW00011552,Germany,2026-07-13 12:24:57.9700000
AW00011553,United Kingdom,2026-07-13 12:24:57.9700000
AW00011554,France,2026-07-13 12:24:57.9700000
AW00011555,United Kingdom,2026-07-13 12:24:57.9700000
AW00011556,United Kingdom,2026-07-13 12:24:57.9700000
AW00011557,United Kingdom,2026-07-13 12:24:57.9700000
AW00011558,United Kingdom,2026-07-13 12:24:57.9700000
AW00011559,Germany,2026-07-13 12:24:57.9700000
AW00011560,United Kingdom,2026-07-13 12:24:57.9700000
AW00011561,Germany,2026-07-13 12:24:57.9700000
AW00011562,Germany,2026-07-13 12:24:57.9700000
AW00011563,United Kingdom,2026-07-13 12:24:57.9700000
AW00011564,Germany,2026-07-13 12:24:57.9700000
AW00011565,United Kingdom,2026-07-13 12:24:57.9700000
AW00011566,France,2026-07-13 12:24:57.9700000
AW00011567,Germany,2026-07-13 12:24:57.9700000
AW00011568,United Kingdom,2026-07-13 12:24:57.9700000
AW00011569,United Kingdom,2026-07-13 12:24:57.9700000
AW00011570,Germany,2026-07-13 12:24:57.9700000
AW00011571,France,2026-07-13 12:24:57.9700000
AW00011572,France,2026-07-13 12:24:57.9700000
AW00011573,United Kingdom,2026-07-13 12:24:57.9700000
AW00011574,United Kingdom,2026-07-13 12:24:57.9700000
AW00011575,United Kingdom,2026-07-13 12:24:57.9700000
AW00011576,France,2026-07-13 12:24:57.9700000
AW00011577,France,2026-07-13 12:24:57.9700000
AW00011578,France,2026-07-13 12:24:57.9700000
AW00011579,United Kingdom,2026-07-13 12:24:57.9700000
AW00011580,United Kingdom,2026-07-13 12:24:57.9700000
AW00011581,France,2026-07-13 12:24:57.9700000
AW00011582,France,2026-07-13 12:24:57.9700000
AW00011583,France,2026-07-13 12:24:57.9700000
AW00011584,Germany,2026-07-13 12:24:57.9700000
AW00011585,United Kingdom,2026-07-13 12:24:57.9700000
AW00011586,United Kingdom,2026-07-13 12:24:57.9700000
AW00011587,France,2026-07-13 12:24:57.9700000
AW00011588,France,2026-07-13 12:24:57.9700000
AW00011589,United Kingdom,2026-07-13 12:24:57.9700000
AW00011590,France,2026-07-13 12:24:57.9700000
AW00011591,France,2026-07-13 12:24:57.9700000
AW00011592,France,2026-07-13 12:24:57.9700000
AW00011593,France,2026-07-13 12:24:57.9700000
AW00011594,France,2026-07-13 12:24:57.9700000
AW00011595,Germany,2026-07-13 12:24:57.9700000
AW00011596,United Kingdom,2026-07-13 12:24:57.9700000
AW00011597,France,2026-07-13 12:24:57.9700000
AW00011598,Germany,2026-07-13 12:24:57.9700000
AW00011599,France,2026-07-13 12:24:57.9700000
AW00011600,France,2026-07-13 12:24:57.9700000
AW00011601,France,2026-07-13 12:24:57.9700000
AW00011602,Germany,2026-07-13 12:24:57.9700000
AW00011603,United Kingdom,2026-07-13 12:24:57.9700000
AW00011604,United Kingdom,2026-07-13 12:24:57.9700000
AW00011605,Germany,2026-07-13 12:24:57.9700000
AW00011606,France,2026-07-13 12:24:57.9700000
AW00011607,France,2026-07-13 12:24:57.9700000
AW00011608,France,2026-07-13 12:24:57.9700000
AW00011609,United Kingdom,2026-07-13 12:24:57.9700000
AW00011610,United Kingdom,2026-07-13 12:24:57.9700000
AW00011611,France,2026-07-13 12:24:57.9700000
AW00011612,United Kingdom,2026-07-13 12:24:57.9700000
AW00011613,Germany,2026-07-13 12:24:57.9700000
AW00011614,Germany,2026-07-13 12:24:57.9700000
AW00011615,United Kingdom,2026-07-13 12:24:57.9700000
AW00011616,United Kingdom,2026-07-13 12:24:57.9700000
AW00011617,United States,2026-07-13 12:24:57.9700000
AW00011618,Canada,2026-07-13 12:24:57.9700000
AW00011619,Canada,2026-07-13 12:24:57.9700000
AW00011620,United States,2026-07-13 12:24:57.9700000
AW00011621,United States,2026-07-13 12:24:57.9700000
AW00011622,United States,2026-07-13 12:24:57.9700000
AW00011623,United States,2026-07-13 12:24:57.9700000
AW00011624,United States,2026-07-13 12:24:57.9700000
AW00011625,United States,2026-07-13 12:24:57.9700000
AW00011626,United States,2026-07-13 12:24:57.9700000
AW00011627,United States,2026-07-13 12:24:57.9700000
AW00011628,United States,2026-07-13 12:24:57.9700000
AW00011629,United States,2026-07-13 12:24:57.9700000
AW00011630,United States,2026-07-13 12:24:57.9700000
AW00011631,Canada,2026-07-13 12:24:57.9700000
AW00011632,Canada,2026-07-13 12:24:57.9700000
AW00011633,United States,2026-07-13 12:24:57.9700000
AW00011634,United States,2026-07-13 12:24:57.9700000
AW00011635,United States,2026-07-13 12:24:57.9700000
AW00011636,United States,2026-07-13 12:24:57.9700000
AW00011637,United States,2026-07-13 12:24:57.9700000
AW00011638,United States,2026-07-13 12:24:57.9700000
AW00011639,United States,2026-07-13 12:24:57.9700000
AW00011640,Canada,2026-07-13 12:24:57.9700000
AW00011641,Canada,2026-07-13 12:24:57.9700000
AW00011642,Canada,2026-07-13 12:24:57.9700000
AW00011643,United States,2026-07-13 12:24:57.9700000
AW00011644,United States,2026-07-13 12:24:57.9700000
AW00011645,United States,2026-07-13 12:24:57.9700000
AW00011646,United States,2026-07-13 12:24:57.9700000
AW00011647,Canada,2026-07-13 12:24:57.9700000
AW00011648,United States,2026-07-13 12:24:57.9700000
AW00011649,United States,2026-07-13 12:24:57.9700000
AW00011650,United States,2026-07-13 12:24:57.9700000
AW00011651,Canada,2026-07-13 12:24:57.9700000
AW00011652,Canada,2026-07-13 12:24:57.9700000
AW00011653,United States,2026-07-13 12:24:57.9700000
AW00011654,United States,2026-07-13 12:24:57.9700000
AW00011655,United States,2026-07-13 12:24:57.9700000
AW00011656,United States,2026-07-13 12:24:57.9700000
AW00011657,United States,2026-07-13 12:24:57.9700000
AW00011658,United States,2026-07-13 12:24:57.9700000
AW00011659,Canada,2026-07-13 12:24:57.9700000
AW00011660,Canada,2026-07-13 12:24:57.9700000
AW00011661,Canada,2026-07-13 12:24:57.9700000
AW00011662,United States,2026-07-13 12:24:57.9700000
AW00011663,United States,2026-07-13 12:24:57.9700000
AW00011664,United States,2026-07-13 12:24:57.9700000
AW00011665,United States,2026-07-13 12:24:57.9700000
AW00011666,United States,2026-07-13 12:24:57.9700000
AW00011667,United States,2026-07-13 12:24:57.9700000
AW00011668,United States,2026-07-13 12:24:57.9700000
AW00011669,United States,2026-07-13 12:24:57.9700000
AW00011670,United States,2026-07-13 12:24:57.9700000
AW00011671,United States,2026-07-13 12:24:57.9700000
AW00011672,United States,2026-07-13 12:24:57.9700000
AW00011673,United States,2026-07-13 12:24:57.9700000
AW00011674,United States,2026-07-13 12:24:57.9700000
AW00011675,United States,2026-07-13 12:24:57.9700000
AW00011676,United States,2026-07-13 12:24:57.9700000
AW00011677,Canada,2026-07-13 12:24:57.9700000
AW00011678,United States,2026-07-13 12:24:57.9700000
AW00011679,United States,2026-07-13 12:24:57.9700000
AW00011680,United States,2026-07-13 12:24:57.9700000
AW00011681,United States,2026-07-13 12:24:57.9700000
AW00011682,United States,2026-07-13 12:24:57.9700000
AW00011683,United States,2026-07-13 12:24:57.9700000
AW00011684,United States,2026-07-13 12:24:57.9700000
AW00011685,United States,2026-07-13 12:24:57.9700000
AW00011686,United States,2026-07-13 12:24:57.9700000
AW00011687,United States,2026-07-13 12:24:57.9700000
AW00011688,United States,2026-07-13 12:24:57.9700000
AW00011689,United States,2026-07-13 12:24:57.9700000
AW00011690,United States,2026-07-13 12:24:57.9700000
AW00011691,United States,2026-07-13 12:24:57.9700000
AW00011692,United States,2026-07-13 12:24:57.9700000
AW00011693,Canada,2026-07-13 12:24:57.9700000
AW00011694,United States,2026-07-13 12:24:57.9700000
AW00011695,United States,2026-07-13 12:24:57.9700000
AW00011696,United States,2026-07-13 12:24:57.9700000
AW00011697,United States,2026-07-13 12:24:57.9700000
AW00011698,Canada,2026-07-13 12:24:57.9700000
AW00011699,United States,2026-07-13 12:24:57.9700000
AW00011700,United States,2026-07-13 12:24:57.9700000
AW00011701,United States,2026-07-13 12:24:57.9700000
AW00011702,United States,2026-07-13 12:24:57.9700000
AW00011703,United States,2026-07-13 12:24:57.9700000
AW00011704,United States,2026-07-13 12:24:57.9700000
AW00011705,United States,2026-07-13 12:24:57.9700000
AW00011706,United States,2026-07-13 12:24:57.9700000
AW00011707,United States,2026-07-13 12:24:57.9700000
AW00011708,United States,2026-07-13 12:24:57.9700000
AW00011709,Canada,2026-07-13 12:24:57.9700000
AW00011710,United States,2026-07-13 12:24:57.9700000
AW00011711,Canada,2026-07-13 12:24:57.9700000
AW00011712,Canada,2026-07-13 12:24:57.9700000
AW00011713,United States,2026-07-13 12:24:57.9700000
AW00011714,United States,2026-07-13 12:24:57.9700000
AW00011715,United States,2026-07-13 12:24:57.9700000
AW00011716,United States,2026-07-13 12:24:57.9700000
AW00011717,United States,2026-07-13 12:24:57.9700000
AW00011718,United States,2026-07-13 12:24:57.9700000
AW00011719,Canada,2026-07-13 12:24:57.9700000
AW00011720,United States,2026-07-13 12:24:57.9700000
AW00011721,United States,2026-07-13 12:24:57.9700000
AW00011722,United States,2026-07-13 12:24:57.9700000
AW00011723,Canada,2026-07-13 12:24:57.9700000
AW00011724,Canada,2026-07-13 12:24:57.9700000
AW00011725,United States,2026-07-13 12:24:57.9700000
AW00011726,United States,2026-07-13 12:24:57.9700000
AW00011727,United States,2026-07-13 12:24:57.9700000
AW00011728,United States,2026-07-13 12:24:57.9700000
AW00011729,United States,2026-07-13 12:24:57.9700000
AW00011730,United States,2026-07-13 12:24:57.9700000
AW00011731,United States,2026-07-13 12:24:57.9700000
AW00011732,United States,2026-07-13 12:24:57.9700000
AW00011733,United States,2026-07-13 12:24:57.9700000
AW00011734,United States,2026-07-13 12:24:57.9700000
AW00011735,United States,2026-07-13 12:24:57.9700000
AW00011736,United States,2026-07-13 12:24:57.9700000
AW00011737,United States,2026-07-13 12:24:57.9700000
AW00011738,Canada,2026-07-13 12:24:57.9700000
AW00011739,Canada,2026-07-13 12:24:57.9700000
AW00011740,Canada,2026-07-13 12:24:57.9700000
AW00011741,United States,2026-07-13 12:24:57.9700000
AW00011742,United States,2026-07-13 12:24:57.9700000
AW00011743,United States,2026-07-13 12:24:57.9700000
AW00011744,United States,2026-07-13 12:24:57.9700000
AW00011745,United States,2026-07-13 12:24:57.9700000
AW00011746,United States,2026-07-13 12:24:57.9700000
AW00011747,United States,2026-07-13 12:24:57.9700000
AW00011748,Canada,2026-07-13 12:24:57.9700000
AW00011749,Australia,2026-07-13 12:24:57.9700000
AW00011750,Australia,2026-07-13 12:24:57.9700000
AW00011751,Australia,2026-07-13 12:24:57.9700000
AW00011752,Australia,2026-07-13 12:24:57.9700000
AW00011753,Australia,2026-07-13 12:24:57.9700000
AW00011754,Australia,2026-07-13 12:24:57.9700000
AW00011755,Australia,2026-07-13 12:24:57.9700000
AW00011756,Australia,2026-07-13 12:24:57.9700000
AW00011757,Australia,2026-07-13 12:24:57.9700000
AW00011758,Australia,2026-07-13 12:24:57.9700000
AW00011759,Australia,2026-07-13 12:24:57.9700000
AW00011760,Australia,2026-07-13 12:24:57.9700000
AW00011761,Australia,2026-07-13 12:24:57.9700000
AW00011762,Australia,2026-07-13 12:24:57.9700000
AW00011763,Australia,2026-07-13 12:24:57.9700000
AW00011764,Australia,2026-07-13 12:24:57.9700000
AW00011765,Australia,2026-07-13 12:24:57.9700000
AW00011766,Australia,2026-07-13 12:24:57.9700000
AW00011767,Australia,2026-07-13 12:24:57.9700000
AW00011768,Australia,2026-07-13 12:24:57.9700000
AW00011769,Canada,2026-07-13 12:24:57.9700000
AW00011770,United States,2026-07-13 12:24:57.9700000
AW00011771,United States,2026-07-13 12:24:57.9700000
AW00011772,United States,2026-07-13 12:24:57.9700000
AW00011773,United States,2026-07-13 12:24:57.9700000
AW00011774,United States,2026-07-13 12:24:57.9700000
AW00011775,United States,2026-07-13 12:24:57.9700000
AW00011776,United States,2026-07-13 12:24:57.9700000
AW00011777,United States,2026-07-13 12:24:57.9700000
AW00011778,United States,2026-07-13 12:24:57.9700000
AW00011779,United States,2026-07-13 12:24:57.9700000
AW00011780,United States,2026-07-13 12:24:57.9700000
AW00011781,United States,2026-07-13 12:24:57.9700000
AW00011782,United States,2026-07-13 12:24:57.9700000
AW00011783,United States,2026-07-13 12:24:57.9700000
AW00011784,Canada,2026-07-13 12:24:57.9700000
AW00011785,United States,2026-07-13 12:24:57.9700000
AW00011786,United States,2026-07-13 12:24:57.9700000
AW00011787,United States,2026-07-13 12:24:57.9700000
AW00011788,United States,2026-07-13 12:24:57.9700000
AW00011789,United States,2026-07-13 12:24:57.9700000
AW00011790,United States,2026-07-13 12:24:57.9700000
AW00011791,United States,2026-07-13 12:24:57.9700000
AW00011792,United States,2026-07-13 12:24:57.9700000
AW00011793,United States,2026-07-13 12:24:57.9700000
AW00011794,United States,2026-07-13 12:24:57.9700000
AW00011795,United States,2026-07-13 12:24:57.9700000
AW00011796,United States,2026-07-13 12:24:57.9700000
AW00011797,United States,2026-07-13 12:24:57.9700000
AW00011798,United States,2026-07-13 12:24:57.9700000
AW00011799,United States,2026-07-13 12:24:57.9700000
AW00011800,United States,2026-07-13 12:24:57.9700000
AW00011801,United States,2026-07-13 12:24:57.9700000
AW00011802,Canada,2026-07-13 12:24:57.9700000
AW00011803,United States,2026-07-13 12:24:57.9700000
AW00011804,United States,2026-07-13 12:24:57.9700000
AW00011805,United States,2026-07-13 12:24:57.9700000
AW00011806,United States,2026-07-13 12:24:57.9700000
AW00011807,United States,2026-07-13 12:24:57.9700000
AW00011808,Canada,2026-07-13 12:24:57.9700000
AW00011809,United States,2026-07-13 12:24:57.9700000
AW00011810,United States,2026-07-13 12:24:57.9700000
AW00011811,United States,2026-07-13 12:24:57.9700000
AW00011812,United States,2026-07-13 12:24:57.9700000
AW00011813,United States,2026-07-13 12:24:57.9700000
AW00011814,United States,2026-07-13 12:24:57.9700000
AW00011815,United States,2026-07-13 12:24:57.9700000
AW00011816,United States,2026-07-13 12:24:57.9700000
AW00011817,United States,2026-07-13 12:24:57.9700000
AW00011818,United States,2026-07-13 12:24:57.9700000
AW00011819,United States,2026-07-13 12:24:57.9700000
AW00011820,Canada,2026-07-13 12:24:57.9700000
AW00011821,United States,2026-07-13 12:24:57.9700000
AW00011822,United States,2026-07-13 12:24:57.9700000
AW00011823,Canada,2026-07-13 12:24:57.9700000
AW00011824,Canada,2026-07-13 12:24:57.9700000
AW00011825,United States,2026-07-13 12:24:57.9700000
AW00011826,United States,2026-07-13 12:24:57.9700000
AW00011827,Canada,2026-07-13 12:24:57.9700000
AW00011828,United States,2026-07-13 12:24:57.9700000
AW00011829,United States,2026-07-13 12:24:57.9700000
AW00011830,United States,2026-07-13 12:24:57.9700000
AW00011831,United States,2026-07-13 12:24:57.9700000
AW00011832,United States,2026-07-13 12:24:57.9700000
AW00011833,Canada,2026-07-13 12:24:57.9700000
AW00011834,United States,2026-07-13 12:24:57.9700000
AW00011835,Canada,2026-07-13 12:24:57.9700000
AW00011836,United States,2026-07-13 12:24:57.9700000
AW00011837,United States,2026-07-13 12:24:57.9700000
AW00011838,United States,2026-07-13 12:24:57.9700000
AW00011839,United States,2026-07-13 12:24:57.9700000
AW00011840,United States,2026-07-13 12:24:57.9700000
AW00011841,Canada,2026-07-13 12:24:57.9700000
AW00011842,United States,2026-07-13 12:24:57.9700000
AW00011843,United States,2026-07-13 12:24:57.9700000
AW00011844,United States,2026-07-13 12:24:57.9700000
AW00011845,Canada,2026-07-13 12:24:57.9700000
AW00011846,United States,2026-07-13 12:24:57.9700000
AW00011847,United States,2026-07-13 12:24:57.9700000
AW00011848,United States,2026-07-13 12:24:57.9700000
AW00011849,United States,2026-07-13 12:24:57.9700000
AW00011850,United States,2026-07-13 12:24:57.9700000
AW00011851,United States,2026-07-13 12:24:57.9700000
AW00011852,United States,2026-07-13 12:24:57.9700000
AW00011853,United States,2026-07-13 12:24:57.9700000
AW00011854,United States,2026-07-13 12:24:57.9700000
AW00011855,United States,2026-07-13 12:24:57.9700000
AW00011856,United States,2026-07-13 12:24:57.9700000
AW00011857,United States,2026-07-13 12:24:57.9700000
AW00011858,United States,2026-07-13 12:24:57.9700000
AW00011859,United States,2026-07-13 12:24:57.9700000
AW00011860,United States,2026-07-13 12:24:57.9700000
AW00011861,Canada,2026-07-13 12:24:57.9700000
AW00011862,United States,2026-07-13 12:24:57.9700000
AW00011863,United States,2026-07-13 12:24:57.9700000
AW00011864,United States,2026-07-13 12:24:57.9700000
AW00011865,United States,2026-07-13 12:24:57.9700000
AW00011866,United States,2026-07-13 12:24:57.9700000
AW00011867,United States,2026-07-13 12:24:57.9700000
AW00011868,Canada,2026-07-13 12:24:57.9700000
AW00011869,Canada,2026-07-13 12:24:57.9700000
AW00011870,United States,2026-07-13 12:24:57.9700000
AW00011871,United States,2026-07-13 12:24:57.9700000
AW00011872,United States,2026-07-13 12:24:57.9700000
AW00011873,United States,2026-07-13 12:24:57.9700000
AW00011874,United States,2026-07-13 12:24:57.9700000
AW00011875,Canada,2026-07-13 12:24:57.9700000
AW00011876,United States,2026-07-13 12:24:57.9700000
AW00011877,United States,2026-07-13 12:24:57.9700000
AW00011878,United States,2026-07-13 12:24:57.9700000
AW00011879,United States,2026-07-13 12:24:57.9700000
AW00011880,United States,2026-07-13 12:24:57.9700000
AW00011881,United States,2026-07-13 12:24:57.9700000
AW00011882,United States,2026-07-13 12:24:57.9700000
AW00011883,United States,2026-07-13 12:24:57.9700000
AW00011884,United States,2026-07-13 12:24:57.9700000
AW00011885,United States,2026-07-13 12:24:57.9700000
AW00011886,United States,2026-07-13 12:24:57.9700000
AW00011887,United States,2026-07-13 12:24:57.9700000
AW00011888,Canada,2026-07-13 12:24:57.9700000
AW00011889,United States,2026-07-13 12:24:57.9700000
AW00011890,United States,2026-07-13 12:24:57.9700000
AW00011891,United States,2026-07-13 12:24:57.9700000
AW00011892,Australia,2026-07-13 12:24:57.9700000
AW00011893,Australia,2026-07-13 12:24:57.9700000
AW00011894,Australia,2026-07-13 12:24:57.9700000
AW00011895,Australia,2026-07-13 12:24:57.9700000
AW00011896,Australia,2026-07-13 12:24:57.9700000
AW00011897,Australia,2026-07-13 12:24:57.9700000
AW00011898,Australia,2026-07-13 12:24:57.9700000
AW00011899,Australia,2026-07-13 12:24:57.9700000
AW00011900,Australia,2026-07-13 12:24:57.9700000
AW00011901,Australia,2026-07-13 12:24:57.9700000
AW00011902,Australia,2026-07-13 12:24:57.9700000
AW00011903,Australia,2026-07-13 12:24:57.9700000
AW00011904,Australia,2026-07-13 12:24:57.9700000
AW00011905,Australia,2026-07-13 12:24:57.9700000
AW00011906,Australia,2026-07-13 12:24:57.9700000
AW00011907,Australia,2026-07-13 12:24:57.9700000
AW00011908,Australia,2026-07-13 12:24:57.9700000
AW00011909,Australia,2026-07-13 12:24:57.9700000
AW00011910,Australia,2026-07-13 12:24:57.9700000
AW00011911,Australia,2026-07-13 12:24:57.9700000
AW00011912,Australia,2026-07-13 12:24:57.9700000
AW00011913,Australia,2026-07-13 12:24:57.9700000
AW00011914,Australia,2026-07-13 12:24:57.9700000
AW00011915,Australia,2026-07-13 12:24:57.9700000
AW00011916,Australia,2026-07-13 12:24:57.9700000
AW00011917,Australia,2026-07-13 12:24:57.9700000
AW00011918,Australia,2026-07-13 12:24:57.9700000
AW00011919,Australia,2026-07-13 12:24:57.9700000
AW00011920,Australia,2026-07-13 12:24:57.9700000
AW00011921,Australia,2026-07-13 12:24:57.9700000
AW00011922,Canada,2026-07-13 12:24:57.9700000
AW00011923,United States,2026-07-13 12:24:57.9700000
AW00011924,United States,2026-07-13 12:24:57.9700000
AW00011925,United States,2026-07-13 12:24:57.9700000
AW00011926,United States,2026-07-13 12:24:57.9700000
AW00011927,United States,2026-07-13 12:24:57.9700000
AW00011928,United States,2026-07-13 12:24:57.9700000
AW00011929,Australia,2026-07-13 12:24:57.9700000
AW00011930,Australia,2026-07-13 12:24:57.9700000
AW00011931,United States,2026-07-13 12:24:57.9700000
AW00011932,United States,2026-07-13 12:24:57.9700000
AW00011933,United States,2026-07-13 12:24:57.9700000
AW00011934,United States,2026-07-13 12:24:57.9700000
AW00011935,United States,2026-07-13 12:24:57.9700000
AW00011936,United States,2026-07-13 12:24:57.9700000
AW00011937,United States,2026-07-13 12:24:57.9700000
AW00011938,United States,2026-07-13 12:24:57.9700000
AW00011939,United States,2026-07-13 12:24:57.9700000
AW00011940,United States,2026-07-13 12:24:57.9700000
AW00011941,United States,2026-07-13 12:24:57.9700000
AW00011942,Australia,2026-07-13 12:24:57.9700000
AW00011943,Australia,2026-07-13 12:24:57.9700000
AW00011944,Australia,2026-07-13 12:24:57.9700000
AW00011945,United States,2026-07-13 12:24:57.9700000
AW00011946,Australia,2026-07-13 12:24:57.9700000
AW00011947,Australia,2026-07-13 12:24:57.9700000
AW00011948,Australia,2026-07-13 12:24:57.9700000
AW00011949,United States,2026-07-13 12:24:57.9700000
AW00011950,United States,2026-07-13 12:24:57.9700000
AW00011951,Australia,2026-07-13 12:24:57.9700000
AW00011952,Australia,2026-07-13 12:24:57.9700000
AW00011953,United States,2026-07-13 12:24:57.9700000
AW00011954,United States,2026-07-13 12:24:57.9700000
AW00011955,United States,2026-07-13 12:24:57.9700000
AW00011956,United States,2026-07-13 12:24:57.9700000
AW00011957,United States,2026-07-13 12:24:57.9700000
AW00011958,United States,2026-07-13 12:24:57.9700000
AW00011959,United States,2026-07-13 12:24:57.9700000
AW00011960,United States,2026-07-13 12:24:57.9700000
AW00011961,United States,2026-07-13 12:24:57.9700000
AW00011962,United States,2026-07-13 12:24:57.9700000
AW00011963,Australia,2026-07-13 12:24:57.9700000
AW00011964,Australia,2026-07-13 12:24:57.9700000
AW00011965,Australia,2026-07-13 12:24:57.9700000
AW00011966,Australia,2026-07-13 12:24:57.9700000
AW00011967,Australia,2026-07-13 12:24:57.9700000
AW00011968,Australia,2026-07-13 12:24:57.9700000
AW00011969,Australia,2026-07-13 12:24:57.9700000
AW00011970,United States,2026-07-13 12:24:57.9700000
AW00011971,United States,2026-07-13 12:24:57.9700000
AW00011972,United States,2026-07-13 12:24:57.9700000
AW00011973,United States,2026-07-13 12:24:57.9700000
AW00011974,United States,2026-07-13 12:24:57.9700000
AW00011975,United States,2026-07-13 12:24:57.9700000
AW00011976,Australia,2026-07-13 12:24:57.9700000
AW00011977,Australia,2026-07-13 12:24:57.9700000
AW00011978,United States,2026-07-13 12:24:57.9700000
AW00011979,Canada,2026-07-13 12:24:57.9700000
AW00011980,United States,2026-07-13 12:24:57.9700000
AW00011981,United States,2026-07-13 12:24:57.9700000
AW00011982,United States,2026-07-13 12:24:57.9700000
AW00011983,United States,2026-07-13 12:24:57.9700000
AW00011984,Canada,2026-07-13 12:24:57.9700000
AW00011985,United States,2026-07-13 12:24:57.9700000
AW00011986,Australia,2026-07-13 12:24:57.9700000
AW00011987,Australia,2026-07-13 12:24:57.9700000
AW00011988,Australia,2026-07-13 12:24:57.9700000
AW00011989,Australia,2026-07-13 12:24:57.9700000
AW00011990,Australia,2026-07-13 12:24:57.9700000
AW00011991,Australia,2026-07-13 12:24:57.9700000
AW00011992,Australia,2026-07-13 12:24:57.9700000
AW00011993,Australia,2026-07-13 12:24:57.9700000
AW00011994,Australia,2026-07-13 12:24:57.9700000
AW00011995,Australia,2026-07-13 12:24:57.9700000
AW00011996,Australia,2026-07-13 12:24:57.9700000
AW00011997,Australia,2026-07-13 12:24:57.9700000
AW00011998,Australia,2026-07-13 12:24:57.9700000
AW00011999,Australia,2026-07-13 12:24:57.9700000
AW00012000,Australia,2026-07-13 12:24:57.9700000
AW00012001,Australia,2026-07-13 12:24:57.9700000
AW00012002,Australia,2026-07-13 12:24:57.9700000
AW00012003,Australia,2026-07-13 12:24:57.9700000
AW00012004,Australia,2026-07-13 12:24:57.9700000
AW00012005,Australia,2026-07-13 12:24:57.9700000
AW00012006,Australia,2026-07-13 12:24:57.9700000
AW00012007,Australia,2026-07-13 12:24:57.9700000
AW00012008,Australia,2026-07-13 12:24:57.9700000
AW00012009,Australia,2026-07-13 12:24:57.9700000
AW00012010,Australia,2026-07-13 12:24:57.9700000
AW00012011,Australia,2026-07-13 12:24:57.9700000
AW00012012,Australia,2026-07-13 12:24:57.9700000
AW00012013,Australia,2026-07-13 12:24:57.9700000
AW00012014,Australia,2026-07-13 12:24:57.9700000
AW00012015,United States,2026-07-13 12:24:57.9700000
AW00012016,United States,2026-07-13 12:24:57.9700000
AW00012017,Canada,2026-07-13 12:24:57.9700000
AW00012018,United States,2026-07-13 12:24:57.9700000
AW00012019,United States,2026-07-13 12:24:57.9700000
AW00012020,Canada,2026-07-13 12:24:57.9700000
AW00012021,Australia,2026-07-13 12:24:57.9700000
AW00012022,United States,2026-07-13 12:24:57.9700000
AW00012023,United States,2026-07-13 12:24:57.9700000
AW00012024,United States,2026-07-13 12:24:57.9700000
AW00012025,United States,2026-07-13 12:24:57.9700000
AW00012026,United States,2026-07-13 12:24:57.9700000
AW00012027,United States,2026-07-13 12:24:57.9700000
AW00012028,United States,2026-07-13 12:24:57.9700000
AW00012029,United States,2026-07-13 12:24:57.9700000
AW00012030,United States,2026-07-13 12:24:57.9700000
AW00012031,Canada,2026-07-13 12:24:57.9700000
AW00012032,Canada,2026-07-13 12:24:57.9700000
AW00012033,United States,2026-07-13 12:24:57.9700000
AW00012034,Australia,2026-07-13 12:24:57.9700000
AW00012035,Australia,2026-07-13 12:24:57.9700000
AW00012036,Australia,2026-07-13 12:24:57.9700000
AW00012037,Australia,2026-07-13 12:24:57.9700000
AW00012038,Australia,2026-07-13 12:24:57.9700000
AW00012039,Australia,2026-07-13 12:24:57.9700000
AW00012040,United States,2026-07-13 12:24:57.9700000
AW00012041,United States,2026-07-13 12:24:57.9700000
AW00012042,United States,2026-07-13 12:24:57.9700000
AW00012043,United States,2026-07-13 12:24:57.9700000
AW00012044,United States,2026-07-13 12:24:57.9700000
AW00012045,United States,2026-07-13 12:24:57.9700000
AW00012046,United States,2026-07-13 12:24:57.9700000
AW00012047,United States,2026-07-13 12:24:57.9700000
AW00012048,United States,2026-07-13 12:24:57.9700000
AW00012049,United States,2026-07-13 12:24:57.9700000
AW00012050,United States,2026-07-13 12:24:57.9700000
AW00012051,United States,2026-07-13 12:24:57.9700000
AW00012052,United States,2026-07-13 12:24:57.9700000
AW00012053,United States,2026-07-13 12:24:57.9700000
AW00012054,Canada,2026-07-13 12:24:57.9700000
AW00012055,Canada,2026-07-13 12:24:57.9700000
AW00012056,Canada,2026-07-13 12:24:57.9700000
AW00012057,United States,2026-07-13 12:24:57.9700000
AW00012058,United States,2026-07-13 12:24:57.9700000
AW00012059,United States,2026-07-13 12:24:57.9700000
AW00012060,Canada,2026-07-13 12:24:57.9700000
AW00012061,Canada,2026-07-13 12:24:57.9700000
AW00012062,United States,2026-07-13 12:24:57.9700000
AW00012063,United States,2026-07-13 12:24:57.9700000
AW00012064,United States,2026-07-13 12:24:57.9700000
AW00012065,United States,2026-07-13 12:24:57.9700000
AW00012066,United States,2026-07-13 12:24:57.9700000
AW00012067,United States,2026-07-13 12:24:57.9700000
AW00012068,United States,2026-07-13 12:24:57.9700000
AW00012069,United States,2026-07-13 12:24:57.9700000
AW00012070,United States,2026-07-13 12:24:57.9700000
AW00012071,United States,2026-07-13 12:24:57.9700000
AW00012072,United States,2026-07-13 12:24:57.9700000
AW00012073,United States,2026-07-13 12:24:57.9700000
AW00012074,Canada,2026-07-13 12:24:57.9700000
AW00012075,United States,2026-07-13 12:24:57.9700000
AW00012076,United States,2026-07-13 12:24:57.9700000
AW00012077,Canada,2026-07-13 12:24:57.9700000
AW00012078,United States,2026-07-13 12:24:57.9700000
AW00012079,United States,2026-07-13 12:24:57.9700000
AW00012080,Canada,2026-07-13 12:24:57.9700000
AW00012081,Canada,2026-07-13 12:24:57.9700000
AW00012082,United States,2026-07-13 12:24:57.9700000
AW00012083,United States,2026-07-13 12:24:57.9700000
AW00012084,United States,2026-07-13 12:24:57.9700000
AW00012085,United States,2026-07-13 12:24:57.9700000
AW00012086,Canada,2026-07-13 12:24:57.9700000
AW00012087,United States,2026-07-13 12:24:57.9700000
AW00012088,United States,2026-07-13 12:24:57.9700000
AW00012089,Canada,2026-07-13 12:24:57.9700000
AW00012090,Canada,2026-07-13 12:24:57.9700000
AW00012091,United States,2026-07-13 12:24:57.9700000
AW00012092,United States,2026-07-13 12:24:57.9700000
AW00012093,United States,2026-07-13 12:24:57.9700000
AW00012094,United States,2026-07-13 12:24:57.9700000
AW00012095,United States,2026-07-13 12:24:57.9700000
AW00012096,United States,2026-07-13 12:24:57.9700000
AW00012097,Canada,2026-07-13 12:24:57.9700000
AW00012098,United States,2026-07-13 12:24:57.9700000
AW00012099,United States,2026-07-13 12:24:57.9700000
AW00012100,United States,2026-07-13 12:24:57.9700000
AW00012101,United States,2026-07-13 12:24:57.9700000
AW00012102,United States,2026-07-13 12:24:57.9700000
AW00012103,United States,2026-07-13 12:24:57.9700000
AW00012104,United States,2026-07-13 12:24:57.9700000
AW00012105,United States,2026-07-13 12:24:57.9700000
AW00012106,Canada,2026-07-13 12:24:57.9700000
AW00012107,Canada,2026-07-13 12:24:57.9700000
AW00012108,United States,2026-07-13 12:24:57.9700000
AW00012109,United States,2026-07-13 12:24:57.9700000
AW00012110,United States,2026-07-13 12:24:57.9700000
AW00012111,United States,2026-07-13 12:24:57.9700000
AW00012112,United States,2026-07-13 12:24:57.9700000
AW00012113,Canada,2026-07-13 12:24:57.9700000
AW00012114,Canada,2026-07-13 12:24:57.9700000
AW00012115,United States,2026-07-13 12:24:57.9700000
AW00012116,United States,2026-07-13 12:24:57.9700000
AW00012117,United States,2026-07-13 12:24:57.9700000
AW00012118,United States,2026-07-13 12:24:57.9700000
AW00012119,United States,2026-07-13 12:24:57.9700000
AW00012120,United States,2026-07-13 12:24:57.9700000
AW00012121,United States,2026-07-13 12:24:57.9700000
AW00012122,Canada,2026-07-13 12:24:57.9700000
AW00012123,United Kingdom,2026-07-13 12:24:57.9700000
AW00012124,France,2026-07-13 12:24:57.9700000
AW00012125,Germany,2026-07-13 12:24:57.9700000
AW00012126,United Kingdom,2026-07-13 12:24:57.9700000
AW00012127,France,2026-07-13 12:24:57.9700000
AW00012128,Germany,2026-07-13 12:24:57.9700000
AW00012129,Germany,2026-07-13 12:24:57.9700000
AW00012130,Germany,2026-07-13 12:24:57.9700000
AW00012131,France,2026-07-13 12:24:57.9700000
AW00012132,France,2026-07-13 12:24:57.9700000
AW00012133,United Kingdom,2026-07-13 12:24:57.9700000
AW00012134,United Kingdom,2026-07-13 12:24:57.9700000
AW00012135,United States,2026-07-13 12:24:57.9700000
AW00012136,Canada,2026-07-13 12:24:57.9700000
AW00012137,United States,2026-07-13 12:24:57.9700000
AW00012138,United States,2026-07-13 12:24:57.9700000
AW00012139,United States,2026-07-13 12:24:57.9700000
AW00012140,Canada,2026-07-13 12:24:57.9700000
AW00012141,United States,2026-07-13 12:24:57.9700000
AW00012142,United States,2026-07-13 12:24:57.9700000
AW00012143,United States,2026-07-13 12:24:57.9700000
AW00012144,United States,2026-07-13 12:24:57.9700000
AW00012145,United States,2026-07-13 12:24:57.9700000
AW00012146,United States,2026-07-13 12:24:57.9700000
AW00012147,Canada,2026-07-13 12:24:57.9700000
AW00012148,United States,2026-07-13 12:24:57.9700000
AW00012149,United States,2026-07-13 12:24:57.9700000
AW00012150,United States,2026-07-13 12:24:57.9700000
AW00012151,United States,2026-07-13 12:24:57.9700000
AW00012152,United States,2026-07-13 12:24:57.9700000
AW00012153,United States,2026-07-13 12:24:57.9700000
AW00012154,Canada,2026-07-13 12:24:57.9700000
AW00012155,United States,2026-07-13 12:24:57.9700000
AW00012156,United States,2026-07-13 12:24:57.9700000
AW00012157,United States,2026-07-13 12:24:57.9700000
AW00012158,Canada,2026-07-13 12:24:57.9700000
AW00012159,Canada,2026-07-13 12:24:57.9700000
AW00012160,United States,2026-07-13 12:24:57.9700000
AW00012161,United States,2026-07-13 12:24:57.9700000
AW00012162,United States,2026-07-13 12:24:57.9700000
AW00012163,United States,2026-07-13 12:24:57.9700000
AW00012164,United States,2026-07-13 12:24:57.9700000
AW00012165,Canada,2026-07-13 12:24:57.9700000
AW00012166,Canada,2026-07-13 12:24:57.9700000
AW00012167,United States,2026-07-13 12:24:57.9700000
AW00012168,United States,2026-07-13 12:24:57.9700000
AW00012169,United States,2026-07-13 12:24:57.9700000
AW00012170,United States,2026-07-13 12:24:57.9700000
AW00012171,United States,2026-07-13 12:24:57.9700000
AW00012172,United States,2026-07-13 12:24:57.9700000
AW00012173,United States,2026-07-13 12:24:57.9700000
AW00012174,United States,2026-07-13 12:24:57.9700000
AW00012175,United States,2026-07-13 12:24:57.9700000
AW00012176,United States,2026-07-13 12:24:57.9700000
AW00012177,Canada,2026-07-13 12:24:57.9700000
AW00012178,United States,2026-07-13 12:24:57.9700000
AW00012179,United States,2026-07-13 12:24:57.9700000
AW00012180,United States,2026-07-13 12:24:57.9700000
AW00012181,United States,2026-07-13 12:24:57.9700000
AW00012182,Canada,2026-07-13 12:24:57.9700000
AW00012183,Canada,2026-07-13 12:24:57.9700000
AW00012184,United States,2026-07-13 12:24:57.9700000
AW00012185,United States,2026-07-13 12:24:57.9700000
AW00012186,United States,2026-07-13 12:24:57.9700000
AW00012187,United States,2026-07-13 12:24:57.9700000
AW00012188,United States,2026-07-13 12:24:57.9700000
AW00012189,United States,2026-07-13 12:24:57.9700000
AW00012190,United States,2026-07-13 12:24:57.9700000
AW00012191,United States,2026-07-13 12:24:57.9700000
AW00012192,United States,2026-07-13 12:24:57.9700000
AW00012193,Canada,2026-07-13 12:24:57.9700000
AW00012194,United States,2026-07-13 12:24:57.9700000
AW00012195,United States,2026-07-13 12:24:57.9700000
AW00012196,Canada,2026-07-13 12:24:57.9700000
AW00012197,United States,2026-07-13 12:24:57.9700000
AW00012198,United States,2026-07-13 12:24:57.9700000
AW00012199,United States,2026-07-13 12:24:57.9700000
AW00012200,United States,2026-07-13 12:24:57.9700000
AW00012201,United States,2026-07-13 12:24:57.9700000
AW00012202,Canada,2026-07-13 12:24:57.9700000
AW00012203,Canada,2026-07-13 12:24:57.9700000
AW00012204,United States,2026-07-13 12:24:57.9700000
AW00012205,United States,2026-07-13 12:24:57.9700000
AW00012206,United States,2026-07-13 12:24:57.9700000
AW00012207,United States,2026-07-13 12:24:57.9700000
AW00012208,United States,2026-07-13 12:24:57.9700000
AW00012209,United States,2026-07-13 12:24:57.9700000
AW00012210,United Kingdom,2026-07-13 12:24:57.9700000
AW00012211,France,2026-07-13 12:24:57.9700000
AW00012212,France,2026-07-13 12:24:57.9700000
AW00012213,Germany,2026-07-13 12:24:57.9700000
AW00012214,United Kingdom,2026-07-13 12:24:57.9700000
AW00012215,United Kingdom,2026-07-13 12:24:57.9700000
AW00012216,United Kingdom,2026-07-13 12:24:57.9700000
AW00012217,France,2026-07-13 12:24:57.9700000
AW00012218,Germany,2026-07-13 12:24:57.9700000
AW00012219,France,2026-07-13 12:24:57.9700000
AW00012220,France,2026-07-13 12:24:57.9700000
AW00012221,France,2026-07-13 12:24:57.9700000
AW00012222,United Kingdom,2026-07-13 12:24:57.9700000
AW00012223,Germany,2026-07-13 12:24:57.9700000
AW00012224,United Kingdom,2026-07-13 12:24:57.9700000
AW00012225,Germany,2026-07-13 12:24:57.9700000
AW00012226,Germany,2026-07-13 12:24:57.9700000
AW00012227,United Kingdom,2026-07-13 12:24:57.9700000
AW00012228,Germany,2026-07-13 12:24:57.9700000
AW00012229,Germany,2026-07-13 12:24:57.9700000
AW00012230,Germany,2026-07-13 12:24:57.9700000
AW00012231,Germany,2026-07-13 12:24:57.9700000
AW00012232,Germany,2026-07-13 12:24:57.9700000
AW00012233,United Kingdom,2026-07-13 12:24:57.9700000
AW00012234,France,2026-07-13 12:24:57.9700000
AW00012235,United Kingdom,2026-07-13 12:24:57.9700000
AW00012236,Germany,2026-07-13 12:24:57.9700000
AW00012237,Germany,2026-07-13 12:24:57.9700000
AW00012238,Germany,2026-07-13 12:24:57.9700000
AW00012239,United Kingdom,2026-07-13 12:24:57.9700000
AW00012240,Australia,2026-07-13 12:24:57.9700000
AW00012241,Australia,2026-07-13 12:24:57.9700000
AW00012242,Australia,2026-07-13 12:24:57.9700000
AW00012243,Australia,2026-07-13 12:24:57.9700000
AW00012244,Australia,2026-07-13 12:24:57.9700000
AW00012245,Australia,2026-07-13 12:24:57.9700000
AW00012246,Australia,2026-07-13 12:24:57.9700000
AW00012247,Australia,2026-07-13 12:24:57.9700000
AW00012248,Australia,2026-07-13 12:24:57.9700000
AW00012249,Australia,2026-07-13 12:24:57.9700000
AW00012250,Australia,2026-07-13 12:24:57.9700000
AW00012251,Australia,2026-07-13 12:24:57.9700000
AW00012252,Australia,2026-07-13 12:24:57.9700000
AW00012253,Australia,2026-07-13 12:24:57.9700000
AW00012254,France,2026-07-13 12:24:57.9700000
AW00012255,France,2026-07-13 12:24:57.9700000
AW00012256,France,2026-07-13 12:24:57.9700000
AW00012257,Germany,2026-07-13 12:24:57.9700000
AW00012258,Germany,2026-07-13 12:24:57.9700000
AW00012259,United Kingdom,2026-07-13 12:24:57.9700000
AW00012260,United Kingdom,2026-07-13 12:24:57.9700000
AW00012261,France,2026-07-13 12:24:57.9700000
AW00012262,United Kingdom,2026-07-13 12:24:57.9700000
AW00012263,United Kingdom,2026-07-13 12:24:57.9700000
AW00012264,United Kingdom,2026-07-13 12:24:57.9700000
AW00012265,France,2026-07-13 12:24:57.9700000
AW00012266,Germany,2026-07-13 12:24:57.9700000
AW00012267,France,2026-07-13 12:24:57.9700000
AW00012268,Germany,2026-07-13 12:24:57.9700000
AW00012269,France,2026-07-13 12:24:57.9700000
AW00012270,Germany,2026-07-13 12:24:57.9700000
AW00012271,United Kingdom,2026-07-13 12:24:57.9700000
AW00012272,United Kingdom,2026-07-13 12:24:57.9700000
AW00012273,Germany,2026-07-13 12:24:57.9700000
AW00012274,France,2026-07-13 12:24:57.9700000
AW00012275,Germany,2026-07-13 12:24:57.9700000
AW00012276,Germany,2026-07-13 12:24:57.9700000
AW00012277,United Kingdom,2026-07-13 12:24:57.9700000
AW00012278,Germany,2026-07-13 12:24:57.9700000
AW00012279,France,2026-07-13 12:24:57.9700000
AW00012280,France,2026-07-13 12:24:57.9700000
AW00012281,United Kingdom,2026-07-13 12:24:57.9700000
AW00012282,United Kingdom,2026-07-13 12:24:57.9700000
AW00012283,United Kingdom,2026-07-13 12:24:57.9700000
AW00012284,United Kingdom,2026-07-13 12:24:57.9700000
AW00012285,France,2026-07-13 12:24:57.9700000
AW00012286,United Kingdom,2026-07-13 12:24:57.9700000
AW00012287,United Kingdom,2026-07-13 12:24:57.9700000
AW00012288,United Kingdom,2026-07-13 12:24:57.9700000
AW00012289,United Kingdom,2026-07-13 12:24:57.9700000
AW00012290,France,2026-07-13 12:24:57.9700000
AW00012291,Germany,2026-07-13 12:24:57.9700000
AW00012292,United Kingdom,2026-07-13 12:24:57.9700000
AW00012293,United Kingdom,2026-07-13 12:24:57.9700000
AW00012294,United Kingdom,2026-07-13 12:24:57.9700000
AW00012295,France,2026-07-13 12:24:57.9700000
AW00012296,France,2026-07-13 12:24:57.9700000
AW00012297,Germany,2026-07-13 12:24:57.9700000
AW00012298,Germany,2026-07-13 12:24:57.9700000
AW00012299,United Kingdom,2026-07-13 12:24:57.9700000
AW00012300,France,2026-07-13 12:24:57.9700000
AW00012301,France,2026-07-13 12:24:57.9700000
AW00012302,Germany,2026-07-13 12:24:57.9700000
AW00012303,United Kingdom,2026-07-13 12:24:57.9700000
AW00012304,United Kingdom,2026-07-13 12:24:57.9700000
AW00012305,United Kingdom,2026-07-13 12:24:57.9700000
AW00012306,Germany,2026-07-13 12:24:57.9700000
AW00012307,France,2026-07-13 12:24:57.9700000
AW00012308,France,2026-07-13 12:24:57.9700000
AW00012309,United Kingdom,2026-07-13 12:24:57.9700000
AW00012310,United Kingdom,2026-07-13 12:24:57.9700000
AW00012311,United Kingdom,2026-07-13 12:24:57.9700000
AW00012312,France,2026-07-13 12:24:57.9700000
AW00012313,France,2026-07-13 12:24:57.9700000
AW00012314,Germany,2026-07-13 12:24:57.9700000
AW00012315,United Kingdom,2026-07-13 12:24:57.9700000
AW00012316,United Kingdom,2026-07-13 12:24:57.9700000
AW00012317,United Kingdom,2026-07-13 12:24:57.9700000
AW00012318,United Kingdom,2026-07-13 12:24:57.9700000
AW00012319,Germany,2026-07-13 12:24:57.9700000
AW00012320,United Kingdom,2026-07-13 12:24:57.9700000
AW00012321,France,2026-07-13 12:24:57.9700000
AW00012322,France,2026-07-13 12:24:57.9700000
AW00012323,France,2026-07-13 12:24:57.9700000
AW00012324,Germany,2026-07-13 12:24:57.9700000
AW00012325,United Kingdom,2026-07-13 12:24:57.9700000
AW00012326,United Kingdom,2026-07-13 12:24:57.9700000
AW00012327,Germany,2026-07-13 12:24:57.9700000
AW00012328,United Kingdom,2026-07-13 12:24:57.9700000
AW00012329,United Kingdom,2026-07-13 12:24:57.9700000
AW00012330,Germany,2026-07-13 12:24:57.9700000
AW00012331,France,2026-07-13 12:24:57.9700000
AW00012332,France,2026-07-13 12:24:57.9700000
AW00012333,France,2026-07-13 12:24:57.9700000
AW00012334,United Kingdom,2026-07-13 12:24:57.9700000
AW00012335,United Kingdom,2026-07-13 12:24:57.9700000
AW00012336,United Kingdom,2026-07-13 12:24:57.9700000
AW00012337,Australia,2026-07-13 12:24:57.9700000
AW00012338,Australia,2026-07-13 12:24:57.9700000
AW00012339,Australia,2026-07-13 12:24:57.9700000
AW00012340,Australia,2026-07-13 12:24:57.9700000
AW00012341,Australia,2026-07-13 12:24:57.9700000
AW00012342,Australia,2026-07-13 12:24:57.9700000
AW00012343,Australia,2026-07-13 12:24:57.9700000
AW00012344,Australia,2026-07-13 12:24:57.9700000
AW00012345,Australia,2026-07-13 12:24:57.9700000
AW00012346,Australia,2026-07-13 12:24:57.9700000
AW00012347,Australia,2026-07-13 12:24:57.9700000
AW00012348,Australia,2026-07-13 12:24:57.9700000
AW00012349,Australia,2026-07-13 12:24:57.9700000
AW00012350,Australia,2026-07-13 12:24:57.9700000
AW00012351,Australia,2026-07-13 12:24:57.9700000
AW00012352,Australia,2026-07-13 12:24:57.9700000
AW00012353,Australia,2026-07-13 12:24:57.9700000
AW00012354,Australia,2026-07-13 12:24:57.9700000
AW00012355,Australia,2026-07-13 12:24:57.9700000
AW00012356,Australia,2026-07-13 12:24:57.9700000
AW00012357,Australia,2026-07-13 12:24:57.9700000
AW00012358,Australia,2026-07-13 12:24:57.9700000
AW00012359,Australia,2026-07-13 12:24:57.9700000
AW00012360,Australia,2026-07-13 12:24:57.9700000
AW00012361,Australia,2026-07-13 12:24:57.9700000
AW00012362,United States,2026-07-13 12:24:57.9700000
AW00012363,Canada,2026-07-13 12:24:57.9700000
AW00012364,United States,2026-07-13 12:24:57.9700000
AW00012365,United States,2026-07-13 12:24:57.9700000
AW00012366,United States,2026-07-13 12:24:57.9700000
AW00012367,United Kingdom,2026-07-13 12:24:57.9700000
AW00012368,France,2026-07-13 12:24:57.9700000
AW00012369,Australia,2026-07-13 12:24:57.9700000
AW00012370,Australia,2026-07-13 12:24:57.9700000
AW00012371,Australia,2026-07-13 12:24:57.9700000
AW00012372,Australia,2026-07-13 12:24:57.9700000
AW00012373,France,2026-07-13 12:24:57.9700000
AW00012374,France,2026-07-13 12:24:57.9700000
AW00012375,France,2026-07-13 12:24:57.9700000
AW00012376,United Kingdom,2026-07-13 12:24:57.9700000
AW00012377,Germany,2026-07-13 12:24:57.9700000
AW00012378,Germany,2026-07-13 12:24:57.9700000
AW00012379,Germany,2026-07-13 12:24:57.9700000
AW00012380,United Kingdom,2026-07-13 12:24:57.9700000
AW00012381,United Kingdom,2026-07-13 12:24:57.9700000
AW00012382,United Kingdom,2026-07-13 12:24:57.9700000
AW00012383,France,2026-07-13 12:24:57.9700000
AW00012384,Germany,2026-07-13 12:24:57.9700000
AW00012385,United Kingdom,2026-07-13 12:24:57.9700000
AW00012386,Germany,2026-07-13 12:24:57.9700000
AW00012387,France,2026-07-13 12:24:57.9700000
AW00012388,Germany,2026-07-13 12:24:57.9700000
AW00012389,France,2026-07-13 12:24:57.9700000
AW00012390,Germany,2026-07-13 12:24:57.9700000
AW00012391,United Kingdom,2026-07-13 12:24:57.9700000
AW00012392,United Kingdom,2026-07-13 12:24:57.9700000
AW00012393,France,2026-07-13 12:24:57.9700000
AW00012394,United Kingdom,2026-07-13 12:24:57.9700000
AW00012395,France,2026-07-13 12:24:57.9700000
AW00012396,Germany,2026-07-13 12:24:57.9700000
AW00012397,Germany,2026-07-13 12:24:57.9700000
AW00012398,France,2026-07-13 12:24:57.9700000
AW00012399,Germany,2026-07-13 12:24:57.9700000
AW00012400,Germany,2026-07-13 12:24:57.9700000
AW00012401,Germany,2026-07-13 12:24:57.9700000
AW00012402,United Kingdom,2026-07-13 12:24:57.9700000
AW00012403,United Kingdom,2026-07-13 12:24:57.9700000
AW00012404,United Kingdom,2026-07-13 12:24:57.9700000
AW00012405,United Kingdom,2026-07-13 12:24:57.9700000
AW00012406,Germany,2026-07-13 12:24:57.9700000
AW00012407,Germany,2026-07-13 12:24:57.9700000
AW00012408,Germany,2026-07-13 12:24:57.9700000
AW00012409,United States,2026-07-13 12:24:57.9700000
AW00012410,United States,2026-07-13 12:24:57.9700000
AW00012411,United States,2026-07-13 12:24:57.9700000
AW00012412,United States,2026-07-13 12:24:57.9700000
AW00012413,United States,2026-07-13 12:24:57.9700000
AW00012414,United States,2026-07-13 12:24:57.9700000
AW00012415,United States,2026-07-13 12:24:57.9700000
AW00012416,United States,2026-07-13 12:24:57.9700000
AW00012417,United States,2026-07-13 12:24:57.9700000
AW00012418,United States,2026-07-13 12:24:57.9700000
AW00012419,United States,2026-07-13 12:24:57.9700000
AW00012420,United States,2026-07-13 12:24:57.9700000
AW00012421,United States,2026-07-13 12:24:57.9700000
AW00012422,United States,2026-07-13 12:24:57.9700000
AW00012423,United States,2026-07-13 12:24:57.9700000
AW00012424,United States,2026-07-13 12:24:57.9700000
AW00012425,United States,2026-07-13 12:24:57.9700000
AW00012426,United States,2026-07-13 12:24:57.9700000
AW00012427,United States,2026-07-13 12:24:57.9700000
AW00012428,United States,2026-07-13 12:24:57.9700000
AW00012429,United States,2026-07-13 12:24:57.9700000
AW00012430,Canada,2026-07-13 12:24:57.9700000
AW00012431,Canada,2026-07-13 12:24:57.9700000
AW00012432,United States,2026-07-13 12:24:57.9700000
AW00012433,United States,2026-07-13 12:24:57.9700000
AW00012434,United States,2026-07-13 12:24:57.9700000
AW00012435,United States,2026-07-13 12:24:57.9700000
AW00012436,United States,2026-07-13 12:24:57.9700000
AW00012437,United States,2026-07-13 12:24:57.9700000
AW00012438,United States,2026-07-13 12:24:57.9700000
AW00012439,United States,2026-07-13 12:24:57.9700000
AW00012440,United States,2026-07-13 12:24:57.9700000
AW00012441,United States,2026-07-13 12:24:57.9700000
AW00012442,United States,2026-07-13 12:24:57.9700000
AW00012443,United States,2026-07-13 12:24:57.9700000
AW00012444,Canada,2026-07-13 12:24:57.9700000
AW00012445,United States,2026-07-13 12:24:57.9700000
AW00012446,United States,2026-07-13 12:24:57.9700000
AW00012447,Canada,2026-07-13 12:24:57.9700000
AW00012448,United States,2026-07-13 12:24:57.9700000
AW00012449,Canada,2026-07-13 12:24:57.9700000
AW00012450,United States,2026-07-13 12:24:57.9700000
AW00012451,Canada,2026-07-13 12:24:57.9700000
AW00012452,United States,2026-07-13 12:24:57.9700000
AW00012453,United States,2026-07-13 12:24:57.9700000
AW00012454,United States,2026-07-13 12:24:57.9700000
AW00012455,United States,2026-07-13 12:24:57.9700000
AW00012456,United States,2026-07-13 12:24:57.9700000
AW00012457,United States,2026-07-13 12:24:57.9700000
AW00012458,Germany,2026-07-13 12:24:57.9700000
AW00012459,United Kingdom,2026-07-13 12:24:57.9700000
AW00012460,United Kingdom,2026-07-13 12:24:57.9700000
AW00012461,Germany,2026-07-13 12:24:57.9700000
AW00012462,Germany,2026-07-13 12:24:57.9700000
AW00012463,United Kingdom,2026-07-13 12:24:57.9700000
AW00012464,France,2026-07-13 12:24:57.9700000
AW00012465,United Kingdom,2026-07-13 12:24:57.9700000
AW00012466,France,2026-07-13 12:24:57.9700000
AW00012467,France,2026-07-13 12:24:57.9700000
AW00012468,France,2026-07-13 12:24:57.9700000
AW00012469,Germany,2026-07-13 12:24:57.9700000
AW00012470,Germany,2026-07-13 12:24:57.9700000
AW00012471,Germany,2026-07-13 12:24:57.9700000
AW00012472,France,2026-07-13 12:24:57.9700000
AW00012473,United Kingdom,2026-07-13 12:24:57.9700000
AW00012474,France,2026-07-13 12:24:57.9700000
AW00012475,Germany,2026-07-13 12:24:57.9700000
AW00012476,United Kingdom,2026-07-13 12:24:57.9700000
AW00012477,France,2026-07-13 12:24:57.9700000
AW00012478,Germany,2026-07-13 12:24:57.9700000
AW00012479,Germany,2026-07-13 12:24:57.9700000
AW00012480,France,2026-07-13 12:24:57.9700000
AW00012481,Germany,2026-07-13 12:24:57.9700000
AW00012482,France,2026-07-13 12:24:57.9700000
AW00012483,France,2026-07-13 12:24:57.9700000
AW00012484,Germany,2026-07-13 12:24:57.9700000
AW00012485,France,2026-07-13 12:24:57.9700000
AW00012486,United Kingdom,2026-07-13 12:24:57.9700000
AW00012487,Germany,2026-07-13 12:24:57.9700000
AW00012488,France,2026-07-13 12:24:57.9700000
AW00012489,France,2026-07-13 12:24:57.9700000
AW00012490,France,2026-07-13 12:24:57.9700000
AW00012491,United Kingdom,2026-07-13 12:24:57.9700000
AW00012492,United Kingdom,2026-07-13 12:24:57.9700000
AW00012493,Germany,2026-07-13 12:24:57.9700000
AW00012494,France,2026-07-13 12:24:57.9700000
AW00012495,Germany,2026-07-13 12:24:57.9700000
AW00012496,United Kingdom,2026-07-13 12:24:57.9700000
AW00012497,Germany,2026-07-13 12:24:57.9700000
AW00012498,Germany,2026-07-13 12:24:57.9700000
AW00012499,Germany,2026-07-13 12:24:57.9700000
AW00012500,Germany,2026-07-13 12:24:57.9700000
AW00012501,Germany,2026-07-13 12:24:57.9700000
AW00012502,United Kingdom,2026-07-13 12:24:57.9700000
AW00012503,United Kingdom,2026-07-13 12:24:57.9700000
AW00012504,United Kingdom,2026-07-13 12:24:57.9700000
AW00012505,United Kingdom,2026-07-13 12:24:57.9700000
AW00012506,United Kingdom,2026-07-13 12:24:57.9700000
AW00012507,Germany,2026-07-13 12:24:57.9700000
AW00012508,United Kingdom,2026-07-13 12:24:57.9700000
AW00012509,France,2026-07-13 12:24:57.9700000
AW00012510,France,2026-07-13 12:24:57.9700000
AW00012511,France,2026-07-13 12:24:57.9700000
AW00012512,Germany,2026-07-13 12:24:57.9700000
AW00012513,United Kingdom,2026-07-13 12:24:57.9700000
AW00012514,France,2026-07-13 12:24:57.9700000
AW00012515,France,2026-07-13 12:24:57.9700000
AW00012516,Germany,2026-07-13 12:24:57.9700000
AW00012517,Germany,2026-07-13 12:24:57.9700000
AW00012518,Germany,2026-07-13 12:24:57.9700000
AW00012519,United Kingdom,2026-07-13 12:24:57.9700000
AW00012520,France,2026-07-13 12:24:57.9700000
AW00012521,Germany,2026-07-13 12:24:57.9700000
AW00012522,France,2026-07-13 12:24:57.9700000
AW00012523,France,2026-07-13 12:24:57.9700000
AW00012524,France,2026-07-13 12:24:57.9700000
AW00012525,United Kingdom,2026-07-13 12:24:57.9700000
AW00012526,United Kingdom,2026-07-13 12:24:57.9700000
AW00012527,United States,2026-07-13 12:24:57.9700000
AW00012528,United States,2026-07-13 12:24:57.9700000
AW00012529,United States,2026-07-13 12:24:57.9700000
AW00012530,Canada,2026-07-13 12:24:57.9700000
AW00012531,United States,2026-07-13 12:24:57.9700000
AW00012532,Canada,2026-07-13 12:24:57.9700000
AW00012533,United States,2026-07-13 12:24:57.9700000
AW00012534,France,2026-07-13 12:24:57.9700000
AW00012535,Germany,2026-07-13 12:24:57.9700000
AW00012536,Germany,2026-07-13 12:24:57.9700000
AW00012537,France,2026-07-13 12:24:57.9700000
AW00012538,Germany,2026-07-13 12:24:57.9700000
AW00012539,France,2026-07-13 12:24:57.9700000
AW00012540,United Kingdom,2026-07-13 12:24:57.9700000
AW00012541,France,2026-07-13 12:24:57.9700000
AW00012542,France,2026-07-13 12:24:57.9700000
AW00012543,France,2026-07-13 12:24:57.9700000
AW00012544,Germany,2026-07-13 12:24:57.9700000
AW00012545,United Kingdom,2026-07-13 12:24:57.9700000
AW00012546,Germany,2026-07-13 12:24:57.9700000
AW00012547,France,2026-07-13 12:24:57.9700000
AW00012548,Germany,2026-07-13 12:24:57.9700000
AW00012549,France,2026-07-13 12:24:57.9700000
AW00012550,United Kingdom,2026-07-13 12:24:57.9700000
AW00012551,United Kingdom,2026-07-13 12:24:57.9700000
AW00012552,France,2026-07-13 12:24:57.9700000
AW00012553,France,2026-07-13 12:24:57.9700000
AW00012554,United Kingdom,2026-07-13 12:24:57.9700000
AW00012555,France,2026-07-13 12:24:57.9700000
AW00012556,Germany,2026-07-13 12:24:57.9700000
AW00012557,France,2026-07-13 12:24:57.9700000
AW00012558,Germany,2026-07-13 12:24:57.9700000
AW00012559,United Kingdom,2026-07-13 12:24:57.9700000
AW00012560,United Kingdom,2026-07-13 12:24:57.9700000
AW00012561,France,2026-07-13 12:24:57.9700000
AW00012562,France,2026-07-13 12:24:57.9700000
AW00012563,United Kingdom,2026-07-13 12:24:57.9700000
AW00012564,United Kingdom,2026-07-13 12:24:57.9700000
AW00012565,France,2026-07-13 12:24:57.9700000
AW00012566,United Kingdom,2026-07-13 12:24:57.9700000
AW00012567,United Kingdom,2026-07-13 12:24:57.9700000
AW00012568,United Kingdom,2026-07-13 12:24:57.9700000
AW00012569,United Kingdom,2026-07-13 12:24:57.9700000
AW00012570,Australia,2026-07-13 12:24:57.9700000
AW00012571,Australia,2026-07-13 12:24:57.9700000
AW00012572,Australia,2026-07-13 12:24:57.9700000
AW00012573,Australia,2026-07-13 12:24:57.9700000
AW00012574,Australia,2026-07-13 12:24:57.9700000
AW00012575,Australia,2026-07-13 12:24:57.9700000
AW00012576,Australia,2026-07-13 12:24:57.9700000
AW00012577,Australia,2026-07-13 12:24:57.9700000
AW00012578,Australia,2026-07-13 12:24:57.9700000
AW00012579,Australia,2026-07-13 12:24:57.9700000
AW00012580,Australia,2026-07-13 12:24:57.9700000
AW00012581,Australia,2026-07-13 12:24:57.9700000
AW00012582,Australia,2026-07-13 12:24:57.9700000
AW00012583,Australia,2026-07-13 12:24:57.9700000
AW00012584,Australia,2026-07-13 12:24:57.9700000
AW00012585,Australia,2026-07-13 12:24:57.9700000
AW00012586,Australia,2026-07-13 12:24:57.9700000
AW00012587,Australia,2026-07-13 12:24:57.9700000
AW00012588,Australia,2026-07-13 12:24:57.9700000
AW00012589,Australia,2026-07-13 12:24:57.9700000
AW00012590,United Kingdom,2026-07-13 12:24:57.9700000
AW00012591,Germany,2026-07-13 12:24:57.9700000
AW00012592,United Kingdom,2026-07-13 12:24:57.9700000
AW00012593,United Kingdom,2026-07-13 12:24:57.9700000
AW00012594,United Kingdom,2026-07-13 12:24:57.9700000
AW00012595,United Kingdom,2026-07-13 12:24:57.9700000
AW00012596,United Kingdom,2026-07-13 12:24:57.9700000
AW00012597,United Kingdom,2026-07-13 12:24:57.9700000
AW00012598,United Kingdom,2026-07-13 12:24:57.9700000
AW00012599,United Kingdom,2026-07-13 12:24:57.9700000
AW00012600,Germany,2026-07-13 12:24:57.9700000
AW00012601,United Kingdom,2026-07-13 12:24:57.9700000
AW00012602,United Kingdom,2026-07-13 12:24:57.9700000
AW00012603,United Kingdom,2026-07-13 12:24:57.9700000
AW00012604,Germany,2026-07-13 12:24:57.9700000
AW00012605,Germany,2026-07-13 12:24:57.9700000
AW00012606,France,2026-07-13 12:24:57.9700000
AW00012607,France,2026-07-13 12:24:57.9700000
AW00012608,United Kingdom,2026-07-13 12:24:57.9700000
AW00012609,United Kingdom,2026-07-13 12:24:57.9700000
AW00012610,United Kingdom,2026-07-13 12:24:57.9700000
AW00012611,United Kingdom,2026-07-13 12:24:57.9700000
AW00012612,United Kingdom,2026-07-13 12:24:57.9700000
AW00012613,France,2026-07-13 12:24:57.9700000
AW00012614,France,2026-07-13 12:24:57.9700000
AW00012615,United Kingdom,2026-07-13 12:24:57.9700000
AW00012616,Germany,2026-07-13 12:24:57.9700000
AW00012617,Germany,2026-07-13 12:24:57.9700000
AW00012618,France,2026-07-13 12:24:57.9700000
AW00012619,United Kingdom,2026-07-13 12:24:57.9700000
AW00012620,France,2026-07-13 12:24:57.9700000
AW00012621,France,2026-07-13 12:24:57.9700000
AW00012622,United Kingdom,2026-07-13 12:24:57.9700000
AW00012623,United Kingdom,2026-07-13 12:24:57.9700000
AW00012624,Germany,2026-07-13 12:24:57.9700000
AW00012625,France,2026-07-13 12:24:57.9700000
AW00012626,United Kingdom,2026-07-13 12:24:57.9700000
AW00012627,United Kingdom,2026-07-13 12:24:57.9700000
AW00012628,France,2026-07-13 12:24:57.9700000
AW00012629,Germany,2026-07-13 12:24:57.9700000
AW00012630,United Kingdom,2026-07-13 12:24:57.9700000
AW00012631,France,2026-07-13 12:24:57.9700000
AW00012632,France,2026-07-13 12:24:57.9700000
AW00012633,United Kingdom,2026-07-13 12:24:57.9700000
AW00012634,United Kingdom,2026-07-13 12:24:57.9700000
AW00012635,France,2026-07-13 12:24:57.9700000
AW00012636,Germany,2026-07-13 12:24:57.9700000
AW00012637,United Kingdom,2026-07-13 12:24:57.9700000
AW00012638,Germany,2026-07-13 12:24:57.9700000
AW00012639,France,2026-07-13 12:24:57.9700000
AW00012640,United Kingdom,2026-07-13 12:24:57.9700000
AW00012641,France,2026-07-13 12:24:57.9700000
AW00012642,France,2026-07-13 12:24:57.9700000
AW00012643,Germany,2026-07-13 12:24:57.9700000
AW00012644,United Kingdom,2026-07-13 12:24:57.9700000
AW00012645,United Kingdom,2026-07-13 12:24:57.9700000
AW00012646,Germany,2026-07-13 12:24:57.9700000
AW00012647,United Kingdom,2026-07-13 12:24:57.9700000
AW00012648,United Kingdom,2026-07-13 12:24:57.9700000
AW00012649,France,2026-07-13 12:24:57.9700000
AW00012650,France,2026-07-13 12:24:57.9700000
AW00012651,France,2026-07-13 12:24:57.9700000
AW00012652,United Kingdom,2026-07-13 12:24:57.9700000
AW00012653,United Kingdom,2026-07-13 12:24:57.9700000
AW00012654,United Kingdom,2026-07-13 12:24:57.9700000
AW00012655,France,2026-07-13 12:24:57.9700000
AW00012656,France,2026-07-13 12:24:57.9700000
AW00012657,Germany,2026-07-13 12:24:57.9700000
AW00012658,United Kingdom,2026-07-13 12:24:57.9700000
AW00012659,France,2026-07-13 12:24:57.9700000
AW00012660,France,2026-07-13 12:24:57.9700000
AW00012661,France,2026-07-13 12:24:57.9700000
AW00012662,France,2026-07-13 12:24:57.9700000
AW00012663,France,2026-07-13 12:24:57.9700000
AW00012664,United Kingdom,2026-07-13 12:24:57.9700000
AW00012665,Australia,2026-07-13 12:24:57.9700000
AW00012666,Australia,2026-07-13 12:24:57.9700000
AW00012667,Australia,2026-07-13 12:24:57.9700000
AW00012668,Australia,2026-07-13 12:24:57.9700000
AW00012669,Australia,2026-07-13 12:24:57.9700000
AW00012670,Australia,2026-07-13 12:24:57.9700000
AW00012671,Australia,2026-07-13 12:24:57.9700000
AW00012672,Australia,2026-07-13 12:24:57.9700000
AW00012673,Australia,2026-07-13 12:24:57.9700000
AW00012674,Australia,2026-07-13 12:24:57.9700000
AW00012675,Australia,2026-07-13 12:24:57.9700000
AW00012676,Australia,2026-07-13 12:24:57.9700000
AW00012677,Australia,2026-07-13 12:24:57.9700000
AW00012678,Australia,2026-07-13 12:24:57.9700000
AW00012679,Australia,2026-07-13 12:24:57.9700000
AW00012680,Australia,2026-07-13 12:24:57.9700000
AW00012681,Australia,2026-07-13 12:24:57.9700000
AW00012682,Australia,2026-07-13 12:24:57.9700000
AW00012683,Australia,2026-07-13 12:24:57.9700000
AW00012684,Australia,2026-07-13 12:24:57.9700000
AW00012685,Australia,2026-07-13 12:24:57.9700000
AW00012686,Australia,2026-07-13 12:24:57.9700000
AW00012687,Australia,2026-07-13 12:24:57.9700000
AW00012688,Australia,2026-07-13 12:24:57.9700000
AW00012689,Australia,2026-07-13 12:24:57.9700000
AW00012690,Australia,2026-07-13 12:24:57.9700000
AW00012691,Australia,2026-07-13 12:24:57.9700000
AW00012692,Australia,2026-07-13 12:24:57.9700000
AW00012693,Australia,2026-07-13 12:24:57.9700000
AW00012694,Australia,2026-07-13 12:24:57.9700000
AW00012695,Australia,2026-07-13 12:24:57.9700000
AW00012696,Australia,2026-07-13 12:24:57.9700000
AW00012697,Australia,2026-07-13 12:24:57.9700000
AW00012698,Australia,2026-07-13 12:24:57.9700000
AW00012699,Australia,2026-07-13 12:24:57.9700000
AW00012700,Australia,2026-07-13 12:24:57.9700000
AW00012701,Australia,2026-07-13 12:24:57.9700000
AW00012702,Australia,2026-07-13 12:24:57.9700000
AW00012703,Australia,2026-07-13 12:24:57.9700000
AW00012704,Australia,2026-07-13 12:24:57.9700000
AW00012705,Australia,2026-07-13 12:24:57.9700000
AW00012706,Australia,2026-07-13 12:24:57.9700000
AW00012707,United States,2026-07-13 12:24:57.9700000
AW00012708,United States,2026-07-13 12:24:57.9700000
AW00012709,United States,2026-07-13 12:24:57.9700000
AW00012710,Canada,2026-07-13 12:24:57.9700000
AW00012711,France,2026-07-13 12:24:57.9700000
AW00012712,Germany,2026-07-13 12:24:57.9700000
AW00012713,Germany,2026-07-13 12:24:57.9700000
AW00012714,Germany,2026-07-13 12:24:57.9700000
AW00012715,Australia,2026-07-13 12:24:57.9700000
AW00012716,France,2026-07-13 12:24:57.9700000
AW00012717,France,2026-07-13 12:24:57.9700000
AW00012718,France,2026-07-13 12:24:57.9700000
AW00012719,France,2026-07-13 12:24:57.9700000
AW00012720,France,2026-07-13 12:24:57.9700000
AW00012721,Germany,2026-07-13 12:24:57.9700000
AW00012722,Germany,2026-07-13 12:24:57.9700000
AW00012723,France,2026-07-13 12:24:57.9700000
AW00012724,Germany,2026-07-13 12:24:57.9700000
AW00012725,Germany,2026-07-13 12:24:57.9700000
AW00012726,Germany,2026-07-13 12:24:57.9700000
AW00012727,France,2026-07-13 12:24:57.9700000
AW00012728,Germany,2026-07-13 12:24:57.9700000
AW00012729,United Kingdom,2026-07-13 12:24:57.9700000
AW00012730,United Kingdom,2026-07-13 12:24:57.9700000
AW00012731,Germany,2026-07-13 12:24:57.9700000
AW00012732,France,2026-07-13 12:24:57.9700000
AW00012733,United Kingdom,2026-07-13 12:24:57.9700000
AW00012734,France,2026-07-13 12:24:57.9700000
AW00012735,Germany,2026-07-13 12:24:57.9700000
AW00012736,Germany,2026-07-13 12:24:57.9700000
AW00012737,France,2026-07-13 12:24:57.9700000
AW00012738,Germany,2026-07-13 12:24:57.9700000
AW00012739,United Kingdom,2026-07-13 12:24:57.9700000
AW00012740,United Kingdom,2026-07-13 12:24:57.9700000
AW00012741,Germany,2026-07-13 12:24:57.9700000
AW00012742,Germany,2026-07-13 12:24:57.9700000
AW00012743,United Kingdom,2026-07-13 12:24:57.9700000
AW00012744,United Kingdom,2026-07-13 12:24:57.9700000
AW00012745,United Kingdom,2026-07-13 12:24:57.9700000
AW00012746,United Kingdom,2026-07-13 12:24:57.9700000
AW00012747,Germany,2026-07-13 12:24:57.9700000
AW00012748,France,2026-07-13 12:24:57.9700000
AW00012749,France,2026-07-13 12:24:57.9700000
AW00012750,France,2026-07-13 12:24:57.9700000
AW00012751,Germany,2026-07-13 12:24:57.9700000
AW00012752,France,2026-07-13 12:24:57.9700000
AW00012753,France,2026-07-13 12:24:57.9700000
AW00012754,France,2026-07-13 12:24:57.9700000
AW00012755,United States,2026-07-13 12:24:57.9700000
AW00012756,United States,2026-07-13 12:24:57.9700000
AW00012757,United States,2026-07-13 12:24:57.9700000
AW00012758,United States,2026-07-13 12:24:57.9700000
AW00012759,United States,2026-07-13 12:24:57.9700000
AW00012760,Canada,2026-07-13 12:24:57.9700000
AW00012761,United States,2026-07-13 12:24:57.9700000
AW00012762,United States,2026-07-13 12:24:57.9700000
AW00012763,Canada,2026-07-13 12:24:57.9700000
AW00012764,United States,2026-07-13 12:24:57.9700000
AW00012765,Canada,2026-07-13 12:24:57.9700000
AW00012766,United States,2026-07-13 12:24:57.9700000
AW00012767,United States,2026-07-13 12:24:57.9700000
AW00012768,United States,2026-07-13 12:24:57.9700000
AW00012769,United States,2026-07-13 12:24:57.9700000
AW00012770,United States,2026-07-13 12:24:57.9700000
AW00012771,United States,2026-07-13 12:24:57.9700000
AW00012772,United States,2026-07-13 12:24:57.9700000
AW00012773,United States,2026-07-13 12:24:57.9700000
AW00012774,United States,2026-07-13 12:24:57.9700000
AW00012775,United States,2026-07-13 12:24:57.9700000
AW00012776,United States,2026-07-13 12:24:57.9700000
AW00012777,United States,2026-07-13 12:24:57.9700000
AW00012778,United States,2026-07-13 12:24:57.9700000
AW00012779,United States,2026-07-13 12:24:57.9700000
AW00012780,United States,2026-07-13 12:24:57.9700000
AW00012781,Canada,2026-07-13 12:24:57.9700000
AW00012782,Canada,2026-07-13 12:24:57.9700000
AW00012783,Canada,2026-07-13 12:24:57.9700000
AW00012784,United States,2026-07-13 12:24:57.9700000
AW00012785,Canada,2026-07-13 12:24:57.9700000
AW00012786,United States,2026-07-13 12:24:57.9700000
AW00012787,United States,2026-07-13 12:24:57.9700000
AW00012788,United States,2026-07-13 12:24:57.9700000
AW00012789,United States,2026-07-13 12:24:57.9700000
AW00012790,United States,2026-07-13 12:24:57.9700000
AW00012791,United States,2026-07-13 12:24:57.9700000
AW00012792,United States,2026-07-13 12:24:57.9700000
AW00012793,United States,2026-07-13 12:24:57.9700000
AW00012794,United States,2026-07-13 12:24:57.9700000
AW00012795,Canada,2026-07-13 12:24:57.9700000
AW00012796,United States,2026-07-13 12:24:57.9700000
AW00012797,United States,2026-07-13 12:24:57.9700000
AW00012798,France,2026-07-13 12:24:57.9700000
AW00012799,Germany,2026-07-13 12:24:57.9700000
AW00012800,Germany,2026-07-13 12:24:57.9700000
AW00012801,Germany,2026-07-13 12:24:57.9700000
AW00012802,Germany,2026-07-13 12:24:57.9700000
AW00012803,United Kingdom,2026-07-13 12:24:57.9700000
AW00012804,France,2026-07-13 12:24:57.9700000
AW00012805,France,2026-07-13 12:24:57.9700000
AW00012806,Germany,2026-07-13 12:24:57.9700000
AW00012807,Germany,2026-07-13 12:24:57.9700000
AW00012808,United Kingdom,2026-07-13 12:24:57.9700000
AW00012809,Germany,2026-07-13 12:24:57.9700000
AW00012810,Germany,2026-07-13 12:24:57.9700000
AW00012811,Germany,2026-07-13 12:24:57.9700000
AW00012812,France,2026-07-13 12:24:57.9700000
AW00012813,Germany,2026-07-13 12:24:57.9700000
AW00012814,Germany,2026-07-13 12:24:57.9700000
AW00012815,Germany,2026-07-13 12:24:57.9700000
AW00012816,Germany,2026-07-13 12:24:57.9700000
AW00012817,France,2026-07-13 12:24:57.9700000
AW00012818,France,2026-07-13 12:24:57.9700000
AW00012819,France,2026-07-13 12:24:57.9700000
AW00012820,France,2026-07-13 12:24:57.9700000
AW00012821,France,2026-07-13 12:24:57.9700000
AW00012822,Germany,2026-07-13 12:24:57.9700000
AW00012823,France,2026-07-13 12:24:57.9700000
AW00012824,France,2026-07-13 12:24:57.9700000
AW00012825,Germany,2026-07-13 12:24:57.9700000
AW00012826,Germany,2026-07-13 12:24:57.9700000
AW00012827,Germany,2026-07-13 12:24:57.9700000
AW00012828,Germany,2026-07-13 12:24:57.9700000
AW00012829,Germany,2026-07-13 12:24:57.9700000
AW00012830,France,2026-07-13 12:24:57.9700000
AW00012831,Germany,2026-07-13 12:24:57.9700000
AW00012832,Germany,2026-07-13 12:24:57.9700000
AW00012833,Germany,2026-07-13 12:24:57.9700000
AW00012834,France,2026-07-13 12:24:57.9700000
AW00012835,Germany,2026-07-13 12:24:57.9700000
AW00012836,United Kingdom,2026-07-13 12:24:57.9700000
AW00012837,Germany,2026-07-13 12:24:57.9700000
AW00012838,Germany,2026-07-13 12:24:57.9700000
AW00012839,United Kingdom,2026-07-13 12:24:57.9700000
AW00012840,United Kingdom,2026-07-13 12:24:57.9700000
AW00012841,France,2026-07-13 12:24:57.9700000
AW00012842,France,2026-07-13 12:24:57.9700000
AW00012843,France,2026-07-13 12:24:57.9700000
AW00012844,Germany,2026-07-13 12:24:57.9700000
AW00012845,Germany,2026-07-13 12:24:57.9700000
AW00012846,Germany,2026-07-13 12:24:57.9700000
AW00012847,United Kingdom,2026-07-13 12:24:57.9700000
AW00012848,United Kingdom,2026-07-13 12:24:57.9700000
AW00012849,France,2026-07-13 12:24:57.9700000
AW00012850,Germany,2026-07-13 12:24:57.9700000
AW00012851,France,2026-07-13 12:24:57.9700000
AW00012852,Germany,2026-07-13 12:24:57.9700000
AW00012853,United Kingdom,2026-07-13 12:24:57.9700000
AW00012854,United Kingdom,2026-07-13 12:24:57.9700000
AW00012855,United Kingdom,2026-07-13 12:24:57.9700000
AW00012856,United Kingdom,2026-07-13 12:24:57.9700000
AW00012857,United Kingdom,2026-07-13 12:24:57.9700000
AW00012858,Germany,2026-07-13 12:24:57.9700000
AW00012859,United Kingdom,2026-07-13 12:24:57.9700000
AW00012860,United Kingdom,2026-07-13 12:24:57.9700000
AW00012861,United Kingdom,2026-07-13 12:24:57.9700000
AW00012862,France,2026-07-13 12:24:57.9700000
AW00012863,Germany,2026-07-13 12:24:57.9700000
AW00012864,United Kingdom,2026-07-13 12:24:57.9700000
AW00012865,United Kingdom,2026-07-13 12:24:57.9700000
AW00012866,France,2026-07-13 12:24:57.9700000
AW00012867,Germany,2026-07-13 12:24:57.9700000
AW00012868,France,2026-07-13 12:24:57.9700000
AW00012869,France,2026-07-13 12:24:57.9700000
AW00012870,Germany,2026-07-13 12:24:57.9700000
AW00012871,United Kingdom,2026-07-13 12:24:57.9700000
AW00012872,Germany,2026-07-13 12:24:57.9700000
AW00012873,United Kingdom,2026-07-13 12:24:57.9700000
AW00012874,United Kingdom,2026-07-13 12:24:57.9700000
AW00012875,United States,2026-07-13 12:24:57.9700000
AW00012876,United States,2026-07-13 12:24:57.9700000
AW00012877,United States,2026-07-13 12:24:57.9700000
AW00012878,United States,2026-07-13 12:24:57.9700000
AW00012879,United States,2026-07-13 12:24:57.9700000
AW00012880,Canada,2026-07-13 12:24:57.9700000
AW00012881,United States,2026-07-13 12:24:57.9700000
AW00012882,United States,2026-07-13 12:24:57.9700000
AW00012883,United States,2026-07-13 12:24:57.9700000
AW00012884,United States,2026-07-13 12:24:57.9700000
AW00012885,United States,2026-07-13 12:24:57.9700000
AW00012886,United States,2026-07-13 12:24:57.9700000
AW00012887,United States,2026-07-13 12:24:57.9700000
AW00012888,United States,2026-07-13 12:24:57.9700000
AW00012889,United States,2026-07-13 12:24:57.9700000
AW00012890,United States,2026-07-13 12:24:57.9700000
AW00012891,United States,2026-07-13 12:24:57.9700000
AW00012892,Canada,2026-07-13 12:24:57.9700000
AW00012893,United States,2026-07-13 12:24:57.9700000
AW00012894,United States,2026-07-13 12:24:57.9700000
AW00012895,Canada,2026-07-13 12:24:57.9700000
AW00012896,United States,2026-07-13 12:24:57.9700000
AW00012897,United States,2026-07-13 12:24:57.9700000
AW00012898,United States,2026-07-13 12:24:57.9700000
AW00012899,United States,2026-07-13 12:24:57.9700000
AW00012900,United States,2026-07-13 12:24:57.9700000
AW00012901,United States,2026-07-13 12:24:57.9700000
AW00012902,Canada,2026-07-13 12:24:57.9700000
AW00012903,Canada,2026-07-13 12:24:57.9700000
AW00012904,United States,2026-07-13 12:24:57.9700000
AW00012905,United States,2026-07-13 12:24:57.9700000
AW00012906,United States,2026-07-13 12:24:57.9700000
AW00012907,United States,2026-07-13 12:24:57.9700000
AW00012908,United States,2026-07-13 12:24:57.9700000
AW00012909,United States,2026-07-13 12:24:57.9700000
AW00012910,United States,2026-07-13 12:24:57.9700000
AW00012911,United States,2026-07-13 12:24:57.9700000
AW00012912,United States,2026-07-13 12:24:57.9700000
AW00012913,United States,2026-07-13 12:24:57.9700000
AW00012914,Canada,2026-07-13 12:24:57.9700000
AW00012915,United States,2026-07-13 12:24:57.9700000
AW00012916,Canada,2026-07-13 12:24:57.9700000
AW00012917,United States,2026-07-13 12:24:57.9700000
AW00012918,United States,2026-07-13 12:24:57.9700000
AW00012919,Canada,2026-07-13 12:24:57.9700000
AW00012920,United States,2026-07-13 12:24:57.9700000
AW00012921,United States,2026-07-13 12:24:57.9700000
AW00012922,United States,2026-07-13 12:24:57.9700000
AW00012923,United States,2026-07-13 12:24:57.9700000
AW00012924,United States,2026-07-13 12:24:57.9700000
AW00012925,United States,2026-07-13 12:24:57.9700000
AW00012926,United States,2026-07-13 12:24:57.9700000
AW00012927,United States,2026-07-13 12:24:57.9700000
AW00012928,Canada,2026-07-13 12:24:57.9700000
AW00012929,United States,2026-07-13 12:24:57.9700000
AW00012930,United States,2026-07-13 12:24:57.9700000
AW00012931,United States,2026-07-13 12:24:57.9700000
AW00012932,United States,2026-07-13 12:24:57.9700000
AW00012933,United States,2026-07-13 12:24:57.9700000
AW00012934,United States,2026-07-13 12:24:57.9700000
AW00012935,United States,2026-07-13 12:24:57.9700000
AW00012936,Canada,2026-07-13 12:24:57.9700000
AW00012937,United States,2026-07-13 12:24:57.9700000
AW00012938,United States,2026-07-13 12:24:57.9700000
AW00012939,Canada,2026-07-13 12:24:57.9700000
AW00012940,United States,2026-07-13 12:24:57.9700000
AW00012941,United States,2026-07-13 12:24:57.9700000
AW00012942,United States,2026-07-13 12:24:57.9700000
AW00012943,United States,2026-07-13 12:24:57.9700000
AW00012944,Canada,2026-07-13 12:24:57.9700000
AW00012945,Canada,2026-07-13 12:24:57.9700000
AW00012946,United States,2026-07-13 12:24:57.9700000
AW00012947,United States,2026-07-13 12:24:57.9700000
AW00012948,United States,2026-07-13 12:24:57.9700000
AW00012949,United States,2026-07-13 12:24:57.9700000
AW00012950,United States,2026-07-13 12:24:57.9700000
AW00012951,United States,2026-07-13 12:24:57.9700000
AW00012952,United States,2026-07-13 12:24:57.9700000
AW00012953,United States,2026-07-13 12:24:57.9700000
AW00012954,United States,2026-07-13 12:24:57.9700000
AW00012955,United States,2026-07-13 12:24:57.9700000
AW00012956,United States,2026-07-13 12:24:57.9700000
AW00012957,United States,2026-07-13 12:24:57.9700000
AW00012958,United States,2026-07-13 12:24:57.9700000
AW00012959,Canada,2026-07-13 12:24:57.9700000
AW00012960,United States,2026-07-13 12:24:57.9700000
AW00012961,United States,2026-07-13 12:24:57.9700000
AW00012962,United States,2026-07-13 12:24:57.9700000
AW00012963,United States,2026-07-13 12:24:57.9700000
AW00012964,Canada,2026-07-13 12:24:57.9700000
AW00012965,United States,2026-07-13 12:24:57.9700000
AW00012966,United States,2026-07-13 12:24:57.9700000
AW00012967,United States,2026-07-13 12:24:57.9700000
AW00012968,United States,2026-07-13 12:24:57.9700000
AW00012969,Canada,2026-07-13 12:24:57.9700000
AW00012970,Canada,2026-07-13 12:24:57.9700000
AW00012971,United States,2026-07-13 12:24:57.9700000
AW00012972,Canada,2026-07-13 12:24:57.9700000
AW00012973,United States,2026-07-13 12:24:57.9700000
AW00012974,United States,2026-07-13 12:24:57.9700000
AW00012975,United States,2026-07-13 12:24:57.9700000
AW00012976,United States,2026-07-13 12:24:57.9700000
AW00012977,United States,2026-07-13 12:24:57.9700000
AW00012978,United States,2026-07-13 12:24:57.9700000
AW00012979,United States,2026-07-13 12:24:57.9700000
AW00012980,United States,2026-07-13 12:24:57.9700000
AW00012981,United States,2026-07-13 12:24:57.9700000
AW00012982,United States,2026-07-13 12:24:57.9700000
AW00012983,United States,2026-07-13 12:24:57.9700000
AW00012984,Canada,2026-07-13 12:24:57.9700000
AW00012985,United States,2026-07-13 12:24:57.9700000
AW00012986,Canada,2026-07-13 12:24:57.9700000
AW00012987,Australia,2026-07-13 12:24:57.9700000
AW00012988,Australia,2026-07-13 12:24:57.9700000
AW00012989,Australia,2026-07-13 12:24:57.9700000
AW00012990,Australia,2026-07-13 12:24:57.9700000
AW00012991,Australia,2026-07-13 12:24:57.9700000
AW00012992,Australia,2026-07-13 12:24:57.9700000
AW00012993,Australia,2026-07-13 12:24:57.9700000
AW00012994,Australia,2026-07-13 12:24:57.9700000
AW00012995,Australia,2026-07-13 12:24:57.9700000
AW00012996,Australia,2026-07-13 12:24:57.9700000
AW00012997,Australia,2026-07-13 12:24:57.9700000
AW00012998,Australia,2026-07-13 12:24:57.9700000
AW00012999,Australia,2026-07-13 12:24:57.9700000
AW00013000,Australia,2026-07-13 12:24:57.9700000
AW00013001,Australia,2026-07-13 12:24:57.9700000
AW00013002,Australia,2026-07-13 12:24:57.9700000
AW00013003,Australia,2026-07-13 12:24:57.9700000
AW00013004,Australia,2026-07-13 12:24:57.9700000
AW00013005,Australia,2026-07-13 12:24:57.9700000
AW00013006,Australia,2026-07-13 12:24:57.9700000
AW00013007,Australia,2026-07-13 12:24:57.9700000
AW00013008,Australia,2026-07-13 12:24:57.9700000
AW00013009,Australia,2026-07-13 12:24:57.9700000
AW00013010,Australia,2026-07-13 12:24:57.9700000
AW00013011,Australia,2026-07-13 12:24:57.9700000
AW00013012,Australia,2026-07-13 12:24:57.9700000
AW00013013,Australia,2026-07-13 12:24:57.9700000
AW00013014,United States,2026-07-13 12:24:57.9700000
AW00013015,United States,2026-07-13 12:24:57.9700000
AW00013016,United States,2026-07-13 12:24:57.9700000
AW00013017,United States,2026-07-13 12:24:57.9700000
AW00013018,Australia,2026-07-13 12:24:57.9700000
AW00013019,United States,2026-07-13 12:24:57.9700000
AW00013020,Australia,2026-07-13 12:24:57.9700000
AW00013021,Australia,2026-07-13 12:24:57.9700000
AW00013022,Australia,2026-07-13 12:24:57.9700000
AW00013023,Australia,2026-07-13 12:24:57.9700000
AW00013024,Australia,2026-07-13 12:24:57.9700000
AW00013025,Australia,2026-07-13 12:24:57.9700000
AW00013026,Australia,2026-07-13 12:24:57.9700000
AW00013027,Canada,2026-07-13 12:24:57.9700000
AW00013028,United States,2026-07-13 12:24:57.9700000
AW00013029,United States,2026-07-13 12:24:57.9700000
AW00013030,United States,2026-07-13 12:24:57.9700000
AW00013031,United States,2026-07-13 12:24:57.9700000
AW00013032,United States,2026-07-13 12:24:57.9700000
AW00013033,United States,2026-07-13 12:24:57.9700000
AW00013034,Australia,2026-07-13 12:24:57.9700000
AW00013035,Australia,2026-07-13 12:24:57.9700000
AW00013036,Australia,2026-07-13 12:24:57.9700000
AW00013037,Australia,2026-07-13 12:24:57.9700000
AW00013038,Australia,2026-07-13 12:24:57.9700000
AW00013039,United States,2026-07-13 12:24:57.9700000
AW00013040,Australia,2026-07-13 12:24:57.9700000
AW00013041,Australia,2026-07-13 12:24:57.9700000
AW00013042,Australia,2026-07-13 12:24:57.9700000
AW00013043,Australia,2026-07-13 12:24:57.9700000
AW00013044,Australia,2026-07-13 12:24:57.9700000
AW00013045,Australia,2026-07-13 12:24:57.9700000
AW00013046,Australia,2026-07-13 12:24:57.9700000
AW00013047,Australia,2026-07-13 12:24:57.9700000
AW00013048,Australia,2026-07-13 12:24:57.9700000
AW00013049,Australia,2026-07-13 12:24:57.9700000
AW00013050,Australia,2026-07-13 12:24:57.9700000
AW00013051,Australia,2026-07-13 12:24:57.9700000
AW00013052,United States,2026-07-13 12:24:57.9700000
AW00013053,United States,2026-07-13 12:24:57.9700000
AW00013054,United States,2026-07-13 12:24:57.9700000
AW00013055,United States,2026-07-13 12:24:57.9700000
AW00013056,United States,2026-07-13 12:24:57.9700000
AW00013057,United States,2026-07-13 12:24:57.9700000
AW00013058,United States,2026-07-13 12:24:57.9700000
AW00013059,United States,2026-07-13 12:24:57.9700000
AW00013060,United States,2026-07-13 12:24:57.9700000
AW00013061,United States,2026-07-13 12:24:57.9700000
AW00013062,United States,2026-07-13 12:24:57.9700000
AW00013063,United States,2026-07-13 12:24:57.9700000
AW00013064,United States,2026-07-13 12:24:57.9700000
AW00013065,Canada,2026-07-13 12:24:57.9700000
AW00013066,United States,2026-07-13 12:24:57.9700000
AW00013067,United States,2026-07-13 12:24:57.9700000
AW00013068,United States,2026-07-13 12:24:57.9700000
AW00013069,United States,2026-07-13 12:24:57.9700000
AW00013070,United States,2026-07-13 12:24:57.9700000
AW00013071,Canada,2026-07-13 12:24:57.9700000
AW00013072,United States,2026-07-13 12:24:57.9700000
AW00013073,United States,2026-07-13 12:24:57.9700000
AW00013074,United States,2026-07-13 12:24:57.9700000
AW00013075,Australia,2026-07-13 12:24:57.9700000
AW00013076,Australia,2026-07-13 12:24:57.9700000
AW00013077,Australia,2026-07-13 12:24:57.9700000
AW00013078,Australia,2026-07-13 12:24:57.9700000
AW00013079,Australia,2026-07-13 12:24:57.9700000
AW00013080,Australia,2026-07-13 12:24:57.9700000
AW00013081,Australia,2026-07-13 12:24:57.9700000
AW00013082,Australia,2026-07-13 12:24:57.9700000
AW00013083,United States,2026-07-13 12:24:57.9700000
AW00013084,Canada,2026-07-13 12:24:57.9700000
AW00013085,United States,2026-07-13 12:24:57.9700000
AW00013086,United States,2026-07-13 12:24:57.9700000
AW00013087,United States,2026-07-13 12:24:57.9700000
AW00013088,United States,2026-07-13 12:24:57.9700000
AW00013089,Australia,2026-07-13 12:24:57.9700000
AW00013090,Australia,2026-07-13 12:24:57.9700000
AW00013091,Australia,2026-07-13 12:24:57.9700000
AW00013092,United States,2026-07-13 12:24:57.9700000
AW00013093,United States,2026-07-13 12:24:57.9700000
AW00013094,United States,2026-07-13 12:24:57.9700000
AW00013095,Canada,2026-07-13 12:24:57.9700000
AW00013096,Canada,2026-07-13 12:24:57.9700000
AW00013097,United States,2026-07-13 12:24:57.9700000
AW00013098,United States,2026-07-13 12:24:57.9700000
AW00013099,United States,2026-07-13 12:24:57.9700000
AW00013100,United States,2026-07-13 12:24:57.9700000
AW00013101,Canada,2026-07-13 12:24:57.9700000
AW00013102,United States,2026-07-13 12:24:57.9700000
AW00013103,Australia,2026-07-13 12:24:57.9700000
AW00013104,Australia,2026-07-13 12:24:57.9700000
AW00013105,Australia,2026-07-13 12:24:57.9700000
AW00013106,Australia,2026-07-13 12:24:57.9700000
AW00013107,Australia,2026-07-13 12:24:57.9700000
AW00013108,Australia,2026-07-13 12:24:57.9700000
AW00013109,Australia,2026-07-13 12:24:57.9700000
AW00013110,Australia,2026-07-13 12:24:57.9700000
AW00013111,Australia,2026-07-13 12:24:57.9700000
AW00013112,Australia,2026-07-13 12:24:57.9700000
AW00013113,Australia,2026-07-13 12:24:57.9700000
AW00013114,Australia,2026-07-13 12:24:57.9700000
AW00013115,Australia,2026-07-13 12:24:57.9700000
AW00013116,Australia,2026-07-13 12:24:57.9700000
AW00013117,Australia,2026-07-13 12:24:57.9700000
AW00013118,Australia,2026-07-13 12:24:57.9700000
AW00013119,Australia,2026-07-13 12:24:57.9700000
AW00013120,Australia,2026-07-13 12:24:57.9700000
AW00013121,Australia,2026-07-13 12:24:57.9700000
AW00013122,Australia,2026-07-13 12:24:57.9700000
AW00013123,Australia,2026-07-13 12:24:57.9700000
AW00013124,Australia,2026-07-13 12:24:57.9700000
AW00013125,Australia,2026-07-13 12:24:57.9700000
AW00013126,Australia,2026-07-13 12:24:57.9700000
AW00013127,Australia,2026-07-13 12:24:57.9700000
AW00013128,Australia,2026-07-13 12:24:57.9700000
AW00013129,Australia,2026-07-13 12:24:57.9700000
AW00013130,Australia,2026-07-13 12:24:57.9700000
AW00013131,Australia,2026-07-13 12:24:57.9700000
AW00013132,Australia,2026-07-13 12:24:57.9700000
AW00013133,Australia,2026-07-13 12:24:57.9700000
AW00013134,Australia,2026-07-13 12:24:57.9700000
AW00013135,Australia,2026-07-13 12:24:57.9700000
AW00013136,Australia,2026-07-13 12:24:57.9700000
AW00013137,Australia,2026-07-13 12:24:57.9700000
AW00013138,Australia,2026-07-13 12:24:57.9700000
AW00013139,Australia,2026-07-13 12:24:57.9700000
AW00013140,Australia,2026-07-13 12:24:57.9700000
AW00013141,Australia,2026-07-13 12:24:57.9700000
AW00013142,United States,2026-07-13 12:24:57.9700000
AW00013143,Canada,2026-07-13 12:24:57.9700000
AW00013144,Canada,2026-07-13 12:24:57.9700000
AW00013145,United States,2026-07-13 12:24:57.9700000
AW00013146,United States,2026-07-13 12:24:57.9700000
AW00013147,United States,2026-07-13 12:24:57.9700000
AW00013148,Canada,2026-07-13 12:24:57.9700000
AW00013149,Australia,2026-07-13 12:24:57.9700000
AW00013150,Australia,2026-07-13 12:24:57.9700000
AW00013151,United States,2026-07-13 12:24:57.9700000
AW00013152,United States,2026-07-13 12:24:57.9700000
AW00013153,United States,2026-07-13 12:24:57.9700000
AW00013154,United States,2026-07-13 12:24:57.9700000
AW00013155,Australia,2026-07-13 12:24:57.9700000
AW00013156,Australia,2026-07-13 12:24:57.9700000
AW00013157,Australia,2026-07-13 12:24:57.9700000
AW00013158,Australia,2026-07-13 12:24:57.9700000
AW00013159,Australia,2026-07-13 12:24:57.9700000
AW00013160,Australia,2026-07-13 12:24:57.9700000
AW00013161,United States,2026-07-13 12:24:57.9700000
AW00013162,United States,2026-07-13 12:24:57.9700000
AW00013163,United States,2026-07-13 12:24:57.9700000
AW00013164,United States,2026-07-13 12:24:57.9700000
AW00013165,United States,2026-07-13 12:24:57.9700000
AW00013166,United States,2026-07-13 12:24:57.9700000
AW00013167,United States,2026-07-13 12:24:57.9700000
AW00013168,United States,2026-07-13 12:24:57.9700000
AW00013169,United States,2026-07-13 12:24:57.9700000
AW00013170,United States,2026-07-13 12:24:57.9700000
AW00013171,United States,2026-07-13 12:24:57.9700000
AW00013172,United States,2026-07-13 12:24:57.9700000
AW00013173,United States,2026-07-13 12:24:57.9700000
AW00013174,United States,2026-07-13 12:24:57.9700000
AW00013175,Canada,2026-07-13 12:24:57.9700000
AW00013176,United States,2026-07-13 12:24:57.9700000
AW00013177,United States,2026-07-13 12:24:57.9700000
AW00013178,United States,2026-07-13 12:24:57.9700000
AW00013179,Canada,2026-07-13 12:24:57.9700000
AW00013180,United States,2026-07-13 12:24:57.9700000
AW00013181,United States,2026-07-13 12:24:57.9700000
AW00013182,United States,2026-07-13 12:24:57.9700000
AW00013183,United States,2026-07-13 12:24:57.9700000
AW00013184,United States,2026-07-13 12:24:57.9700000
AW00013185,Canada,2026-07-13 12:24:57.9700000
AW00013186,United States,2026-07-13 12:24:57.9700000
AW00013187,United States,2026-07-13 12:24:57.9700000
AW00013188,United States,2026-07-13 12:24:57.9700000
AW00013189,United States,2026-07-13 12:24:57.9700000
AW00013190,United States,2026-07-13 12:24:57.9700000
AW00013191,United States,2026-07-13 12:24:57.9700000
AW00013192,United States,2026-07-13 12:24:57.9700000
AW00013193,United States,2026-07-13 12:24:57.9700000
AW00013194,United States,2026-07-13 12:24:57.9700000
AW00013195,United States,2026-07-13 12:24:57.9700000
AW00013196,United States,2026-07-13 12:24:57.9700000
AW00013197,Canada,2026-07-13 12:24:57.9700000
AW00013198,Canada,2026-07-13 12:24:57.9700000
AW00013199,Canada,2026-07-13 12:24:57.9700000
AW00013200,United States,2026-07-13 12:24:57.9700000
AW00013201,Canada,2026-07-13 12:24:57.9700000
AW00013202,United States,2026-07-13 12:24:57.9700000
AW00013203,United States,2026-07-13 12:24:57.9700000
AW00013204,United States,2026-07-13 12:24:57.9700000
AW00013205,United States,2026-07-13 12:24:57.9700000
AW00013206,Canada,2026-07-13 12:24:57.9700000
AW00013207,United States,2026-07-13 12:24:57.9700000
AW00013208,United States,2026-07-13 12:24:57.9700000
AW00013209,Canada,2026-07-13 12:24:57.9700000
AW00013210,United States,2026-07-13 12:24:57.9700000
AW00013211,United States,2026-07-13 12:24:57.9700000
AW00013212,United States,2026-07-13 12:24:57.9700000
AW00013213,United States,2026-07-13 12:24:57.9700000
AW00013214,United States,2026-07-13 12:24:57.9700000
AW00013215,United States,2026-07-13 12:24:57.9700000
AW00013216,United States,2026-07-13 12:24:57.9700000
AW00013217,Canada,2026-07-13 12:24:57.9700000
AW00013218,United States,2026-07-13 12:24:57.9700000
AW00013219,United States,2026-07-13 12:24:57.9700000
AW00013220,United States,2026-07-13 12:24:57.9700000
AW00013221,United States,2026-07-13 12:24:57.9700000
AW00013222,Canada,2026-07-13 12:24:57.9700000
AW00013223,United States,2026-07-13 12:24:57.9700000
AW00013224,United States,2026-07-13 12:24:57.9700000
AW00013225,United States,2026-07-13 12:24:57.9700000
AW00013226,United States,2026-07-13 12:24:57.9700000
AW00013227,United States,2026-07-13 12:24:57.9700000
AW00013228,United States,2026-07-13 12:24:57.9700000
AW00013229,United States,2026-07-13 12:24:57.9700000
AW00013230,United States,2026-07-13 12:24:57.9700000
AW00013231,Canada,2026-07-13 12:24:57.9700000
AW00013232,United States,2026-07-13 12:24:57.9700000
AW00013233,United States,2026-07-13 12:24:57.9700000
AW00013234,United States,2026-07-13 12:24:57.9700000
AW00013235,United States,2026-07-13 12:24:57.9700000
AW00013236,United States,2026-07-13 12:24:57.9700000
AW00013237,United States,2026-07-13 12:24:57.9700000
AW00013238,United States,2026-07-13 12:24:57.9700000
AW00013239,Canada,2026-07-13 12:24:57.9700000
AW00013240,United States,2026-07-13 12:24:57.9700000
AW00013241,Canada,2026-07-13 12:24:57.9700000
AW00013242,United States,2026-07-13 12:24:57.9700000
AW00013243,United States,2026-07-13 12:24:57.9700000
AW00013244,United States,2026-07-13 12:24:57.9700000
AW00013245,United States,2026-07-13 12:24:57.9700000
AW00013246,United States,2026-07-13 12:24:57.9700000
AW00013247,United States,2026-07-13 12:24:57.9700000
AW00013248,United States,2026-07-13 12:24:57.9700000
AW00013249,Canada,2026-07-13 12:24:57.9700000
AW00013250,United States,2026-07-13 12:24:57.9700000
AW00013251,United Kingdom,2026-07-13 12:24:57.9700000
AW00013252,United Kingdom,2026-07-13 12:24:57.9700000
AW00013253,United Kingdom,2026-07-13 12:24:57.9700000
AW00013254,United Kingdom,2026-07-13 12:24:57.9700000
AW00013255,Germany,2026-07-13 12:24:57.9700000
AW00013256,Germany,2026-07-13 12:24:57.9700000
AW00013257,Germany,2026-07-13 12:24:57.9700000
AW00013258,Germany,2026-07-13 12:24:57.9700000
AW00013259,Germany,2026-07-13 12:24:57.9700000
AW00013260,Germany,2026-07-13 12:24:57.9700000
AW00013261,Germany,2026-07-13 12:24:57.9700000
AW00013262,United Kingdom,2026-07-13 12:24:57.9700000
AW00013263,France,2026-07-13 12:24:57.9700000
AW00013264,Germany,2026-07-13 12:24:57.9700000
AW00013265,Germany,2026-07-13 12:24:57.9700000
AW00013266,United States,2026-07-13 12:24:57.9700000
AW00013267,Canada,2026-07-13 12:24:57.9700000
AW00013268,Canada,2026-07-13 12:24:57.9700000
AW00013269,United States,2026-07-13 12:24:57.9700000
AW00013270,Canada,2026-07-13 12:24:57.9700000
AW00013271,Canada,2026-07-13 12:24:57.9700000
AW00013272,United States,2026-07-13 12:24:57.9700000
AW00013273,United States,2026-07-13 12:24:57.9700000
AW00013274,United States,2026-07-13 12:24:57.9700000
AW00013275,United States,2026-07-13 12:24:57.9700000
AW00013276,United States,2026-07-13 12:24:57.9700000
AW00013277,United States,2026-07-13 12:24:57.9700000
AW00013278,United States,2026-07-13 12:24:57.9700000
AW00013279,United States,2026-07-13 12:24:57.9700000
AW00013280,United States,2026-07-13 12:24:57.9700000
AW00013281,United States,2026-07-13 12:24:57.9700000
AW00013282,United States,2026-07-13 12:24:57.9700000
AW00013283,United States,2026-07-13 12:24:57.9700000
AW00013284,Canada,2026-07-13 12:24:57.9700000
AW00013285,Canada,2026-07-13 12:24:57.9700000
AW00013286,United States,2026-07-13 12:24:57.9700000
AW00013287,United States,2026-07-13 12:24:57.9700000
AW00013288,United States,2026-07-13 12:24:57.9700000
AW00013289,Canada,2026-07-13 12:24:57.9700000
AW00013290,Canada,2026-07-13 12:24:57.9700000
AW00013291,United States,2026-07-13 12:24:57.9700000
AW00013292,United States,2026-07-13 12:24:57.9700000
AW00013293,United States,2026-07-13 12:24:57.9700000
AW00013294,United States,2026-07-13 12:24:57.9700000
AW00013295,United States,2026-07-13 12:24:57.9700000
AW00013296,United States,2026-07-13 12:24:57.9700000
AW00013297,United States,2026-07-13 12:24:57.9700000
AW00013298,United States,2026-07-13 12:24:57.9700000
AW00013299,United States,2026-07-13 12:24:57.9700000
AW00013300,United States,2026-07-13 12:24:57.9700000
AW00013301,United States,2026-07-13 12:24:57.9700000
AW00013302,United States,2026-07-13 12:24:57.9700000
AW00013303,Canada,2026-07-13 12:24:57.9700000
AW00013304,United States,2026-07-13 12:24:57.9700000
AW00013305,United States,2026-07-13 12:24:57.9700000
AW00013306,United States,2026-07-13 12:24:57.9700000
AW00013307,United States,2026-07-13 12:24:57.9700000
AW00013308,United States,2026-07-13 12:24:57.9700000
AW00013309,United States,2026-07-13 12:24:57.9700000
AW00013310,United States,2026-07-13 12:24:57.9700000
AW00013311,United States,2026-07-13 12:24:57.9700000
AW00013312,United States,2026-07-13 12:24:57.9700000
AW00013313,United States,2026-07-13 12:24:57.9700000
AW00013314,United States,2026-07-13 12:24:57.9700000
AW00013315,United States,2026-07-13 12:24:57.9700000
AW00013316,United States,2026-07-13 12:24:57.9700000
AW00013317,United States,2026-07-13 12:24:57.9700000
AW00013318,Canada,2026-07-13 12:24:57.9700000
AW00013319,United States,2026-07-13 12:24:57.9700000
AW00013320,United States,2026-07-13 12:24:57.9700000
AW00013321,United States,2026-07-13 12:24:57.9700000
AW00013322,United States,2026-07-13 12:24:57.9700000
AW00013323,United States,2026-07-13 12:24:57.9700000
AW00013324,United States,2026-07-13 12:24:57.9700000
AW00013325,United States,2026-07-13 12:24:57.9700000
AW00013326,United States,2026-07-13 12:24:57.9700000
AW00013327,United States,2026-07-13 12:24:57.9700000
AW00013328,Canada,2026-07-13 12:24:57.9700000
AW00013329,United States,2026-07-13 12:24:57.9700000
AW00013330,Canada,2026-07-13 12:24:57.9700000
AW00013331,United States,2026-07-13 12:24:57.9700000
AW00013332,United States,2026-07-13 12:24:57.9700000
AW00013333,United States,2026-07-13 12:24:57.9700000
AW00013334,United States,2026-07-13 12:24:57.9700000
AW00013335,United States,2026-07-13 12:24:57.9700000
AW00013336,United States,2026-07-13 12:24:57.9700000
AW00013337,United States,2026-07-13 12:24:57.9700000
AW00013338,United States,2026-07-13 12:24:57.9700000
AW00013339,United States,2026-07-13 12:24:57.9700000
AW00013340,United States,2026-07-13 12:24:57.9700000
AW00013341,United States,2026-07-13 12:24:57.9700000
AW00013342,United States,2026-07-13 12:24:57.9700000
AW00013343,Canada,2026-07-13 12:24:57.9700000
AW00013344,United States,2026-07-13 12:24:57.9700000
AW00013345,Canada,2026-07-13 12:24:57.9700000
AW00013346,United States,2026-07-13 12:24:57.9700000
AW00013347,United States,2026-07-13 12:24:57.9700000
AW00013348,United States,2026-07-13 12:24:57.9700000
AW00013349,United States,2026-07-13 12:24:57.9700000
AW00013350,Canada,2026-07-13 12:24:57.9700000
AW00013351,United States,2026-07-13 12:24:57.9700000
AW00013352,United States,2026-07-13 12:24:57.9700000
AW00013353,United States,2026-07-13 12:24:57.9700000
AW00013354,United States,2026-07-13 12:24:57.9700000
AW00013355,United States,2026-07-13 12:24:57.9700000
AW00013356,United States,2026-07-13 12:24:57.9700000
AW00013357,United States,2026-07-13 12:24:57.9700000
AW00013358,Canada,2026-07-13 12:24:57.9700000
AW00013359,United States,2026-07-13 12:24:57.9700000
AW00013360,United States,2026-07-13 12:24:57.9700000
AW00013361,United States,2026-07-13 12:24:57.9700000
AW00013362,United States,2026-07-13 12:24:57.9700000
AW00013363,United States,2026-07-13 12:24:57.9700000
AW00013364,United States,2026-07-13 12:24:57.9700000
AW00013365,United States,2026-07-13 12:24:57.9700000
AW00013366,Canada,2026-07-13 12:24:57.9700000
AW00013367,United States,2026-07-13 12:24:57.9700000
AW00013368,United States,2026-07-13 12:24:57.9700000
AW00013369,United States,2026-07-13 12:24:57.9700000
AW00013370,United States,2026-07-13 12:24:57.9700000
AW00013371,United States,2026-07-13 12:24:57.9700000
AW00013372,United States,2026-07-13 12:24:57.9700000
AW00013373,United States,2026-07-13 12:24:57.9700000
AW00013374,United States,2026-07-13 12:24:57.9700000
AW00013375,United States,2026-07-13 12:24:57.9700000
AW00013376,United States,2026-07-13 12:24:57.9700000
AW00013377,United States,2026-07-13 12:24:57.9700000
AW00013378,United States,2026-07-13 12:24:57.9700000
AW00013379,United States,2026-07-13 12:24:57.9700000
AW00013380,United States,2026-07-13 12:24:57.9700000
AW00013381,United States,2026-07-13 12:24:57.9700000
AW00013382,United States,2026-07-13 12:24:57.9700000
AW00013383,United States,2026-07-13 12:24:57.9700000
AW00013384,United States,2026-07-13 12:24:57.9700000
AW00013385,United States,2026-07-13 12:24:57.9700000
AW00013386,United States,2026-07-13 12:24:57.9700000
AW00013387,United States,2026-07-13 12:24:57.9700000
AW00013388,United States,2026-07-13 12:24:57.9700000
AW00013389,United States,2026-07-13 12:24:57.9700000
AW00013390,United States,2026-07-13 12:24:57.9700000
AW00013391,Canada,2026-07-13 12:24:57.9700000
AW00013392,United States,2026-07-13 12:24:57.9700000
AW00013393,United States,2026-07-13 12:24:57.9700000
AW00013394,United States,2026-07-13 12:24:57.9700000
AW00013395,United States,2026-07-13 12:24:57.9700000
AW00013396,United States,2026-07-13 12:24:57.9700000
AW00013397,United States,2026-07-13 12:24:57.9700000
AW00013398,United States,2026-07-13 12:24:57.9700000
AW00013399,United States,2026-07-13 12:24:57.9700000
AW00013400,United States,2026-07-13 12:24:57.9700000
AW00013401,United States,2026-07-13 12:24:57.9700000
AW00013402,United States,2026-07-13 12:24:57.9700000
AW00013403,United States,2026-07-13 12:24:57.9700000
AW00013404,United Kingdom,2026-07-13 12:24:57.9700000
AW00013405,France,2026-07-13 12:24:57.9700000
AW00013406,Germany,2026-07-13 12:24:57.9700000
AW00013407,United Kingdom,2026-07-13 12:24:57.9700000
AW00013408,United Kingdom,2026-07-13 12:24:57.9700000
AW00013409,France,2026-07-13 12:24:57.9700000
AW00013410,Germany,2026-07-13 12:24:57.9700000
AW00013411,United Kingdom,2026-07-13 12:24:57.9700000
AW00013412,United Kingdom,2026-07-13 12:24:57.9700000
AW00013413,United States,2026-07-13 12:24:57.9700000
AW00013414,United States,2026-07-13 12:24:57.9700000
AW00013415,United States,2026-07-13 12:24:57.9700000
AW00013416,United States,2026-07-13 12:24:57.9700000
AW00013417,United States,2026-07-13 12:24:57.9700000
AW00013418,Canada,2026-07-13 12:24:57.9700000
AW00013419,United States,2026-07-13 12:24:57.9700000
AW00013420,United States,2026-07-13 12:24:57.9700000
AW00013421,United States,2026-07-13 12:24:57.9700000
AW00013422,United States,2026-07-13 12:24:57.9700000
AW00013423,Canada,2026-07-13 12:24:57.9700000
AW00013424,United States,2026-07-13 12:24:57.9700000
AW00013425,United States,2026-07-13 12:24:57.9700000
AW00013426,United States,2026-07-13 12:24:57.9700000
AW00013427,United States,2026-07-13 12:24:57.9700000
AW00013428,United States,2026-07-13 12:24:57.9700000
AW00013429,United States,2026-07-13 12:24:57.9700000
AW00013430,United States,2026-07-13 12:24:57.9700000
AW00013431,United States,2026-07-13 12:24:57.9700000
AW00013432,United States,2026-07-13 12:24:57.9700000
AW00013433,United States,2026-07-13 12:24:57.9700000
AW00013434,Canada,2026-07-13 12:24:57.9700000
AW00013435,United States,2026-07-13 12:24:57.9700000
AW00013436,United States,2026-07-13 12:24:57.9700000
AW00013437,United States,2026-07-13 12:24:57.9700000
AW00013438,United States,2026-07-13 12:24:57.9700000
AW00013439,United States,2026-07-13 12:24:57.9700000
AW00013440,Canada,2026-07-13 12:24:57.9700000
AW00013441,United States,2026-07-13 12:24:57.9700000
AW00013442,United States,2026-07-13 12:24:57.9700000
AW00013443,United States,2026-07-13 12:24:57.9700000
AW00013444,United States,2026-07-13 12:24:57.9700000
AW00013445,United States,2026-07-13 12:24:57.9700000
AW00013446,United States,2026-07-13 12:24:57.9700000
AW00013447,United States,2026-07-13 12:24:57.9700000
AW00013448,United States,2026-07-13 12:24:57.9700000
AW00013449,United States,2026-07-13 12:24:57.9700000
AW00013450,United States,2026-07-13 12:24:57.9700000
AW00013451,United States,2026-07-13 12:24:57.9700000
AW00013452,United States,2026-07-13 12:24:57.9700000
AW00013453,United States,2026-07-13 12:24:57.9700000
AW00013454,United States,2026-07-13 12:24:57.9700000
AW00013455,United States,2026-07-13 12:24:57.9700000
AW00013456,United States,2026-07-13 12:24:57.9700000
AW00013457,United States,2026-07-13 12:24:57.9700000
AW00013458,United States,2026-07-13 12:24:57.9700000
AW00013459,United States,2026-07-13 12:24:57.9700000
AW00013460,Canada,2026-07-13 12:24:57.9700000
AW00013461,United States,2026-07-13 12:24:57.9700000
AW00013462,United States,2026-07-13 12:24:57.9700000
AW00013463,United States,2026-07-13 12:24:57.9700000
AW00013464,United States,2026-07-13 12:24:57.9700000
AW00013465,United States,2026-07-13 12:24:57.9700000
AW00013466,Canada,2026-07-13 12:24:57.9700000
AW00013467,United States,2026-07-13 12:24:57.9700000
AW00013468,United States,2026-07-13 12:24:57.9700000
AW00013469,United States,2026-07-13 12:24:57.9700000
AW00013470,United States,2026-07-13 12:24:57.9700000
AW00013471,United States,2026-07-13 12:24:57.9700000
AW00013472,United States,2026-07-13 12:24:57.9700000
AW00013473,United States,2026-07-13 12:24:57.9700000
AW00013474,Canada,2026-07-13 12:24:57.9700000
AW00013475,United States,2026-07-13 12:24:57.9700000
AW00013476,United States,2026-07-13 12:24:57.9700000
AW00013477,United States,2026-07-13 12:24:57.9700000
AW00013478,United States,2026-07-13 12:24:57.9700000
AW00013479,United States,2026-07-13 12:24:57.9700000
AW00013480,United States,2026-07-13 12:24:57.9700000
AW00013481,United States,2026-07-13 12:24:57.9700000
AW00013482,United States,2026-07-13 12:24:57.9700000
AW00013483,United States,2026-07-13 12:24:57.9700000
AW00013484,United States,2026-07-13 12:24:57.9700000
AW00013485,United States,2026-07-13 12:24:57.9700000
AW00013486,Canada,2026-07-13 12:24:57.9700000
AW00013487,United States,2026-07-13 12:24:57.9700000
AW00013488,United States,2026-07-13 12:24:57.9700000
AW00013489,United States,2026-07-13 12:24:57.9700000
AW00013490,United States,2026-07-13 12:24:57.9700000
AW00013491,Canada,2026-07-13 12:24:57.9700000
AW00013492,United States,2026-07-13 12:24:57.9700000
AW00013493,United Kingdom,2026-07-13 12:24:57.9700000
AW00013494,Germany,2026-07-13 12:24:57.9700000
AW00013495,United Kingdom,2026-07-13 12:24:57.9700000
AW00013496,France,2026-07-13 12:24:57.9700000
AW00013497,Germany,2026-07-13 12:24:57.9700000
AW00013498,France,2026-07-13 12:24:57.9700000
AW00013499,France,2026-07-13 12:24:57.9700000
AW00013500,Germany,2026-07-13 12:24:57.9700000
AW00013501,Germany,2026-07-13 12:24:57.9700000
AW00013502,Germany,2026-07-13 12:24:57.9700000
AW00013503,United Kingdom,2026-07-13 12:24:57.9700000
AW00013504,France,2026-07-13 12:24:57.9700000
AW00013505,United Kingdom,2026-07-13 12:24:57.9700000
AW00013506,France,2026-07-13 12:24:57.9700000
AW00013507,United Kingdom,2026-07-13 12:24:57.9700000
AW00013508,France,2026-07-13 12:24:57.9700000
AW00013509,United Kingdom,2026-07-13 12:24:57.9700000
AW00013510,France,2026-07-13 12:24:57.9700000
AW00013511,France,2026-07-13 12:24:57.9700000
AW00013512,France,2026-07-13 12:24:57.9700000
AW00013513,Germany,2026-07-13 12:24:57.9700000
AW00013514,Germany,2026-07-13 12:24:57.9700000
AW00013515,Germany,2026-07-13 12:24:57.9700000
AW00013516,United Kingdom,2026-07-13 12:24:57.9700000
AW00013517,United Kingdom,2026-07-13 12:24:57.9700000
AW00013518,Australia,2026-07-13 12:24:57.9700000
AW00013519,Australia,2026-07-13 12:24:57.9700000
AW00013520,Australia,2026-07-13 12:24:57.9700000
AW00013521,Australia,2026-07-13 12:24:57.9700000
AW00013522,Australia,2026-07-13 12:24:57.9700000
AW00013523,Australia,2026-07-13 12:24:57.9700000
AW00013524,Australia,2026-07-13 12:24:57.9700000
AW00013525,Australia,2026-07-13 12:24:57.9700000
AW00013526,Australia,2026-07-13 12:24:57.9700000
AW00013527,Australia,2026-07-13 12:24:57.9700000
AW00013528,Australia,2026-07-13 12:24:57.9700000
AW00013529,Australia,2026-07-13 12:24:57.9700000
AW00013530,United Kingdom,2026-07-13 12:24:57.9700000
AW00013531,France,2026-07-13 12:24:57.9700000
AW00013532,Germany,2026-07-13 12:24:57.9700000
AW00013533,United Kingdom,2026-07-13 12:24:57.9700000
AW00013534,United Kingdom,2026-07-13 12:24:57.9700000
AW00013535,United Kingdom,2026-07-13 12:24:57.9700000
AW00013536,France,2026-07-13 12:24:57.9700000
AW00013537,France,2026-07-13 12:24:57.9700000
AW00013538,Germany,2026-07-13 12:24:57.9700000
AW00013539,United Kingdom,2026-07-13 12:24:57.9700000
AW00013540,Germany,2026-07-13 12:24:57.9700000
AW00013541,Germany,2026-07-13 12:24:57.9700000
AW00013542,Germany,2026-07-13 12:24:57.9700000
AW00013543,Germany,2026-07-13 12:24:57.9700000
AW00013544,United Kingdom,2026-07-13 12:24:57.9700000
AW00013545,Germany,2026-07-13 12:24:57.9700000
AW00013546,Germany,2026-07-13 12:24:57.9700000
AW00013547,United Kingdom,2026-07-13 12:24:57.9700000
AW00013548,Germany,2026-07-13 12:24:57.9700000
AW00013549,France,2026-07-13 12:24:57.9700000
AW00013550,France,2026-07-13 12:24:57.9700000
AW00013551,United Kingdom,2026-07-13 12:24:57.9700000
AW00013552,France,2026-07-13 12:24:57.9700000
AW00013553,United Kingdom,2026-07-13 12:24:57.9700000
AW00013554,United Kingdom,2026-07-13 12:24:57.9700000
AW00013555,France,2026-07-13 12:24:57.9700000
AW00013556,France,2026-07-13 12:24:57.9700000
AW00013557,United Kingdom,2026-07-13 12:24:57.9700000
AW00013558,France,2026-07-13 12:24:57.9700000
AW00013559,Germany,2026-07-13 12:24:57.9700000
AW00013560,Germany,2026-07-13 12:24:57.9700000
AW00013561,United Kingdom,2026-07-13 12:24:57.9700000
AW00013562,United Kingdom,2026-07-13 12:24:57.9700000
AW00013563,United Kingdom,2026-07-13 12:24:57.9700000
AW00013564,France,2026-07-13 12:24:57.9700000
AW00013565,France,2026-07-13 12:24:57.9700000
AW00013566,Germany,2026-07-13 12:24:57.9700000
AW00013567,Germany,2026-07-13 12:24:57.9700000
AW00013568,France,2026-07-13 12:24:57.9700000
AW00013569,Germany,2026-07-13 12:24:57.9700000
AW00013570,Germany,2026-07-13 12:24:57.9700000
AW00013571,France,2026-07-13 12:24:57.9700000
AW00013572,Germany,2026-07-13 12:24:57.9700000
AW00013573,France,2026-07-13 12:24:57.9700000
AW00013574,Germany,2026-07-13 12:24:57.9700000
AW00013575,France,2026-07-13 12:24:57.9700000
AW00013576,United Kingdom,2026-07-13 12:24:57.9700000
AW00013577,France,2026-07-13 12:24:57.9700000
AW00013578,France,2026-07-13 12:24:57.9700000
AW00013579,Germany,2026-07-13 12:24:57.9700000
AW00013580,Germany,2026-07-13 12:24:57.9700000
AW00013581,United Kingdom,2026-07-13 12:24:57.9700000
AW00013582,United Kingdom,2026-07-13 12:24:57.9700000
AW00013583,United Kingdom,2026-07-13 12:24:57.9700000
AW00013584,United Kingdom,2026-07-13 12:24:57.9700000
AW00013585,United Kingdom,2026-07-13 12:24:57.9700000
AW00013586,United Kingdom,2026-07-13 12:24:57.9700000
AW00013587,Germany,2026-07-13 12:24:57.9700000
AW00013588,Germany,2026-07-13 12:24:57.9700000
AW00013589,France,2026-07-13 12:24:57.9700000
AW00013590,United Kingdom,2026-07-13 12:24:57.9700000
AW00013591,United Kingdom,2026-07-13 12:24:57.9700000
AW00013592,France,2026-07-13 12:24:57.9700000
AW00013593,Germany,2026-07-13 12:24:57.9700000
AW00013594,Germany,2026-07-13 12:24:57.9700000
AW00013595,France,2026-07-13 12:24:57.9700000
AW00013596,France,2026-07-13 12:24:57.9700000
AW00013597,Germany,2026-07-13 12:24:57.9700000
AW00013598,Germany,2026-07-13 12:24:57.9700000
AW00013599,United Kingdom,2026-07-13 12:24:57.9700000
AW00013600,United Kingdom,2026-07-13 12:24:57.9700000
AW00013601,Germany,2026-07-13 12:24:57.9700000
AW00013602,United Kingdom,2026-07-13 12:24:57.9700000
AW00013603,United Kingdom,2026-07-13 12:24:57.9700000
AW00013604,United Kingdom,2026-07-13 12:24:57.9700000
AW00013605,France,2026-07-13 12:24:57.9700000
AW00013606,Germany,2026-07-13 12:24:57.9700000
AW00013607,Germany,2026-07-13 12:24:57.9700000
AW00013608,Germany,2026-07-13 12:24:57.9700000
AW00013609,United Kingdom,2026-07-13 12:24:57.9700000
AW00013610,France,2026-07-13 12:24:57.9700000
AW00013611,France,2026-07-13 12:24:57.9700000
AW00013612,United Kingdom,2026-07-13 12:24:57.9700000
AW00013613,Australia,2026-07-13 12:24:57.9700000
AW00013614,Australia,2026-07-13 12:24:57.9700000
AW00013615,Australia,2026-07-13 12:24:57.9700000
AW00013616,Australia,2026-07-13 12:24:57.9700000
AW00013617,Australia,2026-07-13 12:24:57.9700000
AW00013618,Australia,2026-07-13 12:24:57.9700000
AW00013619,Australia,2026-07-13 12:24:57.9700000
AW00013620,Australia,2026-07-13 12:24:57.9700000
AW00013621,Australia,2026-07-13 12:24:57.9700000
AW000136
