CID,BDATE,GEN,dwh_create_date
AW00011000,1971-10-06,Male,2026-07-14 10:09:33.9700000
AW00011001,1976-05-10,Male,2026-07-14 10:09:33.9700000
AW00011002,1971-02-09,Male,2026-07-14 10:09:33.9700000
AW00011003,1973-08-14,Female,2026-07-14 10:09:33.9700000
AW00011004,1979-08-05,Female,2026-07-14 10:09:33.9700000
AW00011005,1976-08-01,Male,2026-07-14 10:09:33.9700000
AW00011006,1976-12-02,Female,2026-07-14 10:09:33.9700000
AW00011007,1969-11-06,Male,2026-07-14 10:09:33.9700000
AW00011008,1975-07-04,Female,2026-07-14 10:09:33.9700000
AW00011009,1969-09-29,Male,2026-07-14 10:09:33.9700000
AW00011010,1969-08-05,Female,2026-07-14 10:09:33.9700000
AW00011011,1969-05-03,Male,2026-07-14 10:09:33.9700000
AW00011012,1979-01-14,Female,2026-07-14 10:09:33.9700000
AW00011013,1979-08-03,Male,2026-07-14 10:09:33.9700000
AW00011014,1973-11-06,Female,2026-07-14 10:09:33.9700000
AW00011015,1984-08-26,Female,2026-07-14 10:09:33.9700000
AW00011016,1984-10-25,Male,2026-07-14 10:09:33.9700000
AW00011017,1949-12-24,Female,2026-07-14 10:09:33.9700000
AW00011018,1955-10-06,Male,2026-07-14 10:09:33.9700000
AW00011019,1983-09-04,Male,2026-07-14 10:09:33.9700000
AW00011020,1984-03-19,Male,2026-07-14 10:09:33.9700000
AW00011021,1984-03-02,Female,2026-07-14 10:09:33.9700000
AW00011022,1984-04-10,Female,2026-07-14 10:09:33.9700000
AW00011023,1984-04-09,Female,2026-07-14 10:09:33.9700000
AW00011024,1984-03-16,Female,2026-07-14 10:09:33.9700000
AW00011025,1951-06-22,Female,2026-07-14 10:09:33.9700000
AW00011026,1951-10-01,Female,2026-07-14 10:09:33.9700000
AW00011027,1952-06-05,Female,2026-07-14 10:09:33.9700000
AW00011028,1951-10-09,Female,2026-07-14 10:09:33.9700000
AW00011029,1952-06-19,Female,2026-07-14 10:09:33.9700000
AW00011030,1958-02-18,Female,2026-07-14 10:09:33.9700000
AW00011031,1953-02-18,Female,2026-07-14 10:09:33.9700000
AW00011032,1952-12-08,Female,2026-07-14 10:09:33.9700000
AW00011033,1958-09-19,Female,2026-07-14 10:09:33.9700000
AW00011034,1952-12-16,Female,2026-07-14 10:09:33.9700000
AW00011035,1953-08-23,Female,2026-07-14 10:09:33.9700000
AW00011036,1984-06-16,Female,2026-07-14 10:09:33.9700000
AW00011037,1983-05-27,Female,2026-07-14 10:09:33.9700000
AW00011038,1953-09-20,Female,2026-07-14 10:09:33.9700000
AW00011039,1954-06-16,n/a,2026-07-14 10:09:33.9700000
AW00011040,1983-01-29,n/a,2026-07-14 10:09:33.9700000
AW00011041,1983-04-15,n/a,2026-07-14 10:09:33.9700000
AW00011042,1982-12-11,Female,2026-07-14 10:09:33.9700000
AW00011043,1981-08-23,Female,2026-07-14 10:09:33.9700000
AW00011044,1954-11-21,Female,2026-07-14 10:09:33.9700000
AW00011045,1955-11-16,Female,2026-07-14 10:09:33.9700000
AW00011046,1955-09-19,Female,2026-07-14 10:09:33.9700000
AW00011047,1955-08-27,Female,2026-07-14 10:09:33.9700000
AW00011048,1956-05-21,Female,2026-07-14 10:09:33.9700000
AW00011049,1986-01-15,Female,2026-07-14 10:09:33.9700000
AW00011050,1957-03-06,Female,2026-07-14 10:09:33.9700000
AW00011051,1957-01-31,Female,2026-07-14 10:09:33.9700000
AW00011052,1957-02-03,Female,2026-07-14 10:09:33.9700000
AW00011053,1986-02-17,Female,2026-07-14 10:09:33.9700000
AW00011054,1957-09-07,Female,2026-07-14 10:09:33.9700000
AW00011055,1957-09-02,Male,2026-07-14 10:09:33.9700000
AW00011056,1958-10-01,Female,2026-07-14 10:09:33.9700000
AW00011057,1970-04-07,Female,2026-07-14 10:09:33.9700000
AW00011058,1965-04-23,Female,2026-07-14 10:09:33.9700000
AW00011059,1959-09-29,Female,2026-07-14 10:09:33.9700000
AW00011060,1959-09-14,Female,2026-07-14 10:09:33.9700000
AW00011061,1976-02-20,Male,2026-07-14 10:09:33.9700000
AW00011062,1981-03-01,Male,2026-07-14 10:09:33.9700000
AW00011063,1980-10-04,Female,2026-07-14 10:09:33.9700000
AW00011064,1981-06-05,Male,2026-07-14 10:09:33.9700000
AW00011065,1979-04-08,Female,2026-07-14 10:09:33.9700000
AW00011066,1979-05-27,Female,2026-07-14 10:09:33.9700000
AW00011067,1982-03-25,Male,2026-07-14 10:09:33.9700000
AW00011068,1966-09-19,Female,2026-07-14 10:09:33.9700000
AW00011069,1966-09-17,Female,2026-07-14 10:09:33.9700000
AW00011070,1960-10-02,Male,2026-07-14 10:09:33.9700000
AW00011071,1960-12-23,Female,2026-07-14 10:09:33.9700000
AW00011072,1960-08-05,Female,2026-07-14 10:09:33.9700000
AW00011073,1962-02-11,Female,2026-07-14 10:09:33.9700000
AW00011074,1962-02-25,Male,2026-07-14 10:09:33.9700000
AW00011075,1963-05-16,Female,2026-07-14 10:09:33.9700000
AW00011076,1963-01-10,Male,2026-07-14 10:09:33.9700000
AW00011077,1963-03-19,Female,2026-07-14 10:09:33.9700000
AW00011078,1985-01-06,Female,2026-07-14 10:09:33.9700000
AW00011079,1970-03-07,Male,2026-07-14 10:09:33.9700000
AW00011080,1965-01-13,Male,2026-07-14 10:09:33.9700000
AW00011081,1972-01-21,Female,2026-07-14 10:09:33.9700000
AW00011082,1972-02-01,Female,2026-07-14 10:09:33.9700000
AW00011083,1977-03-11,Female,2026-07-14 10:09:33.9700000
AW00011084,1963-03-12,Male,2026-07-14 10:09:33.9700000
AW00011085,1963-01-16,Female,2026-07-14 10:09:33.9700000
AW00011086,1963-06-22,Male,2026-07-14 10:09:33.9700000
AW00011087,1963-04-02,Female,2026-07-14 10:09:33.9700000
AW00011088,1963-05-25,Male,2026-07-14 10:09:33.9700000
AW00011089,1962-08-05,Female,2026-07-14 10:09:33.9700000
AW00011090,1968-12-13,Male,2026-07-14 10:09:33.9700000
AW00011091,1962-10-02,Male,2026-07-14 10:09:33.9700000
AW00011092,1972-11-02,Female,2026-07-14 10:09:33.9700000
AW00011093,1978-09-06,Female,2026-07-14 10:09:33.9700000
AW00011094,1967-09-29,Male,2026-07-14 10:09:33.9700000
AW00011095,1968-02-29,Male,2026-07-14 10:09:33.9700000
AW00011096,1968-02-07,Male,2026-07-14 10:09:33.9700000
AW00011097,1972-10-23,Male,2026-07-14 10:09:33.9700000
AW00011098,1966-10-29,Female,2026-07-14 10:09:33.9700000
AW00011099,1966-09-05,Male,2026-07-14 10:09:33.9700000
AW00011100,1966-03-15,Female,2026-07-14 10:09:33.9700000
AW00011101,1970-11-05,Female,2026-07-14 10:09:33.9700000
AW00011102,1970-10-19,Female,2026-07-14 10:09:33.9700000
AW00011103,1981-04-12,Female,2026-07-14 10:09:33.9700000
AW00011104,1975-03-08,Male,2026-07-14 10:09:33.9700000
AW00011105,1970-06-27,Female,2026-07-14 10:09:33.9700000
AW00011106,1970-03-11,Male,2026-07-14 10:09:33.9700000
AW00011107,1976-03-04,Female,2026-07-14 10:09:33.9700000
AW00011108,1969-01-10,Female,2026-07-14 10:09:33.9700000
AW00011109,1980-04-30,Male,2026-07-14 10:09:33.9700000
AW00011110,1967-12-04,Male,2026-07-14 10:09:33.9700000
AW00011111,1967-08-23,Female,2026-07-14 10:09:33.9700000
AW00011112,1968-03-08,Female,2026-07-14 10:09:33.9700000
AW00011113,1973-02-17,Male,2026-07-14 10:09:33.9700000
AW00011114,1967-11-25,Female,2026-07-14 10:09:33.9700000
AW00011115,1967-08-12,Male,2026-07-14 10:09:33.9700000
AW00011116,1979-04-02,Male,2026-07-14 10:09:33.9700000
AW00011117,1966-08-21,Female,2026-07-14 10:09:33.9700000
AW00011118,1962-12-31,Male,2026-07-14 10:09:33.9700000
AW00011119,1940-10-07,Male,2026-07-14 10:09:33.9700000
AW00011120,1942-02-06,Female,2026-07-14 10:09:33.9700000
AW00011121,1966-05-18,Male,2026-07-14 10:09:33.9700000
AW00011122,1965-09-30,Male,2026-07-14 10:09:33.9700000
AW00011123,1965-12-18,Male,2026-07-14 10:09:33.9700000
AW00011124,1968-07-23,Male,2026-07-14 10:09:33.9700000
AW00011125,1961-10-06,Female,2026-07-14 10:09:33.9700000
AW00011126,1954-10-05,Male,2026-07-14 10:09:33.9700000
AW00011127,1981-04-19,Female,2026-07-14 10:09:33.9700000
AW00011128,1981-06-03,Female,2026-07-14 10:09:33.9700000
AW00011129,1981-02-01,Female,2026-07-14 10:09:33.9700000
AW00011130,1985-07-05,Female,2026-07-14 10:09:33.9700000
AW00011131,1985-09-09,Female,2026-07-14 10:09:33.9700000
AW00011132,1986-04-25,Female,2026-07-14 10:09:33.9700000
AW00011133,1986-03-08,Female,2026-07-14 10:09:33.9700000
AW00011134,1957-02-22,Male,2026-07-14 10:09:33.9700000
AW00011135,1985-05-02,Male,2026-07-14 10:09:33.9700000
AW00011136,1984-04-24,Female,2026-07-14 10:09:33.9700000
AW00011137,1984-01-17,Female,2026-07-14 10:09:33.9700000
AW00011138,1984-03-14,Female,2026-07-14 10:09:33.9700000
AW00011139,1949-11-05,Female,2026-07-14 10:09:33.9700000
AW00011140,1982-08-11,Male,2026-07-14 10:09:33.9700000
AW00011141,1982-12-19,Female,2026-07-14 10:09:33.9700000
AW00011142,1983-02-11,Male,2026-07-14 10:09:33.9700000
AW00011143,1982-08-04,Male,2026-07-14 10:09:33.9700000
AW00011144,1985-03-08,Male,2026-07-14 10:09:33.9700000
AW00011145,1985-06-06,Female,2026-07-14 10:09:33.9700000
AW00011146,1945-02-22,Female,2026-07-14 10:09:33.9700000
AW00011147,1944-08-04,Male,2026-07-14 10:09:33.9700000
AW00011148,1947-02-13,Male,2026-07-14 10:09:33.9700000
AW00011149,1946-10-18,Male,2026-07-14 10:09:33.9700000
AW00011150,1946-09-12,Male,2026-07-14 10:09:33.9700000
AW00011151,1947-08-25,Female,2026-07-14 10:09:33.9700000
AW00011152,1981-07-09,Male,2026-07-14 10:09:33.9700000
AW00011153,1981-12-21,Female,2026-07-14 10:09:33.9700000
AW00011154,1982-02-18,Female,2026-07-14 10:09:33.9700000
AW00011155,1981-07-25,Male,2026-07-14 10:09:33.9700000
AW00011156,1981-08-06,Female,2026-07-14 10:09:33.9700000
AW00011157,1980-12-08,Female,2026-07-14 10:09:33.9700000
AW00011158,1981-04-06,Male,2026-07-14 10:09:33.9700000
AW00011159,1981-03-16,Female,2026-07-14 10:09:33.9700000
AW00011160,1979-07-08,Male,2026-07-14 10:09:33.9700000
AW00011161,1979-10-20,Female,2026-07-14 10:09:33.9700000
AW00011162,1979-09-02,Male,2026-07-14 10:09:33.9700000
AW00011163,1980-06-18,Male,2026-07-14 10:09:33.9700000
AW00011164,1979-11-02,Male,2026-07-14 10:09:33.9700000
AW00011165,1979-01-15,Female,2026-07-14 10:09:33.9700000
AW00011166,1977-10-22,Female,2026-07-14 10:09:33.9700000
AW00011167,1978-01-29,Female,2026-07-14 10:09:33.9700000
AW00011168,1973-11-12,Male,2026-07-14 10:09:33.9700000
AW00011169,1973-12-20,Male,2026-07-14 10:09:33.9700000
AW00011170,1973-08-04,Female,2026-07-14 10:09:33.9700000
AW00011171,1978-10-05,Male,2026-07-14 10:09:33.9700000
AW00011172,1973-05-20,Female,2026-07-14 10:09:33.9700000
AW00011173,1973-02-28,Female,2026-07-14 10:09:33.9700000
AW00011174,1973-01-09,Male,2026-07-14 10:09:33.9700000
AW00011175,1968-09-01,Male,2026-07-14 10:09:33.9700000
AW00011176,1979-01-21,Male,2026-07-14 10:09:33.9700000
AW00011177,1948-01-01,Male,2026-07-14 10:09:33.9700000
AW00011178,1954-08-20,Male,2026-07-14 10:09:33.9700000
AW00011179,1959-12-08,Female,2026-07-14 10:09:33.9700000
AW00011180,1948-07-01,Female,2026-07-14 10:09:33.9700000
AW00011181,1960-02-01,Male,2026-07-14 10:09:33.9700000
AW00011182,1950-02-22,Female,2026-07-14 10:09:33.9700000
AW00011183,1950-01-12,Female,2026-07-14 10:09:33.9700000
AW00011184,1955-11-13,Female,2026-07-14 10:09:33.9700000
AW00011185,1950-04-07,Female,2026-07-14 10:09:33.9700000
AW00011186,1949-11-18,Female,2026-07-14 10:09:33.9700000
AW00011187,1949-08-21,Female,2026-07-14 10:09:33.9700000
AW00011188,1950-03-06,Female,2026-07-14 10:09:33.9700000
AW00011189,1950-01-12,Male,2026-07-14 10:09:33.9700000
AW00011190,1949-12-20,Male,2026-07-14 10:09:33.9700000
AW00011191,1951-06-17,Female,2026-07-14 10:09:33.9700000
AW00011192,1951-03-13,Male,2026-07-14 10:09:33.9700000
AW00011193,1950-08-13,Male,2026-07-14 10:09:33.9700000
AW00011194,1950-12-08,Female,2026-07-14 10:09:33.9700000
AW00011195,1951-08-10,Female,2026-07-14 10:09:33.9700000
AW00011196,1951-12-05,Male,2026-07-14 10:09:33.9700000
AW00011197,1951-12-16,Female,2026-07-14 10:09:33.9700000
AW00011198,1952-05-25,Female,2026-07-14 10:09:33.9700000
AW00011199,1957-11-02,Female,2026-07-14 10:09:33.9700000
AW00011200,1953-05-21,Male,2026-07-14 10:09:33.9700000
AW00011201,1953-02-14,Female,2026-07-14 10:09:33.9700000
AW00011202,1958-08-22,Female,2026-07-14 10:09:33.9700000
AW00011203,1959-08-18,Male,2026-07-14 10:09:33.9700000
AW00011204,1953-11-29,Female,2026-07-14 10:09:33.9700000
AW00011205,1954-01-21,Female,2026-07-14 10:09:33.9700000
AW00011206,1954-03-24,Male,2026-07-14 10:09:33.9700000
AW00011207,1954-01-16,Female,2026-07-14 10:09:33.9700000
AW00011208,1953-08-03,Female,2026-07-14 10:09:33.9700000
AW00011209,1953-07-12,Female,2026-07-14 10:09:33.9700000
AW00011210,1953-12-06,Male,2026-07-14 10:09:33.9700000
AW00011211,1960-10-08,Female,2026-07-14 10:09:33.9700000
AW00011212,1955-05-05,Female,2026-07-14 10:09:33.9700000
AW00011213,1954-11-11,Female,2026-07-14 10:09:33.9700000
AW00011214,1955-05-07,Male,2026-07-14 10:09:33.9700000
AW00011215,1961-06-17,Female,2026-07-14 10:09:33.9700000
AW00011216,1955-11-17,Female,2026-07-14 10:09:33.9700000
AW00011217,1955-08-11,Female,2026-07-14 10:09:33.9700000
AW00011218,1961-09-07,Female,2026-07-14 10:09:33.9700000
AW00011219,1956-05-31,Male,2026-07-14 10:09:33.9700000
AW00011220,1961-02-19,Female,2026-07-14 10:09:33.9700000
AW00011221,1955-12-08,Male,2026-07-14 10:09:33.9700000
AW00011222,1956-02-14,Female,2026-07-14 10:09:33.9700000
AW00011223,1957-03-15,Female,2026-07-14 10:09:33.9700000
AW00011224,1957-03-05,Female,2026-07-14 10:09:33.9700000
AW00011225,1962-02-12,Female,2026-07-14 10:09:33.9700000
AW00011226,1962-09-23,Female,2026-07-14 10:09:33.9700000
AW00011227,1962-08-08,Male,2026-07-14 10:09:33.9700000
AW00011228,1956-10-16,Female,2026-07-14 10:09:33.9700000
AW00011229,1957-06-01,Male,2026-07-14 10:09:33.9700000
AW00011230,1956-09-30,Female,2026-07-14 10:09:33.9700000
AW00011231,1963-11-11,Male,2026-07-14 10:09:33.9700000
AW00011232,1958-03-27,Female,2026-07-14 10:09:33.9700000
AW00011233,1963-09-06,Male,2026-07-14 10:09:33.9700000
AW00011234,1958-05-19,Female,2026-07-14 10:09:33.9700000
AW00011235,1957-08-07,Male,2026-07-14 10:09:33.9700000
AW00011236,1957-09-02,Male,2026-07-14 10:09:33.9700000
AW00011237,1964-03-22,Male,2026-07-14 10:09:33.9700000
AW00011238,1964-02-07,Female,2026-07-14 10:09:33.9700000
AW00011239,1969-10-02,Female,2026-07-14 10:09:33.9700000
AW00011240,1964-06-09,Female,2026-07-14 10:09:33.9700000
AW00011241,1974-04-06,Female,2026-07-14 10:09:33.9700000
AW00011242,1963-05-11,Male,2026-07-14 10:09:33.9700000
AW00011243,1963-04-08,Female,2026-07-14 10:09:33.9700000
AW00011244,1968-11-22,Female,2026-07-14 10:09:33.9700000
AW00011245,1962-04-26,Male,2026-07-14 10:09:33.9700000
AW00011246,1962-04-08,Female,2026-07-14 10:09:33.9700000
AW00011247,1961-12-04,Female,2026-07-14 10:09:33.9700000
AW00011248,1966-03-22,Male,2026-07-14 10:09:33.9700000
AW00011249,1966-07-09,Female,2026-07-14 10:09:33.9700000
AW00011250,1966-03-08,Female,2026-07-14 10:09:33.9700000
AW00011251,1938-01-01,Male,2026-07-14 10:09:33.9700000
AW00011252,1937-12-05,Male,2026-07-14 10:09:33.9700000
AW00011253,1949-08-24,Male,2026-07-14 10:09:33.9700000
AW00011254,1938-08-31,Male,2026-07-14 10:09:33.9700000
AW00011255,1938-10-02,Male,2026-07-14 10:09:33.9700000
AW00011256,1939-03-20,Female,2026-07-14 10:09:33.9700000
AW00011257,NULL,Female,2026-07-14 10:09:33.9700000
AW00011258,1938-12-26,Male,2026-07-14 10:09:33.9700000
AW00011259,1970-09-24,Female,2026-07-14 10:09:33.9700000
AW00011260,1976-04-08,Female,2026-07-14 10:09:33.9700000
AW00011261,1970-10-22,Female,2026-07-14 10:09:33.9700000
AW00011262,1975-05-01,Female,2026-07-14 10:09:33.9700000
AW00011263,1970-03-11,Female,2026-07-14 10:09:33.9700000
AW00011264,1969-12-15,Male,2026-07-14 10:09:33.9700000
AW00011265,1970-01-10,Female,2026-07-14 10:09:33.9700000
AW00011266,1969-11-02,Female,2026-07-14 10:09:33.9700000
AW00011267,1975-09-29,Male,2026-07-14 10:09:33.9700000
AW00011268,1969-10-31,Female,2026-07-14 10:09:33.9700000
AW00011269,1975-10-10,Male,2026-07-14 10:09:33.9700000
AW00011270,1975-05-01,Male,2026-07-14 10:09:33.9700000
AW00011271,1969-12-03,Female,2026-07-14 10:09:33.9700000
AW00011272,1962-05-10,Female,2026-07-14 10:09:33.9700000
AW00011273,1962-03-31,Male,2026-07-14 10:09:33.9700000
AW00011274,1939-10-10,Male,2026-07-14 10:09:33.9700000
AW00011275,1939-07-18,Female,2026-07-14 10:09:33.9700000
AW00011276,1974-09-15,Female,2026-07-14 10:09:33.9700000
AW00011277,1968-12-07,Male,2026-07-14 10:09:33.9700000
AW00011278,1969-02-16,Male,2026-07-14 10:09:33.9700000
AW00011279,1974-09-08,Female,2026-07-14 10:09:33.9700000
AW00011280,1969-02-17,Male,2026-07-14 10:09:33.9700000
AW00011281,1974-10-06,Female,2026-07-14 10:09:33.9700000
AW00011282,1967-07-16,Male,2026-07-14 10:09:33.9700000
AW00011283,1968-04-24,Male,2026-07-14 10:09:33.9700000
AW00011284,1967-09-24,Female,2026-07-14 10:09:33.9700000
AW00011285,1973-03-15,Male,2026-07-14 10:09:33.9700000
AW00011286,1967-08-31,Male,2026-07-14 10:09:33.9700000
AW00011287,1966-07-16,Male,2026-07-14 10:09:33.9700000
AW00011288,1978-03-12,Female,2026-07-14 10:09:33.9700000
AW00011289,1972-03-03,Female,2026-07-14 10:09:33.9700000
AW00011290,1972-08-14,Female,2026-07-14 10:09:33.9700000
AW00011291,1972-05-01,Female,2026-07-14 10:09:33.9700000
AW00011292,1967-05-05,Male,2026-07-14 10:09:33.9700000
AW00011293,1960-11-23,Male,2026-07-14 10:09:33.9700000
AW00011294,1961-03-02,Male,2026-07-14 10:09:33.9700000
AW00011295,1959-11-13,Female,2026-07-14 10:09:33.9700000
AW00011296,1941-04-05,Female,2026-07-14 10:09:33.9700000
AW00011297,1940-08-01,Male,2026-07-14 10:09:33.9700000
AW00011298,1940-08-30,Male,2026-07-14 10:09:33.9700000
AW00011299,1941-09-29,Male,2026-07-14 10:09:33.9700000
AW00011300,1965-08-31,Male,2026-07-14 10:09:33.9700000
AW00011301,1965-12-07,Male,2026-07-14 10:09:33.9700000
AW00011302,1971-12-09,Male,2026-07-14 10:09:33.9700000
AW00011303,1966-04-10,Female,2026-07-14 10:09:33.9700000
AW00011304,1971-03-14,Female,2026-07-14 10:09:33.9700000
AW00011305,1965-12-17,Male,2026-07-14 10:09:33.9700000
AW00011306,1965-12-20,Male,2026-07-14 10:09:33.9700000
AW00011307,1965-10-31,Male,2026-07-14 10:09:33.9700000
AW00011308,1959-09-02,Male,2026-07-14 10:09:33.9700000
AW00011309,1959-12-10,Female,2026-07-14 10:09:33.9700000
AW00011310,1964-07-05,Female,2026-07-14 10:09:33.9700000
AW00011311,1959-02-21,Female,2026-07-14 10:09:33.9700000
AW00011312,1958-10-01,Female,2026-07-14 10:09:33.9700000
AW00011313,1958-08-27,Male,2026-07-14 10:09:33.9700000
AW00011314,1970-06-16,Female,2026-07-14 10:09:33.9700000
AW00011315,1959-03-31,Female,2026-07-14 10:09:33.9700000
AW00011316,1959-05-17,Male,2026-07-14 10:09:33.9700000
AW00011317,1963-09-14,Female,2026-07-14 10:09:33.9700000
AW00011318,1958-04-25,Female,2026-07-14 10:09:33.9700000
AW00011319,1948-04-23,Female,2026-07-14 10:09:33.9700000
AW00011320,1942-12-24,Female,2026-07-14 10:09:33.9700000
AW00011321,1944-01-05,Male,2026-07-14 10:09:33.9700000
AW00011322,1943-09-12,Female,2026-07-14 10:09:33.9700000
AW00011323,1943-12-18,Male,2026-07-14 10:09:33.9700000
AW00011324,1944-11-10,Male,2026-07-14 10:09:33.9700000
AW00011325,1944-12-29,Male,2026-07-14 10:09:33.9700000
AW00011326,1944-12-23,Male,2026-07-14 10:09:33.9700000
AW00011327,1945-09-01,Male,2026-07-14 10:09:33.9700000
AW00011328,1945-06-30,Male,2026-07-14 10:09:33.9700000
AW00011329,1946-01-22,Male,2026-07-14 10:09:33.9700000
AW00011330,1945-11-10,Male,2026-07-14 10:09:33.9700000
AW00011331,1974-01-03,Female,2026-07-14 10:09:33.9700000
AW00011332,1968-04-02,Female,2026-07-14 10:09:33.9700000
AW00011333,1968-01-07,Female,2026-07-14 10:09:33.9700000
AW00011334,1966-09-19,Female,2026-07-14 10:09:33.9700000
AW00011335,1977-12-18,Female,2026-07-14 10:09:33.9700000
AW00011336,1973-03-08,Male,2026-07-14 10:09:33.9700000
AW00011337,1967-03-21,Male,2026-07-14 10:09:33.9700000
AW00011338,1972-08-06,Male,2026-07-14 10:09:33.9700000
AW00011339,1967-01-05,Male,2026-07-14 10:09:33.9700000
AW00011340,1947-04-03,Female,2026-07-14 10:09:33.9700000
AW00011341,1942-02-18,Male,2026-07-14 10:09:33.9700000
AW00011342,1973-03-07,Male,2026-07-14 10:09:33.9700000
AW00011343,1975-03-09,Male,2026-07-14 10:09:33.9700000
AW00011344,1963-01-21,Female,2026-07-14 10:09:33.9700000
AW00011345,1962-09-09,Female,2026-07-14 10:09:33.9700000
AW00011346,1966-05-18,Female,2026-07-14 10:09:33.9700000
AW00011347,1972-06-17,Male,2026-07-14 10:09:33.9700000
AW00011348,1961-03-21,Male,2026-07-14 10:09:33.9700000
AW00011349,1965-08-30,Female,2026-07-14 10:09:33.9700000
AW00011350,1942-07-14,Female,2026-07-14 10:09:33.9700000
AW00011351,1950-04-02,Female,2026-07-14 10:09:33.9700000
AW00011352,1945-09-04,Male,2026-07-14 10:09:33.9700000
AW00011353,1946-12-09,Female,2026-07-14 10:09:33.9700000
AW00011354,1947-08-23,Female,2026-07-14 10:09:33.9700000
AW00011355,1948-06-26,Male,2026-07-14 10:09:33.9700000
AW00011356,1985-11-24,Male,2026-07-14 10:09:33.9700000
AW00011357,1984-09-19,Male,2026-07-14 10:09:33.9700000
AW00011358,1984-05-10,Female,2026-07-14 10:09:33.9700000
AW00011359,1984-03-03,Male,2026-07-14 10:09:33.9700000
AW00011360,1984-01-30,Male,2026-07-14 10:09:33.9700000
AW00011361,1982-10-26,Female,2026-07-14 10:09:33.9700000
AW00011362,1983-05-11,Male,2026-07-14 10:09:33.9700000
AW00011363,1983-04-19,Male,2026-07-14 10:09:33.9700000
AW00011364,1985-03-22,Female,2026-07-14 10:09:33.9700000
AW00011365,1984-12-06,Female,2026-07-14 10:09:33.9700000
AW00011366,1985-04-23,Female,2026-07-14 10:09:33.9700000
AW00011367,1984-08-21,Male,2026-07-14 10:09:33.9700000
AW00011368,1984-05-24,Male,2026-07-14 10:09:33.9700000
AW00011369,1984-02-01,Female,2026-07-14 10:09:33.9700000
AW00011370,1983-09-29,Female,2026-07-14 10:09:33.9700000
AW00011371,1983-11-24,Female,2026-07-14 10:09:33.9700000
AW00011372,1983-11-12,Female,2026-07-14 10:09:33.9700000
AW00011373,1954-09-16,Female,2026-07-14 10:09:33.9700000
AW00011374,1948-12-25,Male,2026-07-14 10:09:33.9700000
AW00011375,1948-11-05,Male,2026-07-14 10:09:33.9700000
AW00011376,1948-12-07,Male,2026-07-14 10:09:33.9700000
AW00011377,1966-08-23,Male,2026-07-14 10:09:33.9700000
AW00011378,1965-11-19,Female,2026-07-14 10:09:33.9700000
AW00011379,1976-05-13,Male,2026-07-14 10:09:33.9700000
AW00011380,1964-08-29,Male,2026-07-14 10:09:33.9700000
AW00011381,1970-08-18,Female,2026-07-14 10:09:33.9700000
AW00011382,1974-07-15,Male,2026-07-14 10:09:33.9700000
AW00011383,1966-02-25,Female,2026-07-14 10:09:33.9700000
AW00011384,1971-10-13,Female,2026-07-14 10:09:33.9700000
AW00011385,1971-08-08,Male,2026-07-14 10:09:33.9700000
AW00011386,1971-11-02,Female,2026-07-14 10:09:33.9700000
AW00011387,1964-11-29,Female,2026-07-14 10:09:33.9700000
AW00011388,1965-01-20,Male,2026-07-14 10:09:33.9700000
AW00011389,1981-04-20,Male,2026-07-14 10:09:33.9700000
AW00011390,1976-04-17,Female,2026-07-14 10:09:33.9700000
AW00011391,1976-06-25,Female,2026-07-14 10:09:33.9700000
AW00011392,1981-02-03,Male,2026-07-14 10:09:33.9700000
AW00011393,1974-07-17,Male,2026-07-14 10:09:33.9700000
AW00011394,1975-04-22,Male,2026-07-14 10:09:33.9700000
AW00011395,1976-04-16,Female,2026-07-14 10:09:33.9700000
AW00011396,1975-04-04,Male,2026-07-14 10:09:33.9700000
AW00011397,1974-12-02,Female,2026-07-14 10:09:33.9700000
AW00011398,1975-03-09,Male,2026-07-14 10:09:33.9700000
AW00011399,1975-02-01,Female,2026-07-14 10:09:33.9700000
AW00011400,1980-04-15,Male,2026-07-14 10:09:33.9700000
AW00011401,1975-02-23,Female,2026-07-14 10:09:33.9700000
AW00011402,1975-05-20,Female,2026-07-14 10:09:33.9700000
AW00011403,1980-01-06,Female,2026-07-14 10:09:33.9700000
AW00011404,1957-06-30,Female,2026-07-14 10:09:33.9700000
AW00011405,1957-08-16,Female,2026-07-14 10:09:33.9700000
AW00011406,1957-12-31,Female,2026-07-14 10:09:33.9700000
AW00011407,1957-09-30,Male,2026-07-14 10:09:33.9700000
AW00011408,1964-05-10,Male,2026-07-14 10:09:33.9700000
AW00011409,1979-03-02,Female,2026-07-14 10:09:33.9700000
AW00011410,NULL,Male,2026-07-14 10:09:33.9700000
AW00011411,1959-08-12,Male,2026-07-14 10:09:33.9700000
AW00011412,1959-10-07,Female,2026-07-14 10:09:33.9700000
AW00011413,1959-10-13,Female,2026-07-14 10:09:33.9700000
AW00011414,1959-09-15,Male,2026-07-14 10:09:33.9700000
AW00011415,1949-12-03,Male,2026-07-14 10:09:33.9700000
AW00011416,1950-09-16,Female,2026-07-14 10:09:33.9700000
AW00011417,1950-08-26,Female,2026-07-14 10:09:33.9700000
AW00011418,1950-08-09,Male,2026-07-14 10:09:33.9700000
AW00011419,1950-08-18,Male,2026-07-14 10:09:33.9700000
AW00011420,1952-01-09,Male,2026-07-14 10:09:33.9700000
AW00011421,1952-01-16,Female,2026-07-14 10:09:33.9700000
AW00011422,1952-02-29,Male,2026-07-14 10:09:33.9700000
AW00011423,1960-05-04,Female,2026-07-14 10:09:33.9700000
AW00011424,1964-12-03,Female,2026-07-14 10:09:33.9700000
AW00011425,1965-08-02,Female,2026-07-14 10:09:33.9700000
AW00011426,1959-04-01,Male,2026-07-14 10:09:33.9700000
AW00011427,1959-06-17,Female,2026-07-14 10:09:33.9700000
AW00011428,1959-02-19,Female,2026-07-14 10:09:33.9700000
AW00011429,1958-01-13,Male,2026-07-14 10:09:33.9700000
AW00011430,1957-09-21,Female,2026-07-14 10:09:33.9700000
AW00011431,1974-10-20,Male,2026-07-14 10:09:33.9700000
AW00011432,1957-03-10,Female,2026-07-14 10:09:33.9700000
AW00011433,1957-03-01,Male,2026-07-14 10:09:33.9700000
AW00011434,1962-05-02,Male,2026-07-14 10:09:33.9700000
AW00011435,1955-09-03,Female,2026-07-14 10:09:33.9700000
AW00011436,1956-03-17,Female,2026-07-14 10:09:33.9700000
AW00011437,1955-06-16,Male,2026-07-14 10:09:33.9700000
AW00011438,1955-04-13,Female,2026-07-14 10:09:33.9700000
AW00011439,1953-11-14,Female,2026-07-14 10:09:33.9700000
AW00011440,1953-03-26,Male,2026-07-14 10:09:33.9700000
AW00011441,1952-12-09,Female,2026-07-14 10:09:33.9700000
AW00011442,1953-05-13,Male,2026-07-14 10:09:33.9700000
AW00011443,1981-11-19,Female,2026-07-14 10:09:33.9700000
AW00011444,1981-10-26,Female,2026-07-14 10:09:33.9700000
AW00011445,1980-01-18,Female,2026-07-14 10:09:33.9700000
AW00011446,1980-02-09,Female,2026-07-14 10:09:33.9700000
AW00011447,1980-02-13,Female,2026-07-14 10:09:33.9700000
AW00011448,1980-10-25,Male,2026-07-14 10:09:33.9700000
AW00011449,1980-08-01,Male,2026-07-14 10:09:33.9700000
AW00011450,1981-05-11,Male,2026-07-14 10:09:33.9700000
AW00011451,1980-05-08,Male,2026-07-14 10:09:33.9700000
AW00011452,1979-05-05,Female,2026-07-14 10:09:33.9700000
AW00011453,1984-08-17,Male,2026-07-14 10:09:33.9700000
AW00011454,1979-10-20,Female,2026-07-14 10:09:33.9700000
AW00011455,1979-10-19,Male,2026-07-14 10:09:33.9700000
AW00011456,1980-01-05,Male,2026-07-14 10:09:33.9700000
AW00011457,1978-11-18,Female,2026-07-14 10:09:33.9700000
AW00011458,1978-10-03,Female,2026-07-14 10:09:33.9700000
AW00011459,1978-04-12,Female,2026-07-14 10:09:33.9700000
AW00011460,1983-10-04,Male,2026-07-14 10:09:33.9700000
AW00011461,1977-09-22,Male,2026-07-14 10:09:33.9700000
AW00011462,1977-07-18,Female,2026-07-14 10:09:33.9700000
AW00011463,1977-09-09,Female,2026-07-14 10:09:33.9700000
AW00011464,1977-05-15,Male,2026-07-14 10:09:33.9700000
AW00011465,1976-08-18,Male,2026-07-14 10:09:33.9700000
AW00011466,1977-01-30,Male,2026-07-14 10:09:33.9700000
AW00011467,1975-04-06,Male,2026-07-14 10:09:33.9700000
AW00011468,1980-12-15,Female,2026-07-14 10:09:33.9700000
AW00011469,1978-10-14,Male,2026-07-14 10:09:33.9700000
AW00011470,1979-03-25,Male,2026-07-14 10:09:33.9700000
AW00011471,1979-03-25,Female,2026-07-14 10:09:33.9700000
AW00011472,1968-09-30,Male,2026-07-14 10:09:33.9700000
AW00011473,1986-01-30,Female,2026-07-14 10:09:33.9700000
AW00011474,1985-08-21,Male,2026-07-14 10:09:33.9700000
AW00011475,1984-04-07,Male,2026-07-14 10:09:33.9700000
AW00011476,1980-05-16,Female,2026-07-14 10:09:33.9700000
AW00011477,1984-06-21,Male,2026-07-14 10:09:33.9700000
AW00011478,1984-02-22,Male,2026-07-14 10:09:33.9700000
AW00011479,1978-10-20,Male,2026-07-14 10:09:33.9700000
AW00011480,1984-03-07,Female,2026-07-14 10:09:33.9700000
AW00011481,1978-11-20,Female,2026-07-14 10:09:33.9700000
AW00011482,1978-01-16,Female,2026-07-14 10:09:33.9700000
AW00011483,1983-05-19,Male,2026-07-14 10:09:33.9700000
AW00011484,1983-03-03,Male,2026-07-14 10:09:33.9700000
AW00011485,1978-02-04,Male,2026-07-14 10:09:33.9700000
AW00011486,1982-05-21,Female,2026-07-14 10:09:33.9700000
AW00011487,1977-01-05,Female,2026-07-14 10:09:33.9700000
AW00011488,1977-03-20,Male,2026-07-14 10:09:33.9700000
AW00011489,1976-09-03,Female,2026-07-14 10:09:33.9700000
AW00011490,1976-07-05,Male,2026-07-14 10:09:33.9700000
AW00011491,1982-04-02,Male,2026-07-14 10:09:33.9700000
AW00011492,1982-11-15,Male,2026-07-14 10:09:33.9700000
AW00011493,1976-05-31,Female,2026-07-14 10:09:33.9700000
AW00011494,1976-01-25,Male,2026-07-14 10:09:33.9700000
AW00011495,1977-03-03,Male,2026-07-14 10:09:33.9700000
AW00011496,1976-04-15,Male,2026-07-14 10:09:33.9700000
AW00011497,1981-11-22,Female,2026-07-14 10:09:33.9700000
AW00011498,1979-07-15,Male,2026-07-14 10:09:33.9700000
AW00011499,1980-05-13,Male,2026-07-14 10:09:33.9700000
AW00011500,1980-03-17,Female,2026-07-14 10:09:33.9700000
AW00011501,1981-01-03,Female,2026-07-14 10:09:33.9700000
AW00011502,1980-09-03,Male,2026-07-14 10:09:33.9700000
AW00011503,1936-04-11,Male,2026-07-14 10:09:33.9700000
AW00011504,1936-10-17,Female,2026-07-14 10:09:33.9700000
AW00011505,1972-01-04,Female,2026-07-14 10:09:33.9700000
AW00011506,1971-11-14,Male,2026-07-14 10:09:33.9700000
AW00011507,1972-05-19,Female,2026-07-14 10:09:33.9700000
AW00011508,1972-01-04,Female,2026-07-14 10:09:33.9700000
AW00011509,1964-07-22,Female,2026-07-14 10:09:33.9700000
AW00011510,1959-01-10,Male,2026-07-14 10:09:33.9700000
AW00011511,1964-06-10,Male,2026-07-14 10:09:33.9700000
AW00011512,1976-08-05,Female,2026-07-14 10:09:33.9700000
AW00011513,1965-09-23,Female,2026-07-14 10:09:33.9700000
AW00011514,1965-04-16,Male,2026-07-14 10:09:33.9700000
AW00011515,1959-08-25,Female,2026-07-14 10:09:33.9700000
AW00011516,1976-10-13,Female,2026-07-14 10:09:33.9700000
AW00011517,1959-12-18,Female,2026-07-14 10:09:33.9700000
AW00011518,1960-11-06,Male,2026-07-14 10:09:33.9700000
AW00011519,1960-09-13,Male,2026-07-14 10:09:33.9700000
AW00011520,1960-10-08,Female,2026-07-14 10:09:33.9700000
AW00011521,1977-12-01,Female,2026-07-14 10:09:33.9700000
AW00011522,1972-06-17,Male,2026-07-14 10:09:33.9700000
AW00011523,1962-02-07,Male,2026-07-14 10:09:33.9700000
AW00011524,1961-07-22,Female,2026-07-14 10:09:33.9700000
AW00011525,1961-07-08,Female,2026-07-14 10:09:33.9700000
AW00011526,1973-01-30,Female,2026-07-14 10:09:33.9700000
AW00011527,1961-12-02,Female,2026-07-14 10:09:33.9700000
AW00011528,1968-08-15,Female,2026-07-14 10:09:33.9700000
AW00011529,1963-05-16,Male,2026-07-14 10:09:33.9700000
AW00011530,1963-01-23,Male,2026-07-14 10:09:33.9700000
AW00011531,1962-07-07,Female,2026-07-14 10:09:33.9700000
AW00011532,1962-08-26,Female,2026-07-14 10:09:33.9700000
AW00011533,1968-07-17,Female,2026-07-14 10:09:33.9700000
AW00011534,1964-05-12,Male,2026-07-14 10:09:33.9700000
AW00011535,1963-12-31,Male,2026-07-14 10:09:33.9700000
AW00011536,1969-04-13,Male,2026-07-14 10:09:33.9700000
AW00011537,1963-09-21,Male,2026-07-14 10:09:33.9700000
AW00011538,1965-02-24,Female,2026-07-14 10:09:33.9700000
AW00011539,1970-08-18,Male,2026-07-14 10:09:33.9700000
AW00011540,1970-01-24,Male,2026-07-14 10:09:33.9700000
AW00011541,1964-10-09,Male,2026-07-14 10:09:33.9700000
AW00011542,1979-09-07,Male,2026-07-14 10:09:33.9700000
AW00011543,1973-08-16,Female,2026-07-14 10:09:33.9700000
AW00011544,1979-05-04,Male,2026-07-14 10:09:33.9700000
AW00011545,1973-09-22,Male,2026-07-14 10:09:33.9700000
AW00011546,1973-09-11,Female,2026-07-14 10:09:33.9700000
AW00011547,1979-03-05,Female,2026-07-14 10:09:33.9700000
AW00011548,1974-04-11,Male,2026-07-14 10:09:33.9700000
AW00011549,1979-09-03,Female,2026-07-14 10:09:33.9700000
AW00011550,1979-08-05,Female,2026-07-14 10:09:33.9700000
AW00011551,NULL,Male,2026-07-14 10:09:33.9700000
AW00011552,1972-11-23,Male,2026-07-14 10:09:33.9700000
AW00011553,1973-03-08,Female,2026-07-14 10:09:33.9700000
AW00011554,1932-03-27,Female,2026-07-14 10:09:33.9700000
AW00011555,1937-07-04,Female,2026-07-14 10:09:33.9700000
AW00011556,1972-11-10,Male,2026-07-14 10:09:33.9700000
AW00011557,1972-07-14,Female,2026-07-14 10:09:33.9700000
AW00011558,1973-02-18,Male,2026-07-14 10:09:33.9700000
AW00011559,1978-12-12,Male,2026-07-14 10:09:33.9700000
AW00011560,1978-08-09,Female,2026-07-14 10:09:33.9700000
AW00011561,1972-01-21,Female,2026-07-14 10:09:33.9700000
AW00011562,NULL,Male,2026-07-14 10:09:33.9700000
AW00011563,1971-08-01,Male,2026-07-14 10:09:33.9700000
AW00011564,1972-01-09,Male,2026-07-14 10:09:33.9700000
AW00011565,1971-12-30,Male,2026-07-14 10:09:33.9700000
AW00011566,1973-03-01,Female,2026-07-14 10:09:33.9700000
AW00011567,1978-09-19,Female,2026-07-14 10:09:33.9700000
AW00011568,1972-04-21,Female,2026-07-14 10:09:33.9700000
AW00011569,1977-05-06,Male,2026-07-14 10:09:33.9700000
AW00011570,1971-07-22,Female,2026-07-14 10:09:33.9700000
AW00011571,1971-11-15,Male,2026-07-14 10:09:33.9700000
AW00011572,1977-03-11,Male,2026-07-14 10:09:33.9700000
AW00011573,1976-11-11,Female,2026-07-14 10:09:33.9700000
AW00011574,1971-01-14,Female,2026-07-14 10:09:33.9700000
AW00011575,1970-10-19,Male,2026-07-14 10:09:33.9700000
AW00011576,1970-08-10,Male,2026-07-14 10:09:33.9700000
AW00011577,1971-04-21,Female,2026-07-14 10:09:33.9700000
AW00011578,1970-05-08,Female,2026-07-14 10:09:33.9700000
AW00011579,1981-02-13,Male,2026-07-14 10:09:33.9700000
AW00011580,1939-03-12,Male,2026-07-14 10:09:33.9700000
AW00011581,NULL,Female,2026-07-14 10:09:33.9700000
AW00011582,1974-04-09,Female,2026-07-14 10:09:33.9700000
AW00011583,1971-03-26,Female,2026-07-14 10:09:33.9700000
AW00011584,1971-05-22,Male,2026-07-14 10:09:33.9700000
AW00011585,1976-03-04,Female,2026-07-14 10:09:33.9700000
AW00011586,1971-06-14,Male,2026-07-14 10:09:33.9700000
AW00011587,1975-10-18,Male,2026-07-14 10:09:33.9700000
AW00011588,1970-01-11,Female,2026-07-14 10:09:33.9700000
AW00011589,1975-05-01,Female,2026-07-14 10:09:33.9700000
AW00011590,1980-04-12,Female,2026-07-14 10:09:33.9700000
AW00011591,1968-11-12,Female,2026-07-14 10:09:33.9700000
AW00011592,1984-03-03,Male,2026-07-14 10:09:33.9700000
AW00011593,1982-09-22,Male,2026-07-14 10:09:33.9700000
AW00011594,1985-05-03,Male,2026-07-14 10:09:33.9700000
AW00011595,1984-12-29,Male,2026-07-14 10:09:33.9700000
AW00011596,1969-03-02,Male,2026-07-14 10:09:33.9700000
AW00011597,1983-08-06,Female,2026-07-14 10:09:33.9700000
AW00011598,1983-12-30,Female,2026-07-14 10:09:33.9700000
AW00011599,1983-03-16,Female,2026-07-14 10:09:33.9700000
AW00011600,1982-10-05,Female,2026-07-14 10:09:33.9700000
AW00011601,1983-02-18,Male,2026-07-14 10:09:33.9700000
AW00011602,1982-10-11,Male,2026-07-14 10:09:33.9700000
AW00011603,1982-08-06,Male,2026-07-14 10:09:33.9700000
AW00011604,1982-12-01,Male,2026-07-14 10:09:33.9700000
AW00011605,1982-05-20,Female,2026-07-14 10:09:33.9700000
AW00011606,1986-01-30,Female,2026-07-14 10:09:33.9700000
AW00011607,1986-05-05,Male,2026-07-14 10:09:33.9700000
AW00011608,1981-09-01,Male,2026-07-14 10:09:33.9700000
AW00011609,1981-12-24,Male,2026-07-14 10:09:33.9700000
AW00011610,1980-10-20,Male,2026-07-14 10:09:33.9700000
AW00011611,1985-02-23,Male,2026-07-14 10:09:33.9700000
AW00011612,1985-10-07,Male,2026-07-14 10:09:33.9700000
AW00011613,1981-05-02,Female,2026-07-14 10:09:33.9700000
AW00011614,1981-02-13,Female,2026-07-14 10:09:33.9700000
AW00011615,1981-05-20,Male,2026-07-14 10:09:33.9700000
AW00011616,1980-09-05,Female,2026-07-14 10:09:33.9700000
AW00011617,1964-10-01,Male,2026-07-14 10:09:33.9700000
AW00011618,1964-10-21,Male,2026-07-14 10:09:33.9700000
AW00011619,1978-10-29,Female,2026-07-14 10:09:33.9700000
AW00011620,1978-10-18,Female,2026-07-14 10:09:33.9700000
AW00011621,1978-08-19,Female,2026-07-14 10:09:33.9700000
AW00011622,1979-06-16,Male,2026-07-14 10:09:33.9700000
AW00011623,1978-12-25,Female,2026-07-14 10:09:33.9700000
AW00011624,1984-03-19,Male,2026-07-14 10:09:33.9700000
AW00011625,1978-07-19,Male,2026-07-14 10:09:33.9700000
AW00011626,1978-12-12,Female,2026-07-14 10:09:33.9700000
AW00011627,1978-08-27,Male,2026-07-14 10:09:33.9700000
AW00011628,1977-11-14,Female,2026-07-14 10:09:33.9700000
AW00011629,1976-08-07,Male,2026-07-14 10:09:33.9700000
AW00011630,1977-06-23,Female,2026-07-14 10:09:33.9700000
AW00011631,1976-08-12,Male,2026-07-14 10:09:33.9700000
AW00011632,1982-05-02,Female,2026-07-14 10:09:33.9700000
AW00011633,1977-11-23,Male,2026-07-14 10:09:33.9700000
AW00011634,1977-12-10,Male,2026-07-14 10:09:33.9700000
AW00011635,1983-08-11,Male,2026-07-14 10:09:33.9700000
AW00011636,1978-06-21,Female,2026-07-14 10:09:33.9700000
AW00011637,1983-08-11,Female,2026-07-14 10:09:33.9700000
AW00011638,1977-09-09,Male,2026-07-14 10:09:33.9700000
AW00011639,1978-06-22,Female,2026-07-14 10:09:33.9700000
AW00011640,1975-10-31,Female,2026-07-14 10:09:33.9700000
AW00011641,1976-02-09,Male,2026-07-14 10:09:33.9700000
AW00011642,1976-06-24,Female,2026-07-14 10:09:33.9700000
AW00011643,1976-01-24,Female,2026-07-14 10:09:33.9700000
AW00011644,1975-04-06,Male,2026-07-14 10:09:33.9700000
AW00011645,1975-04-18,Female,2026-07-14 10:09:33.9700000
AW00011646,1980-03-15,Female,2026-07-14 10:09:33.9700000
AW00011647,1975-03-22,Male,2026-07-14 10:09:33.9700000
AW00011648,1980-04-12,Male,2026-07-14 10:09:33.9700000
AW00011649,1980-01-23,Male,2026-07-14 10:09:33.9700000
AW00011650,1975-01-23,Male,2026-07-14 10:09:33.9700000
AW00011651,1982-12-13,Female,2026-07-14 10:09:33.9700000
AW00011652,1982-05-01,Male,2026-07-14 10:09:33.9700000
AW00011653,1982-06-04,Female,2026-07-14 10:09:33.9700000
AW00011654,1977-03-18,Female,2026-07-14 10:09:33.9700000
AW00011655,1982-03-28,Female,2026-07-14 10:09:33.9700000
AW00011656,1977-03-19,Female,2026-07-14 10:09:33.9700000
AW00011657,1976-10-31,Female,2026-07-14 10:09:33.9700000
AW00011658,1985-08-03,Male,2026-07-14 10:09:33.9700000
AW00011659,1974-10-20,Male,2026-07-14 10:09:33.9700000
AW00011660,1980-01-19,Female,2026-07-14 10:09:33.9700000
AW00011661,1981-01-03,Male,2026-07-14 10:09:33.9700000
AW00011662,1976-01-01,Male,2026-07-14 10:09:33.9700000
AW00011663,1975-08-25,Male,2026-07-14 10:09:33.9700000
AW00011664,1975-08-09,Female,2026-07-14 10:09:33.9700000
AW00011665,1976-06-11,Female,2026-07-14 10:09:33.9700000
AW00011666,1981-12-13,Male,2026-07-14 10:09:33.9700000
AW00011667,1972-12-18,Male,2026-07-14 10:09:33.9700000
AW00011668,1984-03-02,Female,2026-07-14 10:09:33.9700000
AW00011669,1978-10-17,Female,2026-07-14 10:09:33.9700000
AW00011670,1973-04-15,Female,2026-07-14 10:09:33.9700000
AW00011671,1971-11-15,Female,2026-07-14 10:09:33.9700000
AW00011672,1972-03-20,Male,2026-07-14 10:09:33.9700000
AW00011673,1977-02-03,Female,2026-07-14 10:09:33.9700000
AW00011674,1972-02-15,Female,2026-07-14 10:09:33.9700000
AW00011675,1977-01-29,Male,2026-07-14 10:09:33.9700000
AW00011676,1971-08-13,Male,2026-07-14 10:09:33.9700000
AW00011677,1980-10-10,Male,2026-07-14 10:09:33.9700000
AW00011678,1974-07-28,Male,2026-07-14 10:09:33.9700000
AW00011679,1974-11-05,Male,2026-07-14 10:09:33.9700000
AW00011680,1975-03-04,Female,2026-07-14 10:09:33.9700000
AW00011681,1975-02-04,Female,2026-07-14 10:09:33.9700000
AW00011682,1980-03-12,Female,2026-07-14 10:09:33.9700000
AW00011683,1974-07-05,Male,2026-07-14 10:09:33.9700000
AW00011684,1971-03-31,Male,2026-07-14 10:09:33.9700000
AW00011685,1970-08-07,Male,2026-07-14 10:09:33.9700000
AW00011686,1976-04-09,Male,2026-07-14 10:09:33.9700000
AW00011687,1976-07-09,Male,2026-07-14 10:09:33.9700000
AW00011688,1976-12-21,Female,2026-07-14 10:09:33.9700000
AW00011689,1971-03-06,Male,2026-07-14 10:09:33.9700000
AW00011690,1976-01-10,Female,2026-07-14 10:09:33.9700000
AW00011691,1974-12-30,Female,2026-07-14 10:09:33.9700000
AW00011692,1969-12-17,Male,2026-07-14 10:09:33.9700000
AW00011693,1975-09-21,Female,2026-07-14 10:09:33.9700000
AW00011694,1969-09-21,Male,2026-07-14 10:09:33.9700000
AW00011695,1969-07-10,Male,2026-07-14 10:09:33.9700000
AW00011696,1975-04-02,Female,2026-07-14 10:09:33.9700000
AW00011697,1975-06-21,Male,2026-07-14 10:09:33.9700000
AW00011698,1975-11-22,Male,2026-07-14 10:09:33.9700000
AW00011699,1968-09-12,Male,2026-07-14 10:09:33.9700000
AW00011700,1969-05-24,Male,2026-07-14 10:09:33.9700000
AW00011701,1985-08-16,Male,2026-07-14 10:09:33.9700000
AW00011702,1974-10-13,Female,2026-07-14 10:09:33.9700000
AW00011703,1973-12-22,Female,2026-07-14 10:09:33.9700000
AW00011704,1973-11-29,Male,2026-07-14 10:09:33.9700000
AW00011705,1979-05-18,Female,2026-07-14 10:09:33.9700000
AW00011706,1968-08-13,Male,2026-07-14 10:09:33.9700000
AW00011707,1969-06-20,Female,2026-07-14 10:09:33.9700000
AW00011708,1974-09-15,Female,2026-07-14 10:09:33.9700000
AW00011709,1968-08-18,Female,2026-07-14 10:09:33.9700000
AW00011710,1967-09-17,Female,2026-07-14 10:09:33.9700000
AW00011711,1973-12-04,Male,2026-07-14 10:09:33.9700000
AW00011712,1968-05-02,Female,2026-07-14 10:09:33.9700000
AW00011713,1967-09-17,Male,2026-07-14 10:09:33.9700000
AW00011714,1968-04-16,Female,2026-07-14 10:09:33.9700000
AW00011715,1968-03-20,Female,2026-07-14 10:09:33.9700000
AW00011716,1967-04-20,Male,2026-07-14 10:09:33.9700000
AW00011717,1972-08-29,Male,2026-07-14 10:09:33.9700000
AW00011718,1972-11-10,Female,2026-07-14 10:09:33.9700000
AW00011719,1971-05-05,Male,2026-07-14 10:09:33.9700000
AW00011720,1965-09-23,Female,2026-07-14 10:09:33.9700000
AW00011721,1971-01-18,Female,2026-07-14 10:09:33.9700000
AW00011722,1965-12-30,Male,2026-07-14 10:09:33.9700000
AW00011723,1973-02-17,Male,2026-07-14 10:09:33.9700000
AW00011724,1972-10-12,Male,2026-07-14 10:09:33.9700000
AW00011725,1973-03-16,Male,2026-07-14 10:09:33.9700000
AW00011726,1973-01-13,Male,2026-07-14 10:09:33.9700000
AW00011727,1973-01-05,Male,2026-07-14 10:09:33.9700000
AW00011728,1965-07-06,Male,2026-07-14 10:09:33.9700000
AW00011729,1971-05-03,Male,2026-07-14 10:09:33.9700000
AW00011730,1966-04-01,Female,2026-07-14 10:09:33.9700000
AW00011731,1966-02-16,Female,2026-07-14 10:09:33.9700000
AW00011732,1970-02-04,Male,2026-07-14 10:09:33.9700000
AW00011733,1970-07-23,Female,2026-07-14 10:09:33.9700000
AW00011734,1970-08-21,Male,2026-07-14 10:09:33.9700000
AW00011735,1964-07-21,Female,2026-07-14 10:09:33.9700000
AW00011736,1970-09-21,Male,2026-07-14 10:09:33.9700000
AW00011737,1970-02-04,Female,2026-07-14 10:09:33.9700000
AW00011738,1970-10-05,Male,2026-07-14 10:09:33.9700000
AW00011739,1964-11-10,Male,2026-07-14 10:09:33.9700000
AW00011740,1964-10-21,Female,2026-07-14 10:09:33.9700000
AW00011741,1965-01-22,Female,2026-07-14 10:09:33.9700000
AW00011742,1964-05-01,Male,2026-07-14 10:09:33.9700000
AW00011743,1974-09-09,Male,2026-07-14 10:09:33.9700000
AW00011744,1964-03-06,Female,2026-07-14 10:09:33.9700000
AW00011745,1964-04-11,Female,2026-07-14 10:09:33.9700000
AW00011746,1964-05-30,Male,2026-07-14 10:09:33.9700000
AW00011747,1963-08-09,Female,2026-07-14 10:09:33.9700000
AW00011748,1964-01-15,Male,2026-07-14 10:09:33.9700000
AW00011749,1980-09-09,Male,2026-07-14 10:09:33.9700000
AW00011750,1984-09-17,Female,2026-07-14 10:09:33.9700000
AW00011751,1976-01-14,Female,2026-07-14 10:09:33.9700000
AW00011752,1981-05-03,Female,2026-07-14 10:09:33.9700000
AW00011753,1975-09-15,Female,2026-07-14 10:09:33.9700000
AW00011754,1976-01-05,Female,2026-07-14 10:09:33.9700000
AW00011755,1973-11-12,Male,2026-07-14 10:09:33.9700000
AW00011756,1974-03-13,Female,2026-07-14 10:09:33.9700000
AW00011757,1979-05-11,Male,2026-07-14 10:09:33.9700000
AW00011758,1979-12-19,Male,2026-07-14 10:09:33.9700000
AW00011759,1980-11-18,Female,2026-07-14 10:09:33.9700000
AW00011760,1973-04-25,Female,2026-07-14 10:09:33.9700000
AW00011761,1972-10-16,Male,2026-07-14 10:09:33.9700000
AW00011762,1984-02-17,Male,2026-07-14 10:09:33.9700000
AW00011763,1972-08-10,Male,2026-07-14 10:09:33.9700000
AW00011764,1973-01-13,Female,2026-07-14 10:09:33.9700000
AW00011765,1983-04-06,Male,2026-07-14 10:09:33.9700000
AW00011766,1972-01-01,Female,2026-07-14 10:09:33.9700000
AW00011767,1977-05-20,Female,2026-07-14 10:09:33.9700000
AW00011768,1983-04-03,Male,2026-07-14 10:09:33.9700000
AW00011769,1979-02-14,Female,2026-07-14 10:09:33.9700000
AW00011770,1979-02-20,Male,2026-07-14 10:09:33.9700000
AW00011771,1979-04-07,Male,2026-07-14 10:09:33.9700000
AW00011772,1984-01-21,Male,2026-07-14 10:09:33.9700000
AW00011773,1979-01-03,Male,2026-07-14 10:09:33.9700000
AW00011774,1978-10-10,Female,2026-07-14 10:09:33.9700000
AW00011775,NULL,Female,2026-07-14 10:09:33.9700000
AW00011776,1978-12-31,Male,2026-07-14 10:09:33.9700000
AW00011777,1978-01-21,Female,2026-07-14 10:09:33.9700000
AW00011778,1976-09-17,Female,2026-07-14 10:09:33.9700000
AW00011779,1977-01-15,Female,2026-07-14 10:09:33.9700000
AW00011780,1977-05-19,Female,2026-07-14 10:09:33.9700000
AW00011781,1976-09-06,Male,2026-07-14 10:09:33.9700000
AW00011782,1982-03-13,Female,2026-07-14 10:09:33.9700000
AW00011783,1982-11-13,Female,2026-07-14 10:09:33.9700000
AW00011784,1978-06-18,Male,2026-07-14 10:09:33.9700000
AW00011785,1983-02-21,Male,2026-07-14 10:09:33.9700000
AW00011786,1978-03-13,Male,2026-07-14 10:09:33.9700000
AW00011787,1978-03-05,Male,2026-07-14 10:09:33.9700000
AW00011788,1977-08-18,Female,2026-07-14 10:09:33.9700000
AW00011789,1981-02-16,Female,2026-07-14 10:09:33.9700000
AW00011790,1981-05-17,Male,2026-07-14 10:09:33.9700000
AW00011791,1975-10-19,Male,2026-07-14 10:09:33.9700000
AW00011792,1974-11-24,Female,2026-07-14 10:09:33.9700000
AW00011793,1980-03-16,Male,2026-07-14 10:09:33.9700000
AW00011794,1975-05-01,Female,2026-07-14 10:09:33.9700000
AW00011795,1974-08-15,Female,2026-07-14 10:09:33.9700000
AW00011796,1985-08-03,Female,2026-07-14 10:09:33.9700000
AW00011797,1980-03-03,Male,2026-07-14 10:09:33.9700000
AW00011798,1974-08-12,Male,2026-07-14 10:09:33.9700000
AW00011799,1980-09-09,Male,2026-07-14 10:09:33.9700000
AW00011800,1975-05-07,Female,2026-07-14 10:09:33.9700000
AW00011801,1975-03-16,Male,2026-07-14 10:09:33.9700000
AW00011802,1977-02-05,Female,2026-07-14 10:09:33.9700000
AW00011803,1977-03-11,Female,2026-07-14 10:09:33.9700000
AW00011804,1976-10-15,Female,2026-07-14 10:09:33.9700000
AW00011805,1976-09-08,Male,2026-07-14 10:09:33.9700000
AW00011806,1982-08-06,Female,2026-07-14 10:09:33.9700000
AW00011807,1977-03-03,Male,2026-07-14 10:09:33.9700000
AW00011808,1974-10-10,Male,2026-07-14 10:09:33.9700000
AW00011809,1973-07-01,Male,2026-07-14 10:09:33.9700000
AW00011810,1978-01-03,Male,2026-07-14 10:09:33.9700000
AW00011811,1978-06-11,Female,2026-07-14 10:09:33.9700000
AW00011812,1973-03-21,Male,2026-07-14 10:09:33.9700000
AW00011813,1973-05-11,Female,2026-07-14 10:09:33.9700000
AW00011814,1976-01-05,Male,2026-07-14 10:09:33.9700000
AW00011815,1981-04-20,Female,2026-07-14 10:09:33.9700000
AW00011816,1981-10-19,Male,2026-07-14 10:09:33.9700000
AW00011817,1981-11-23,Female,2026-07-14 10:09:33.9700000
AW00011818,1975-10-20,Male,2026-07-14 10:09:33.9700000
AW00011819,1973-04-08,Male,2026-07-14 10:09:33.9700000
AW00011820,1977-08-22,Female,2026-07-14 10:09:33.9700000
AW00011821,1971-10-13,Male,2026-07-14 10:09:33.9700000
AW00011822,1971-12-11,Female,2026-07-14 10:09:33.9700000
AW00011823,1977-10-20,Female,2026-07-14 10:09:33.9700000
AW00011824,1977-10-03,Female,2026-07-14 10:09:33.9700000
AW00011825,1971-11-15,Female,2026-07-14 10:09:33.9700000
AW00011826,1971-08-15,Female,2026-07-14 10:09:33.9700000
AW00011827,1980-09-16,Female,2026-07-14 10:09:33.9700000
AW00011828,1980-06-04,Female,2026-07-14 10:09:33.9700000
AW00011829,1975-05-02,Female,2026-07-14 10:09:33.9700000
AW00011830,1974-07-15,Female,2026-07-14 10:09:33.9700000
AW00011831,1975-05-24,Male,2026-07-14 10:09:33.9700000
AW00011832,1976-04-01,Female,2026-07-14 10:09:33.9700000
AW00011833,1982-01-16,Male,2026-07-14 10:09:33.9700000
AW00011834,1982-04-20,Male,2026-07-14 10:09:33.9700000
AW00011835,1970-12-17,Male,2026-07-14 10:09:33.9700000
AW00011836,1970-10-25,Male,2026-07-14 10:09:33.9700000
AW00011837,1976-08-05,Female,2026-07-14 10:09:33.9700000
AW00011838,1970-08-09,Male,2026-07-14 10:09:33.9700000
AW00011839,1976-07-21,Male,2026-07-14 10:09:33.9700000
AW00011840,1976-05-13,Male,2026-07-14 10:09:33.9700000
AW00011841,1969-09-13,Male,2026-07-14 10:09:33.9700000
AW00011842,1970-04-03,Male,2026-07-14 10:09:33.9700000
AW00011843,1975-11-08,Female,2026-07-14 10:09:33.9700000
AW00011844,1969-10-06,Female,2026-07-14 10:09:33.9700000
AW00011845,1930-02-15,Female,2026-07-14 10:09:33.9700000
AW00011846,1969-12-13,Female,2026-07-14 10:09:33.9700000
AW00011847,1970-05-31,Female,2026-07-14 10:09:33.9700000
AW00011848,1975-02-24,Male,2026-07-14 10:09:33.9700000
AW00011849,1970-03-13,Female,2026-07-14 10:09:33.9700000
AW00011850,1980-09-16,Female,2026-07-14 10:09:33.9700000
AW00011851,1969-03-07,Female,2026-07-14 10:09:33.9700000
AW00011852,1969-04-23,Male,2026-07-14 10:09:33.9700000
AW00011853,1979-11-15,Female,2026-07-14 10:09:33.9700000
AW00011854,1973-10-16,Male,2026-07-14 10:09:33.9700000
AW00011855,1974-08-09,Male,2026-07-14 10:09:33.9700000
AW00011856,1969-02-13,Male,2026-07-14 10:09:33.9700000
AW00011857,1974-03-08,Female,2026-07-14 10:09:33.9700000
AW00011858,1968-06-05,Male,2026-07-14 10:09:33.9700000
AW00011859,1968-03-08,Male,2026-07-14 10:09:33.9700000
AW00011860,1967-07-09,Female,2026-07-14 10:09:33.9700000
AW00011861,1967-10-22,Female,2026-07-14 10:09:33.9700000
AW00011862,1972-09-11,Female,2026-07-14 10:09:33.9700000
AW00011863,1967-04-10,Female,2026-07-14 10:09:33.9700000
AW00011864,1967-03-06,Female,2026-07-14 10:09:33.9700000
AW00011865,1966-08-06,Female,2026-07-14 10:09:33.9700000
AW00011866,1966-12-30,Male,2026-07-14 10:09:33.9700000
AW00011867,1971-04-21,Male,2026-07-14 10:09:33.9700000
AW00011868,1973-01-31,Female,2026-07-14 10:09:33.9700000
AW00011869,1984-05-01,Female,2026-07-14 10:09:33.9700000
AW00011870,1978-07-10,Female,2026-07-14 10:09:33.9700000
AW00011871,1978-08-12,Male,2026-07-14 10:09:33.9700000
AW00011872,1978-07-17,Female,2026-07-14 10:09:33.9700000
AW00011873,1972-10-09,Male,2026-07-14 10:09:33.9700000
AW00011874,1978-03-06,Male,2026-07-14 10:09:33.9700000
AW00011875,1966-01-31,Male,2026-07-14 10:09:33.9700000
AW00011876,1966-05-13,Female,2026-07-14 10:09:33.9700000
AW00011877,1966-04-06,Female,2026-07-14 10:09:33.9700000
AW00011878,1971-02-04,Female,2026-07-14 10:09:33.9700000
AW00011879,1971-09-30,Male,2026-07-14 10:09:33.9700000
AW00011880,1965-02-16,Female,2026-07-14 10:09:33.9700000
AW00011881,1965-01-20,Male,2026-07-14 10:09:33.9700000
AW00011882,1975-09-05,Male,2026-07-14 10:09:33.9700000
AW00011883,1965-02-10,Female,2026-07-14 10:09:33.9700000
AW00011884,1970-04-22,Female,2026-07-14 10:09:33.9700000
AW00011885,1970-09-21,Male,2026-07-14 10:09:33.9700000
AW00011886,1963-07-20,Female,2026-07-14 10:09:33.9700000
AW00011887,1963-10-03,Male,2026-07-14 10:09:33.9700000
AW00011888,1969-12-18,Male,2026-07-14 10:09:33.9700000
AW00011889,1963-11-25,Male,2026-07-14 10:09:33.9700000
AW00011890,1964-05-14,Female,2026-07-14 10:09:33.9700000
AW00011891,1969-09-13,Female,2026-07-14 10:09:33.9700000
AW00011892,1975-04-07,Male,2026-07-14 10:09:33.9700000
AW00011893,1974-08-09,Male,2026-07-14 10:09:33.9700000
AW00011894,1980-04-30,Female,2026-07-14 10:09:33.9700000
AW00011895,1975-01-18,Male,2026-07-14 10:09:33.9700000
AW00011896,1975-05-18,Male,2026-07-14 10:09:33.9700000
AW00011897,1974-05-28,Male,2026-07-14 10:09:33.9700000
AW00011898,1975-12-31,Female,2026-07-14 10:09:33.9700000
AW00011899,1976-03-15,Female,2026-07-14 10:09:33.9700000
AW00011900,1981-03-03,Male,2026-07-14 10:09:33.9700000
AW00011901,1973-08-18,Female,2026-07-14 10:09:33.9700000
AW00011902,1972-09-14,Male,2026-07-14 10:09:33.9700000
AW00011903,1985-10-21,Female,2026-07-14 10:09:33.9700000
AW00011904,1986-05-05,Female,2026-07-14 10:09:33.9700000
AW00011905,1974-12-14,Male,2026-07-14 10:09:33.9700000
AW00011906,1972-08-17,Female,2026-07-14 10:09:33.9700000
AW00011907,1973-03-07,Female,2026-07-14 10:09:33.9700000
AW00011908,1972-01-08,Male,2026-07-14 10:09:33.9700000
AW00011909,1971-08-10,Female,2026-07-14 10:09:33.9700000
AW00011910,1971-12-10,Female,2026-07-14 10:09:33.9700000
AW00011911,1972-05-15,Female,2026-07-14 10:09:33.9700000
AW00011912,NULL,Female,2026-07-14 10:09:33.9700000
AW00011913,1970-12-09,Female,2026-07-14 10:09:33.9700000
AW00011914,1979-05-05,Female,2026-07-14 10:09:33.9700000
AW00011915,NULL,Male,2026-07-14 10:09:33.9700000
AW00011916,1976-09-03,Male,2026-07-14 10:09:33.9700000
AW00011917,1971-04-21,Male,2026-07-14 10:09:33.9700000
AW00011918,1969-08-31,Female,2026-07-14 10:09:33.9700000
AW00011919,1969-08-17,Male,2026-07-14 10:09:33.9700000
AW00011920,1975-02-24,Female,2026-07-14 10:09:33.9700000
AW00011921,1970-06-22,Male,2026-07-14 10:09:33.9700000
AW00011922,1985-02-13,Male,2026-07-14 10:09:33.9700000
AW00011923,1985-04-21,Female,2026-07-14 10:09:33.9700000
AW00011924,1985-04-23,Male,2026-07-14 10:09:33.9700000
AW00011925,1984-05-05,Female,2026-07-14 10:09:33.9700000
AW00011926,1983-09-15,Male,2026-07-14 10:09:33.9700000
AW00011927,1984-01-21,Female,2026-07-14 10:09:33.9700000
AW00011928,1984-03-06,Female,2026-07-14 10:09:33.9700000
AW00011929,1962-08-08,Female,2026-07-14 10:09:33.9700000
AW00011930,1952-10-31,Female,2026-07-14 10:09:33.9700000
AW00011931,1984-05-12,Male,2026-07-14 10:09:33.9700000
AW00011932,1984-02-08,Female,2026-07-14 10:09:33.9700000
AW00011933,1982-09-01,Male,2026-07-14 10:09:33.9700000
AW00011934,1983-04-13,Male,2026-07-14 10:09:33.9700000
AW00011935,1983-05-19,Female,2026-07-14 10:09:33.9700000
AW00011936,1982-10-09,Male,2026-07-14 10:09:33.9700000
AW00011937,1982-12-03,Male,2026-07-14 10:09:33.9700000
AW00011938,1983-03-21,Male,2026-07-14 10:09:33.9700000
AW00011939,1982-12-20,Male,2026-07-14 10:09:33.9700000
AW00011940,1983-01-09,Male,2026-07-14 10:09:33.9700000
AW00011941,1982-05-26,Male,2026-07-14 10:09:33.9700000
AW00011942,1954-12-11,Male,2026-07-14 10:09:33.9700000
AW00011943,1954-08-27,Female,2026-07-14 10:09:33.9700000
AW00011944,1956-04-13,Female,2026-07-14 10:09:33.9700000
AW00011945,1986-03-11,Male,2026-07-14 10:09:33.9700000
AW00011946,1956-07-02,Female,2026-07-14 10:09:33.9700000
AW00011947,1957-04-20,Female,2026-07-14 10:09:33.9700000
AW00011948,1956-10-07,Female,2026-07-14 10:09:33.9700000
AW00011949,1986-05-05,Female,2026-07-14 10:09:33.9700000
AW00011950,1985-03-09,Female,2026-07-14 10:09:33.9700000
AW00011951,1958-02-03,Female,2026-07-14 10:09:33.9700000
AW00011952,1960-03-22,Male,2026-07-14 10:09:33.9700000
AW00011953,1981-03-03,Female,2026-07-14 10:09:33.9700000
AW00011954,1981-02-13,Male,2026-07-14 10:09:33.9700000
AW00011955,1980-10-02,Male,2026-07-14 10:09:33.9700000
AW00011956,1985-08-30,Female,2026-07-14 10:09:33.9700000
AW00011957,1979-02-09,Female,2026-07-14 10:09:33.9700000
AW00011958,1978-07-06,Male,2026-07-14 10:09:33.9700000
AW00011959,1978-10-05,Female,2026-07-14 10:09:33.9700000
AW00011960,1978-12-31,Female,2026-07-14 10:09:33.9700000
AW00011961,1978-12-22,Female,2026-07-14 10:09:33.9700000
AW00011962,1982-05-28,Female,2026-07-14 10:09:33.9700000
AW00011963,1960-12-10,Male,2026-07-14 10:09:33.9700000
AW00011964,1967-02-13,Male,2026-07-14 10:09:33.9700000
AW00011965,1962-04-18,Female,2026-07-14 10:09:33.9700000
AW00011966,1967-02-13,Male,2026-07-14 10:09:33.9700000
AW00011967,1962-08-10,Female,2026-07-14 10:09:33.9700000
AW00011968,1964-04-19,Female,2026-07-14 10:09:33.9700000
AW00011969,1964-01-22,Male,2026-07-14 10:09:33.9700000
AW00011970,1984-11-12,Female,2026-07-14 10:09:33.9700000
AW00011971,1979-03-03,Female,2026-07-14 10:09:33.9700000
AW00011972,1979-09-20,Female,2026-07-14 10:09:33.9700000
AW00011973,1979-08-03,Female,2026-07-14 10:09:33.9700000
AW00011974,1979-08-07,Male,2026-07-14 10:09:33.9700000
AW00011975,1980-04-02,Female,2026-07-14 10:09:33.9700000
AW00011976,1970-05-22,Female,2026-07-14 10:09:33.9700000
AW00011977,1964-11-19,Female,2026-07-14 10:09:33.9700000
AW00011978,1977-10-18,Male,2026-07-14 10:09:33.9700000
AW00011979,1962-11-05,Male,2026-07-14 10:09:33.9700000
AW00011980,1963-06-17,Female,2026-07-14 10:09:33.9700000
AW00011981,1962-08-03,Female,2026-07-14 10:09:33.9700000
AW00011982,1962-10-02,Female,2026-07-14 10:09:33.9700000
AW00011983,1968-02-24,Female,2026-07-14 10:09:33.9700000
AW00011984,1962-12-04,Male,2026-07-14 10:09:33.9700000
AW00011985,1963-05-18,Female,2026-07-14 10:09:33.9700000
AW00011986,1969-01-20,Male,2026-07-14 10:09:33.9700000
AW00011987,1973-05-26,Female,2026-07-14 10:09:33.9700000
AW00011988,1968-02-17,Female,2026-07-14 10:09:33.9700000
AW00011989,1984-03-20,Female,2026-07-14 10:09:33.9700000
AW00011990,1968-01-12,Female,2026-07-14 10:09:33.9700000
AW00011991,1968-02-07,Male,2026-07-14 10:09:33.9700000
AW00011992,1972-06-09,Female,2026-07-14 10:09:33.9700000
AW00011993,1977-09-12,Female,2026-07-14 10:09:33.9700000
AW00011994,1977-10-18,Female,2026-07-14 10:09:33.9700000
AW00011995,1965-12-12,Male,2026-07-14 10:09:33.9700000
AW00011996,1966-01-30,Female,2026-07-14 10:09:33.9700000
AW00011997,1971-04-04,Female,2026-07-14 10:09:33.9700000
AW00011998,1966-02-07,Female,2026-07-14 10:09:33.9700000
AW00011999,1965-12-03,Male,2026-07-14 10:09:33.9700000
AW00012000,1970-09-09,Female,2026-07-14 10:09:33.9700000
AW00012001,1981-12-30,Female,2026-07-14 10:09:33.9700000
AW00012002,1969-08-05,Female,2026-07-14 10:09:33.9700000
AW00012003,1979-09-04,Female,2026-07-14 10:09:33.9700000
AW00012004,1974-12-16,Male,2026-07-14 10:09:33.9700000
AW00012005,1973-07-13,Male,2026-07-14 10:09:33.9700000
AW00012006,1973-03-12,Male,2026-07-14 10:09:33.9700000
AW00012007,1967-01-23,Female,2026-07-14 10:09:33.9700000
AW00012008,1967-02-19,Female,2026-07-14 10:09:33.9700000
AW00012009,1963-01-31,Female,2026-07-14 10:09:33.9700000
AW00012010,1962-08-26,Male,2026-07-14 10:09:33.9700000
AW00012011,1940-08-16,Female,2026-07-14 10:09:33.9700000
AW00012012,1971-10-19,Female,2026-07-14 10:09:33.9700000
AW00012013,1958-09-04,Female,2026-07-14 10:09:33.9700000
AW00012014,1954-08-09,Male,2026-07-14 10:09:33.9700000
AW00012015,1982-01-06,Male,2026-07-14 10:09:33.9700000
AW00012016,1981-06-11,Female,2026-07-14 10:09:33.9700000
AW00012017,1982-04-26,Male,2026-07-14 10:09:33.9700000
AW00012018,1986-01-30,Male,2026-07-14 10:09:33.9700000
AW00012019,1986-05-13,Female,2026-07-14 10:09:33.9700000
AW00012020,1985-03-13,Female,2026-07-14 10:09:33.9700000
AW00012021,1951-08-13,Female,2026-07-14 10:09:33.9700000
AW00012022,1986-05-22,Male,2026-07-14 10:09:33.9700000
AW00012023,1984-01-05,Male,2026-07-14 10:09:33.9700000
AW00012024,1983-12-24,Male,2026-07-14 10:09:33.9700000
AW00012025,1983-12-16,Male,2026-07-14 10:09:33.9700000
AW00012026,1984-01-14,Male,2026-07-14 10:09:33.9700000
AW00012027,1984-04-24,Female,2026-07-14 10:09:33.9700000
AW00012028,1983-05-11,Female,2026-07-14 10:09:33.9700000
AW00012029,1983-04-15,Male,2026-07-14 10:09:33.9700000
AW00012030,1982-08-05,Female,2026-07-14 10:09:33.9700000
AW00012031,1985-04-17,Male,2026-07-14 10:09:33.9700000
AW00012032,1984-11-22,Male,2026-07-14 10:09:33.9700000
AW00012033,1984-10-29,Female,2026-07-14 10:09:33.9700000
AW00012034,1946-09-11,Male,2026-07-14 10:09:33.9700000
AW00012035,1946-12-20,Male,2026-07-14 10:09:33.9700000
AW00012036,1946-08-06,Female,2026-07-14 10:09:33.9700000
AW00012037,1949-03-13,Female,2026-07-14 10:09:33.9700000
AW00012038,1949-02-06,Male,2026-07-14 10:09:33.9700000
AW00012039,1948-08-12,Male,2026-07-14 10:09:33.9700000
AW00012040,1982-02-15,Male,2026-07-14 10:09:33.9700000
AW00012041,1986-06-03,Male,2026-07-14 10:09:33.9700000
AW00012042,1981-03-26,Male,2026-07-14 10:09:33.9700000
AW00012043,1980-03-20,Male,2026-07-14 10:09:33.9700000
AW00012044,1979-11-24,Female,2026-07-14 10:09:33.9700000
AW00012045,1979-12-23,Male,2026-07-14 10:09:33.9700000
AW00012046,1980-01-15,Female,2026-07-14 10:09:33.9700000
AW00012047,1979-09-22,Female,2026-07-14 10:09:33.9700000
AW00012048,1983-05-16,Female,2026-07-14 10:09:33.9700000
AW00012049,1973-10-09,Female,2026-07-14 10:09:33.9700000
AW00012050,1978-09-10,Male,2026-07-14 10:09:33.9700000
AW00012051,1984-03-19,Male,2026-07-14 10:09:33.9700000
AW00012052,1972-11-23,Female,2026-07-14 10:09:33.9700000
AW00012053,1972-11-11,Male,2026-07-14 10:09:33.9700000
AW00012054,1973-12-02,Male,2026-07-14 10:09:33.9700000
AW00012055,1974-05-20,Female,2026-07-14 10:09:33.9700000
AW00012056,1947-12-13,Male,2026-07-14 10:09:33.9700000
AW00012057,1948-09-11,Female,2026-07-14 10:09:33.9700000
AW00012058,1948-12-30,Female,2026-07-14 10:09:33.9700000
AW00012059,1948-11-29,Male,2026-07-14 10:09:33.9700000
AW00012060,1948-10-13,Male,2026-07-14 10:09:33.9700000
AW00012061,1948-11-05,Male,2026-07-14 10:09:33.9700000
AW00012062,1949-12-02,Male,2026-07-14 10:09:33.9700000
AW00012063,1950-03-08,Male,2026-07-14 10:09:33.9700000
AW00012064,1955-10-06,Male,2026-07-14 10:09:33.9700000
AW00012065,1949-12-31,Male,2026-07-14 10:09:33.9700000
AW00012066,1950-02-09,Male,2026-07-14 10:09:33.9700000
AW00012067,1950-05-14,Male,2026-07-14 10:09:33.9700000
AW00012068,1949-11-19,Female,2026-07-14 10:09:33.9700000
AW00012069,1950-05-01,Male,2026-07-14 10:09:33.9700000
AW00012070,1950-03-03,Male,2026-07-14 10:09:33.9700000
AW00012071,1949-09-30,Male,2026-07-14 10:09:33.9700000
AW00012072,1950-02-21,Male,2026-07-14 10:09:33.9700000
AW00012073,1950-02-20,Male,2026-07-14 10:09:33.9700000
AW00012074,1961-04-22,Female,2026-07-14 10:09:33.9700000
AW00012075,1949-12-24,Male,2026-07-14 10:09:33.9700000
AW00012076,1955-02-22,Female,2026-07-14 10:09:33.9700000
AW00012077,1956-03-17,Female,2026-07-14 10:09:33.9700000
AW00012078,1950-08-18,Male,2026-07-14 10:09:33.9700000
AW00012079,1956-10-09,Male,2026-07-14 10:09:33.9700000
AW00012080,1951-12-07,Female,2026-07-14 10:09:33.9700000
AW00012081,1957-06-01,Female,2026-07-14 10:09:33.9700000
AW00012082,1952-04-10,Female,2026-07-14 10:09:33.9700000
AW00012083,1951-08-28,Female,2026-07-14 10:09:33.9700000
AW00012084,1953-02-03,Male,2026-07-14 10:09:33.9700000
AW00012085,1953-06-23,Male,2026-07-14 10:09:33.9700000
AW00012086,1953-02-09,Female,2026-07-14 10:09:33.9700000
AW00012087,1958-07-10,Male,2026-07-14 10:09:33.9700000
AW00012088,1953-01-18,Female,2026-07-14 10:09:33.9700000
AW00012089,1958-10-20,Male,2026-07-14 10:09:33.9700000
AW00012090,1954-01-02,Female,2026-07-14 10:09:33.9700000
AW00012091,1959-11-09,Male,2026-07-14 10:09:33.9700000
AW00012092,1953-08-08,Male,2026-07-14 10:09:33.9700000
AW00012093,1954-05-08,Male,2026-07-14 10:09:33.9700000
AW00012094,1954-03-19,Female,2026-07-14 10:09:33.9700000
AW00012095,1953-08-24,Male,2026-07-14 10:09:33.9700000
AW00012096,1953-08-26,Female,2026-07-14 10:09:33.9700000
AW00012097,1955-05-13,Male,2026-07-14 10:09:33.9700000
AW00012098,1955-04-24,Female,2026-07-14 10:09:33.9700000
AW00012099,1955-05-18,Female,2026-07-14 10:09:33.9700000
AW00012100,1954-10-22,Male,2026-07-14 10:09:33.9700000
AW00012101,1954-10-22,Male,2026-07-14 10:09:33.9700000
AW00012102,1954-12-02,Male,2026-07-14 10:09:33.9700000
AW00012103,1960-10-08,Female,2026-07-14 10:09:33.9700000
AW00012104,1960-01-08,Female,2026-07-14 10:09:33.9700000
AW00012105,1954-11-13,Female,2026-07-14 10:09:33.9700000
AW00012106,1955-12-06,Male,2026-07-14 10:09:33.9700000
AW00012107,1961-08-11,Male,2026-07-14 10:09:33.9700000
AW00012108,1961-02-19,Male,2026-07-14 10:09:33.9700000
AW00012109,1955-09-17,Female,2026-07-14 10:09:33.9700000
AW00012110,1955-08-03,Female,2026-07-14 10:09:33.9700000
AW00012111,1956-02-01,Female,2026-07-14 10:09:33.9700000
AW00012112,1955-12-07,Female,2026-07-14 10:09:33.9700000
AW00012113,1968-02-16,Male,2026-07-14 10:09:33.9700000
AW00012114,1957-05-06,Male,2026-07-14 10:09:33.9700000
AW00012115,1956-08-07,Female,2026-07-14 10:09:33.9700000
AW00012116,1956-08-21,Female,2026-07-14 10:09:33.9700000
AW00012117,1957-01-30,Male,2026-07-14 10:09:33.9700000
AW00012118,1967-07-23,Female,2026-07-14 10:09:33.9700000
AW00012119,1956-11-28,Male,2026-07-14 10:09:33.9700000
AW00012120,1958-01-08,Male,2026-07-14 10:09:33.9700000
AW00012121,1958-03-25,Male,2026-07-14 10:09:33.9700000
AW00012122,1958-06-17,Female,2026-07-14 10:09:33.9700000
AW00012123,NULL,Male,2026-07-14 10:09:33.9700000
AW00012124,1962-08-08,Female,2026-07-14 10:09:33.9700000
AW00012125,1962-07-12,Female,2026-07-14 10:09:33.9700000
AW00012126,1963-05-18,Female,2026-07-14 10:09:33.9700000
AW00012127,1962-06-13,Female,2026-07-14 10:09:33.9700000
AW00012128,1967-12-13,Female,2026-07-14 10:09:33.9700000
AW00012129,1962-03-21,Female,2026-07-14 10:09:33.9700000
AW00012130,1962-02-09,Female,2026-07-14 10:09:33.9700000
AW00012131,1961-04-15,Male,2026-07-14 10:09:33.9700000
AW00012132,1961-05-18,Female,2026-07-14 10:09:33.9700000
AW00012133,1961-06-24,Female,2026-07-14 10:09:33.9700000
AW00012134,1966-09-19,Male,2026-07-14 10:09:33.9700000
AW00012135,1962-10-09,Male,2026-07-14 10:09:33.9700000
AW00012136,1938-05-08,Male,2026-07-14 10:09:33.9700000
AW00012137,1938-05-04,Male,2026-07-14 10:09:33.9700000
AW00012138,1939-05-26,Male,2026-07-14 10:09:33.9700000
AW00012139,1944-03-11,Male,2026-07-14 10:09:33.9700000
AW00012140,1970-09-08,Male,2026-07-14 10:09:33.9700000
AW00012141,1976-09-16,Female,2026-07-14 10:09:33.9700000
AW00012142,1981-07-02,Female,2026-07-14 10:09:33.9700000
AW00012143,1971-05-13,Male,2026-07-14 10:09:33.9700000
AW00012144,1971-05-10,Female,2026-07-14 10:09:33.9700000
AW00012145,1976-09-30,n/a,2026-07-14 10:09:33.9700000
AW00012146,1971-01-11,Male,2026-07-14 10:09:33.9700000
AW00012147,1970-06-27,Female,2026-07-14 10:09:33.9700000
AW00012148,1970-06-05,Female,2026-07-14 10:09:33.9700000
AW00012149,1975-06-21,Female,2026-07-14 10:09:33.9700000
AW00012150,1975-08-09,Male,2026-07-14 10:09:33.9700000
AW00012151,1969-11-09,Male,2026-07-14 10:09:33.9700000
AW00012152,1975-03-23,Male,2026-07-14 10:09:33.9700000
AW00012153,1962-03-15,Female,2026-07-14 10:09:33.9700000
AW00012154,1967-07-21,Female,2026-07-14 10:09:33.9700000
AW00012155,1967-10-12,Female,2026-07-14 10:09:33.9700000
AW00012156,1939-07-12,Female,2026-07-14 10:09:33.9700000
AW00012157,1940-03-21,Male,2026-07-14 10:09:33.9700000
AW00012158,1979-10-18,Male,2026-07-14 10:09:33.9700000
AW00012159,1974-11-10,Female,2026-07-14 10:09:33.9700000
AW00012160,1969-05-23,Female,2026-07-14 10:09:33.9700000
AW00012161,1974-03-04,Female,2026-07-14 10:09:33.9700000
AW00012162,1974-12-16,Male,2026-07-14 10:09:33.9700000
AW00012163,1969-03-04,Male,2026-07-14 10:09:33.9700000
AW00012164,1974-04-09,Male,2026-07-14 10:09:33.9700000
AW00012165,1967-12-10,Male,2026-07-14 10:09:33.9700000
AW00012166,1984-03-06,Male,2026-07-14 10:09:33.9700000
AW00012167,1968-03-20,Male,2026-07-14 10:09:33.9700000
AW00012168,1966-08-09,Male,2026-07-14 10:09:33.9700000
AW00012169,1972-11-12,Female,2026-07-14 10:09:33.9700000
AW00012170,1972-01-04,Female,2026-07-14 10:09:33.9700000
AW00012171,1972-01-31,Female,2026-07-14 10:09:33.9700000
AW00012172,1972-03-01,Male,2026-07-14 10:09:33.9700000
AW00012173,1967-03-12,Male,2026-07-14 10:09:33.9700000
AW00012174,1966-11-04,Male,2026-07-14 10:09:33.9700000
AW00012175,1966-09-09,Male,2026-07-14 10:09:33.9700000
AW00012176,1966-11-12,Male,2026-07-14 10:09:33.9700000
AW00012177,1960-09-23,Male,2026-07-14 10:09:33.9700000
AW00012178,1959-11-08,Male,2026-07-14 10:09:33.9700000
AW00012179,1941-04-08,Female,2026-07-14 10:09:33.9700000
AW00012180,1942-03-17,Female,2026-07-14 10:09:33.9700000
AW00012181,1942-02-18,Female,2026-07-14 10:09:33.9700000
AW00012182,1966-06-06,Female,2026-07-14 10:09:33.9700000
AW00012183,1966-04-25,Female,2026-07-14 10:09:33.9700000
AW00012184,1966-06-07,Male,2026-07-14 10:09:33.9700000
AW00012185,1966-01-24,Female,2026-07-14 10:09:33.9700000
AW00012186,1971-05-09,Male,2026-07-14 10:09:33.9700000
AW00012187,1966-01-19,Male,2026-07-14 10:09:33.9700000
AW00012188,NULL,Female,2026-07-14 10:09:33.9700000
AW00012189,1971-02-15,Female,2026-07-14 10:09:33.9700000
AW00012190,1966-06-16,Male,2026-07-14 10:09:33.9700000
AW00012191,1965-04-06,Female,2026-07-14 10:09:33.9700000
AW00012192,1960-05-25,Female,2026-07-14 10:09:33.9700000
AW00012193,1959-08-04,Male,2026-07-14 10:09:33.9700000
AW00012194,1959-01-14,Female,2026-07-14 10:09:33.9700000
AW00012195,1970-05-20,Female,2026-07-14 10:09:33.9700000
AW00012196,1959-03-07,Female,2026-07-14 10:09:33.9700000
AW00012197,1958-07-15,Male,2026-07-14 10:09:33.9700000
AW00012198,1958-08-14,Male,2026-07-14 10:09:33.9700000
AW00012199,1957-11-05,Female,2026-07-14 10:09:33.9700000
AW00012200,1943-01-20,Male,2026-07-14 10:09:33.9700000
AW00012201,1944-02-03,Female,2026-07-14 10:09:33.9700000
AW00012202,1943-11-22,Male,2026-07-14 10:09:33.9700000
AW00012203,1943-09-03,Male,2026-07-14 10:09:33.9700000
AW00012204,1943-08-02,Male,2026-07-14 10:09:33.9700000
AW00012205,1944-03-31,Female,2026-07-14 10:09:33.9700000
AW00012206,1944-10-09,Female,2026-07-14 10:09:33.9700000
AW00012207,1945-12-18,Male,2026-07-14 10:09:33.9700000
AW00012208,1945-08-18,Female,2026-07-14 10:09:33.9700000
AW00012209,1945-12-24,Female,2026-07-14 10:09:33.9700000
AW00012210,1984-03-24,Male,2026-07-14 10:09:33.9700000
AW00012211,1985-02-23,Male,2026-07-14 10:09:33.9700000
AW00012212,1974-11-16,Female,2026-07-14 10:09:33.9700000
AW00012213,1974-01-29,Male,2026-07-14 10:09:33.9700000
AW00012214,1968-03-19,Female,2026-07-14 10:09:33.9700000
AW00012215,1968-06-12,Female,2026-07-14 10:09:33.9700000
AW00012216,1967-09-30,Male,2026-07-14 10:09:33.9700000
AW00012217,1966-12-31,Male,2026-07-14 10:09:33.9700000
AW00012218,1967-05-26,Male,2026-07-14 10:09:33.9700000
AW00012219,1977-10-08,Male,2026-07-14 10:09:33.9700000
AW00012220,1966-07-16,Female,2026-07-14 10:09:33.9700000
AW00012221,1966-07-09,Female,2026-07-14 10:09:33.9700000
AW00012222,1966-09-17,Female,2026-07-14 10:09:33.9700000
AW00012223,1966-08-19,Female,2026-07-14 10:09:33.9700000
AW00012224,1941-03-17,Male,2026-07-14 10:09:33.9700000
AW00012225,1964-05-01,Female,2026-07-14 10:09:33.9700000
AW00012226,1968-04-06,Female,2026-07-14 10:09:33.9700000
AW00012227,1963-02-08,Female,2026-07-14 10:09:33.9700000
AW00012228,1963-02-23,Female,2026-07-14 10:09:33.9700000
AW00012229,1962-05-17,Female,2026-07-14 10:09:33.9700000
AW00012230,1961-08-11,Male,2026-07-14 10:09:33.9700000
AW00012231,1960-09-15,Female,2026-07-14 10:09:33.9700000
AW00012232,1960-10-11,Male,2026-07-14 10:09:33.9700000
AW00012233,1960-11-05,Male,2026-07-14 10:09:33.9700000
AW00012234,1959-08-25,Male,2026-07-14 10:09:33.9700000
AW00012235,1949-05-22,Female,2026-07-14 10:09:33.9700000
AW00012236,1946-12-04,Female,2026-07-14 10:09:33.9700000
AW00012237,1952-05-07,Female,2026-07-14 10:09:33.9700000
AW00012238,1952-07-24,Female,2026-07-14 10:09:33.9700000
AW00012239,1947-11-29,Male,2026-07-14 10:09:33.9700000
AW00012240,1986-06-03,Male,2026-07-14 10:09:33.9700000
AW00012241,1985-05-05,Female,2026-07-14 10:09:33.9700000
AW00012242,1984-08-03,Male,2026-07-14 10:09:33.9700000
AW00012243,1985-11-15,Female,2026-07-14 10:09:33.9700000
AW00012244,1986-05-22,Female,2026-07-14 10:09:33.9700000
AW00012245,1984-05-25,Male,2026-07-14 10:09:33.9700000
AW00012246,1985-04-10,Male,2026-07-14 10:09:33.9700000
AW00012247,1985-04-16,Female,2026-07-14 10:09:33.9700000
AW00012248,NULL,Male,2026-07-14 10:09:33.9700000
AW00012249,1984-03-15,Male,2026-07-14 10:09:33.9700000
AW00012250,1982-10-06,Female,2026-07-14 10:09:33.9700000
AW00012251,1982-10-07,Male,2026-07-14 10:09:33.9700000
AW00012252,1983-03-31,Male,2026-07-14 10:09:33.9700000
AW00012253,1982-08-14,Female,2026-07-14 10:09:33.9700000
AW00012254,1948-08-25,Male,2026-07-14 10:09:33.9700000
AW00012255,1978-01-30,Female,2026-07-14 10:09:33.9700000
AW00012256,1972-10-19,Female,2026-07-14 10:09:33.9700000
AW00012257,1966-10-04,Male,2026-07-14 10:09:33.9700000
AW00012258,1967-03-27,Female,2026-07-14 10:09:33.9700000
AW00012259,1972-04-12,Female,2026-07-14 10:09:33.9700000
AW00012260,1972-05-01,Female,2026-07-14 10:09:33.9700000
AW00012261,1966-04-25,Female,2026-07-14 10:09:33.9700000
AW00012262,1965-11-19,Female,2026-07-14 10:09:33.9700000
AW00012263,1965-09-12,Male,2026-07-14 10:09:33.9700000
AW00012264,1976-08-16,Male,2026-07-14 10:09:33.9700000
AW00012265,1964-12-30,Male,2026-07-14 10:09:33.9700000
AW00012266,1970-03-13,Female,2026-07-14 10:09:33.9700000
AW00012267,1963-11-07,Male,2026-07-14 10:09:33.9700000
AW00012268,1963-10-30,Male,2026-07-14 10:09:33.9700000
AW00012269,1971-06-10,Male,2026-07-14 10:09:33.9700000
AW00012270,1966-03-09,Female,2026-07-14 10:09:33.9700000
AW00012271,1965-03-15,Male,2026-07-14 10:09:33.9700000
AW00012272,1965-06-08,Male,2026-07-14 10:09:33.9700000
AW00012273,1964-04-12,Male,2026-07-14 10:09:33.9700000
AW00012274,1976-03-25,Male,2026-07-14 10:09:33.9700000
AW00012275,1981-06-07,Female,2026-07-14 10:09:33.9700000
AW00012276,1976-01-10,Female,2026-07-14 10:09:33.9700000
AW00012277,1974-10-20,Female,2026-07-14 10:09:33.9700000
AW00012278,1974-07-06,Female,2026-07-14 10:09:33.9700000
AW00012279,1975-12-19,Male,2026-07-14 10:09:33.9700000
AW00012280,1981-06-04,Female,2026-07-14 10:09:33.9700000
AW00012281,1981-04-19,Female,2026-07-14 10:09:33.9700000
AW00012282,1981-01-03,Male,2026-07-14 10:09:33.9700000
AW00012283,1980-08-06,Male,2026-07-14 10:09:33.9700000
AW00012284,1980-09-28,Female,2026-07-14 10:09:33.9700000
AW00012285,1975-05-28,Female,2026-07-14 10:09:33.9700000
AW00012286,1975-03-06,Male,2026-07-14 10:09:33.9700000
AW00012287,1957-06-30,Male,2026-07-14 10:09:33.9700000
AW00012288,1984-09-17,Female,2026-07-14 10:09:33.9700000
AW00012289,1984-09-16,Male,2026-07-14 10:09:33.9700000
AW00012290,1973-10-23,Female,2026-07-14 10:09:33.9700000
AW00012291,1949-10-17,Male,2026-07-14 10:09:33.9700000
AW00012292,1955-03-21,Male,2026-07-14 10:09:33.9700000
AW00012293,1949-11-14,Female,2026-07-14 10:09:33.9700000
AW00012294,1950-05-31,Male,2026-07-14 10:09:33.9700000
AW00012295,1956-03-17,Male,2026-07-14 10:09:33.9700000
AW00012296,1961-08-11,Male,2026-07-14 10:09:33.9700000
AW00012297,1950-07-08,Female,2026-07-14 10:09:33.9700000
AW00012298,1950-11-18,Female,2026-07-14 10:09:33.9700000
AW00012299,1950-12-08,Male,2026-07-14 10:09:33.9700000
AW00012300,1952-01-15,Female,2026-07-14 10:09:33.9700000
AW00012301,1952-06-03,Female,2026-07-14 10:09:33.9700000
AW00012302,1951-08-30,Male,2026-07-14 10:09:33.9700000
AW00012303,1951-10-14,Female,2026-07-14 10:09:33.9700000
AW00012304,1957-06-01,Male,2026-07-14 10:09:33.9700000
AW00012305,1960-01-03,Male,2026-07-14 10:09:33.9700000
AW00012306,1958-12-04,Male,2026-07-14 10:09:33.9700000
AW00012307,1960-05-12,Male,2026-07-14 10:09:33.9700000
AW00012308,1970-10-19,Female,2026-07-14 10:09:33.9700000
AW00012309,1960-04-03,Male,2026-07-14 10:09:33.9700000
AW00012310,1960-01-08,Female,2026-07-14 10:09:33.9700000
AW00012311,1965-06-15,Male,2026-07-14 10:09:33.9700000
AW00012312,1970-05-06,Male,2026-07-14 10:09:33.9700000
AW00012313,1958-12-03,Male,2026-07-14 10:09:33.9700000
AW00012314,1959-03-20,Female,2026-07-14 10:09:33.9700000
AW00012315,1959-03-19,Female,2026-07-14 10:09:33.9700000
AW00012316,1964-11-21,Male,2026-07-14 10:09:33.9700000
AW00012317,1959-03-24,Male,2026-07-14 10:09:33.9700000
AW00012318,1958-10-31,Female,2026-07-14 10:09:33.9700000
AW00012319,1958-01-08,Female,2026-07-14 10:09:33.9700000
AW00012320,1963-06-14,Female,2026-07-14 10:09:33.9700000
AW00012321,1956-08-14,Female,2026-07-14 10:09:33.9700000
AW00012322,1957-01-29,Female,2026-07-14 10:09:33.9700000
AW00012323,1962-01-11,Male,2026-07-14 10:09:33.9700000
AW00012324,1956-08-26,Male,2026-07-14 10:09:33.9700000
AW00012325,1956-09-14,Female,2026-07-14 10:09:33.9700000
AW00012326,1956-08-02,Male,2026-07-14 10:09:33.9700000
AW00012327,1961-01-14,Male,2026-07-14 10:09:33.9700000
AW00012328,1955-09-15,Male,2026-07-14 10:09:33.9700000
AW00012329,1956-04-21,Female,2026-07-14 10:09:33.9700000
AW00012330,1954-12-19,Male,2026-07-14 10:09:33.9700000
AW00012331,1954-01-14,Female,2026-07-14 10:09:33.9700000
AW00012332,1954-02-07,Male,2026-07-14 10:09:33.9700000
AW00012333,1954-05-18,Male,2026-07-14 10:09:33.9700000
AW00012334,1959-08-17,Male,2026-07-14 10:09:33.9700000
AW00012335,1959-02-19,Male,2026-07-14 10:09:33.9700000
AW00012336,1953-01-05,Male,2026-07-14 10:09:33.9700000
AW00012337,1981-04-07,Male,2026-07-14 10:09:33.9700000
AW00012338,1982-01-05,Female,2026-07-14 10:09:33.9700000
AW00012339,1982-01-05,Male,2026-07-14 10:09:33.9700000
AW00012340,1982-05-05,Female,2026-07-14 10:09:33.9700000
AW00012341,1982-03-09,Female,2026-07-14 10:09:33.9700000
AW00012342,1980-09-05,Female,2026-07-14 10:09:33.9700000
AW00012343,1979-12-02,Female,2026-07-14 10:09:33.9700000
AW00012344,1980-11-29,Female,2026-07-14 10:09:33.9700000
AW00012345,1980-12-24,Female,2026-07-14 10:09:33.9700000
AW00012346,1980-11-18,Male,2026-07-14 10:09:33.9700000
AW00012347,1980-08-20,Female,2026-07-14 10:09:33.9700000
AW00012348,1979-08-24,Male,2026-07-14 10:09:33.9700000
AW00012349,1980-01-23,Female,2026-07-14 10:09:33.9700000
AW00012350,1984-02-22,Male,2026-07-14 10:09:33.9700000
AW00012351,1984-09-28,Female,2026-07-14 10:09:33.9700000
AW00012352,1978-09-02,Male,2026-07-14 10:09:33.9700000
AW00012353,1984-10-16,Male,2026-07-14 10:09:33.9700000
AW00012354,1984-08-03,Male,2026-07-14 10:09:33.9700000
AW00012355,1984-03-19,Female,2026-07-14 10:09:33.9700000
AW00012356,1977-02-18,Female,2026-07-14 10:09:33.9700000
AW00012357,1982-04-03,Female,2026-07-14 10:09:33.9700000
AW00012358,1975-08-26,Female,2026-07-14 10:09:33.9700000
AW00012359,1975-08-19,Female,2026-07-14 10:09:33.9700000
AW00012360,1977-01-22,Male,2026-07-14 10:09:33.9700000
AW00012361,1982-03-28,Female,2026-07-14 10:09:33.9700000
AW00012362,1952-07-02,Male,2026-07-14 10:09:33.9700000
AW00012363,1947-06-24,Female,2026-07-14 10:09:33.9700000
AW00012364,1947-04-27,Female,2026-07-14 10:09:33.9700000
AW00012365,1953-02-08,Male,2026-07-14 10:09:33.9700000
AW00012366,1948-01-07,Female,2026-07-14 10:09:33.9700000
AW00012367,1979-02-19,Female,2026-07-14 10:09:33.9700000
AW00012368,1978-12-20,Male,2026-07-14 10:09:33.9700000
AW00012369,1969-04-04,Male,2026-07-14 10:09:33.9700000
AW00012370,1968-12-24,Male,2026-07-14 10:09:33.9700000
AW00012371,1968-08-13,Female,2026-07-14 10:09:33.9700000
AW00012372,1969-03-17,Male,2026-07-14 10:09:33.9700000
AW00012373,1985-08-02,Male,2026-07-14 10:09:33.9700000
AW00012374,1985-09-25,Female,2026-07-14 10:09:33.9700000
AW00012375,1985-08-23,Male,2026-07-14 10:09:33.9700000
AW00012376,1985-09-29,Female,2026-07-14 10:09:33.9700000
AW00012377,1985-09-11,Male,2026-07-14 10:09:33.9700000
AW00012378,1985-02-16,Female,2026-07-14 10:09:33.9700000
AW00012379,1984-02-16,Female,2026-07-14 10:09:33.9700000
AW00012380,1979-09-04,Male,2026-07-14 10:09:33.9700000
AW00012381,1985-02-13,Male,2026-07-14 10:09:33.9700000
AW00012382,1983-11-08,Female,2026-07-14 10:09:33.9700000
AW00012383,1978-10-18,Male,2026-07-14 10:09:33.9700000
AW00012384,1979-03-31,Female,2026-07-14 10:09:33.9700000
AW00012385,1978-09-24,Female,2026-07-14 10:09:33.9700000
AW00012386,1977-10-06,Female,2026-07-14 10:09:33.9700000
AW00012387,1983-12-24,Female,2026-07-14 10:09:33.9700000
AW00012388,1978-01-16,Female,2026-07-14 10:09:33.9700000
AW00012389,1978-01-03,Male,2026-07-14 10:09:33.9700000
AW00012390,1983-09-14,Female,2026-07-14 10:09:33.9700000
AW00012391,1983-02-20,Female,2026-07-14 10:09:33.9700000
AW00012392,1977-01-22,Female,2026-07-14 10:09:33.9700000
AW00012393,1977-01-12,Female,2026-07-14 10:09:33.9700000
AW00012394,1982-03-09,Female,2026-07-14 10:09:33.9700000
AW00012395,1982-04-21,Male,2026-07-14 10:09:33.9700000
AW00012396,1976-10-11,Female,2026-07-14 10:09:33.9700000
AW00012397,1975-09-11,Male,2026-07-14 10:09:33.9700000
AW00012398,1977-01-08,Female,2026-07-14 10:09:33.9700000
AW00012399,1977-03-11,Male,2026-07-14 10:09:33.9700000
AW00012400,1977-05-11,Male,2026-07-14 10:09:33.9700000
AW00012401,1982-05-05,Female,2026-07-14 10:09:33.9700000
AW00012402,1976-09-11,Male,2026-07-14 10:09:33.9700000
AW00012403,1976-12-15,Male,2026-07-14 10:09:33.9700000
AW00012404,1982-08-06,Female,2026-07-14 10:09:33.9700000
AW00012405,1976-03-18,Male,2026-07-14 10:09:33.9700000
AW00012406,1975-07-22,Male,2026-07-14 10:09:33.9700000
AW00012407,1981-08-23,Male,2026-07-14 10:09:33.9700000
AW00012408,1975-08-05,Male,2026-07-14 10:09:33.9700000
AW00012409,1980-09-19,Female,2026-07-14 10:09:33.9700000
AW00012410,1981-06-04,Female,2026-07-14 10:09:33.9700000
AW00012411,1981-03-31,Male,2026-07-14 10:09:33.9700000
AW00012412,1936-04-18,Female,2026-07-14 10:09:33.9700000
AW00012413,1977-03-03,Male,2026-07-14 10:09:33.9700000
AW00012414,1971-12-19,Male,2026-07-14 10:09:33.9700000
AW00012415,1972-05-01,Female,2026-07-14 10:09:33.9700000
AW00012416,1983-02-07,Female,2026-07-14 10:09:33.9700000
AW00012417,1977-11-21,Female,2026-07-14 10:09:33.9700000
AW00012418,1959-04-23,Male,2026-07-14 10:09:33.9700000
AW00012419,1958-12-03,Female,2026-07-14 10:09:33.9700000
AW00012420,1959-02-17,Male,2026-07-14 10:09:33.9700000
AW00012421,1964-03-08,Male,2026-07-14 10:09:33.9700000
AW00012422,1959-04-22,Female,2026-07-14 10:09:33.9700000
AW00012423,1970-10-19,Female,2026-07-14 10:09:33.9700000
AW00012424,1965-09-20,Female,2026-07-14 10:09:33.9700000
AW00012425,1959-09-02,Male,2026-07-14 10:09:33.9700000
AW00012426,1960-03-22,Male,2026-07-14 10:09:33.9700000
AW00012427,1959-08-08,Female,2026-07-14 10:09:33.9700000
AW00012428,1960-08-06,Male,2026-07-14 10:09:33.9700000
AW00012429,1961-05-26,Male,2026-07-14 10:09:33.9700000
AW00012430,1960-09-28,Female,2026-07-14 10:09:33.9700000
AW00012431,1960-09-17,Male,2026-07-14 10:09:33.9700000
AW00012432,1961-01-21,Male,2026-07-14 10:09:33.9700000
AW00012433,1966-07-16,Male,2026-07-14 10:09:33.9700000
AW00012434,1960-09-05,Male,2026-07-14 10:09:33.9700000
AW00012435,1961-04-08,Female,2026-07-14 10:09:33.9700000
AW00012436,1960-12-15,Male,2026-07-14 10:09:33.9700000
AW00012437,1971-12-09,Male,2026-07-14 10:09:33.9700000
AW00012438,1966-10-15,Female,2026-07-14 10:09:33.9700000
AW00012439,1961-11-23,Female,2026-07-14 10:09:33.9700000
AW00012440,1962-04-11,Male,2026-07-14 10:09:33.9700000
AW00012441,1963-05-21,Male,2026-07-14 10:09:33.9700000
AW00012442,1963-02-01,Female,2026-07-14 10:09:33.9700000
AW00012443,1962-11-19,Male,2026-07-14 10:09:33.9700000
AW00012444,1962-10-20,Female,2026-07-14 10:09:33.9700000
AW00012445,1962-09-24,Male,2026-07-14 10:09:33.9700000
AW00012446,1963-01-31,Female,2026-07-14 10:09:33.9700000
AW00012447,1963-04-23,Male,2026-07-14 10:09:33.9700000
AW00012448,1974-11-13,Female,2026-07-14 10:09:33.9700000
AW00012449,1963-09-06,Male,2026-07-14 10:09:33.9700000
AW00012450,1964-03-22,Male,2026-07-14 10:09:33.9700000
AW00012451,1964-02-07,Female,2026-07-14 10:09:33.9700000
AW00012452,1964-05-23,Male,2026-07-14 10:09:33.9700000
AW00012453,1963-11-07,Female,2026-07-14 10:09:33.9700000
AW00012454,1964-08-29,Male,2026-07-14 10:09:33.9700000
AW00012455,1964-10-07,Male,2026-07-14 10:09:33.9700000
AW00012456,1965-02-12,Male,2026-07-14 10:09:33.9700000
AW00012457,1965-03-01,Female,2026-07-14 10:09:33.9700000
AW00012458,1973-11-24,Female,2026-07-14 10:09:33.9700000
AW00012459,1974-03-13,Female,2026-07-14 10:09:33.9700000
AW00012460,1974-05-23,Female,2026-07-14 10:09:33.9700000
AW00012461,1979-02-24,Female,2026-07-14 10:09:33.9700000
AW00012462,1973-12-09,Male,2026-07-14 10:09:33.9700000
AW00012463,1974-05-23,Male,2026-07-14 10:09:33.9700000
AW00012464,1973-04-13,Male,2026-07-14 10:09:33.9700000
AW00012465,1978-02-19,Female,2026-07-14 10:09:33.9700000
AW00012466,1972-10-23,Male,2026-07-14 10:09:33.9700000
AW00012467,1983-10-01,Female,2026-07-14 10:09:33.9700000
AW00012468,1978-10-21,Male,2026-07-14 10:09:33.9700000
AW00012469,1972-02-18,Male,2026-07-14 10:09:33.9700000
AW00012470,1971-08-06,Female,2026-07-14 10:09:33.9700000
AW00012471,1972-11-10,Female,2026-07-14 10:09:33.9700000
AW00012472,1977-09-05,Male,2026-07-14 10:09:33.9700000
AW00012473,1972-05-14,Male,2026-07-14 10:09:33.9700000
AW00012474,1977-12-18,Female,2026-07-14 10:09:33.9700000
AW00012475,1970-09-22,Male,2026-07-14 10:09:33.9700000
AW00012476,1981-08-02,Male,2026-07-14 10:09:33.9700000
AW00012477,1971-06-22,Female,2026-07-14 10:09:33.9700000
AW00012478,1970-08-17,Male,2026-07-14 10:09:33.9700000
AW00012479,1970-11-09,Female,2026-07-14 10:09:33.9700000
AW00012480,1980-10-10,Female,2026-07-14 10:09:33.9700000
AW00012481,1970-03-07,Male,2026-07-14 10:09:33.9700000
AW00012482,1969-09-03,Male,2026-07-14 10:09:33.9700000
AW00012483,1969-10-02,Female,2026-07-14 10:09:33.9700000
AW00012484,1975-03-31,Female,2026-07-14 10:09:33.9700000
AW00012485,1975-03-22,Female,2026-07-14 10:09:33.9700000
AW00012486,1980-08-05,Female,2026-07-14 10:09:33.9700000
AW00012487,1975-04-03,Male,2026-07-14 10:09:33.9700000
AW00012488,1968-11-08,Male,2026-07-14 10:09:33.9700000
AW00012489,1977-10-21,Male,2026-07-14 10:09:33.9700000
AW00012490,1972-01-25,Female,2026-07-14 10:09:33.9700000
AW00012491,1971-08-06,Male,2026-07-14 10:09:33.9700000
AW00012492,1972-03-03,Female,2026-07-14 10:09:33.9700000
AW00012493,1970-12-21,Male,2026-07-14 10:09:33.9700000
AW00012494,1975-08-15,Female,2026-07-14 10:09:33.9700000
AW00012495,1969-09-12,Male,2026-07-14 10:09:33.9700000
AW00012496,1980-07-18,Female,2026-07-14 10:09:33.9700000
AW00012497,1969-03-21,Female,2026-07-14 10:09:33.9700000
AW00012498,1979-10-14,Male,2026-07-14 10:09:33.9700000
AW00012499,1984-02-01,Female,2026-07-14 10:09:33.9700000
AW00012500,1984-08-12,Female,2026-07-14 10:09:33.9700000
AW00012501,1985-03-12,Male,2026-07-14 10:09:33.9700000
AW00012502,1985-05-17,Male,2026-07-14 10:09:33.9700000
AW00012503,1985-02-16,Female,2026-07-14 10:09:33.9700000
AW00012504,1968-08-19,Male,2026-07-14 10:09:33.9700000
AW00012505,1968-08-02,Male,2026-07-14 10:09:33.9700000
AW00012506,1968-12-29,Male,2026-07-14 10:09:33.9700000
AW00012507,1973-09-22,Male,2026-07-14 10:09:33.9700000
AW00012508,1968-01-29,Female,2026-07-14 10:09:33.9700000
AW00012509,1967-08-19,Male,2026-07-14 10:09:33.9700000
AW00012510,1968-05-19,Male,2026-07-14 10:09:33.9700000
AW00012511,1983-09-14,Male,2026-07-14 10:09:33.9700000
AW00012512,1983-11-19,Female,2026-07-14 10:09:33.9700000
AW00012513,1983-09-17,Male,2026-07-14 10:09:33.9700000
AW00012514,1983-06-08,Female,2026-07-14 10:09:33.9700000
AW00012515,1982-12-01,Female,2026-07-14 10:09:33.9700000
AW00012516,1982-11-24,Female,2026-07-14 10:09:33.9700000
AW00012517,1983-02-22,Female,2026-07-14 10:09:33.9700000
AW00012518,1983-03-27,Female,2026-07-14 10:09:33.9700000
AW00012519,1983-06-16,Male,2026-07-14 10:09:33.9700000
AW00012520,1982-05-25,Male,2026-07-14 10:09:33.9700000
AW00012521,1980-07-11,Female,2026-07-14 10:09:33.9700000
AW00012522,1982-03-07,Female,2026-07-14 10:09:33.9700000
AW00012523,1982-06-02,Male,2026-07-14 10:09:33.9700000
AW00012524,1980-07-23,Female,2026-07-14 10:09:33.9700000
AW00012525,1980-10-25,Female,2026-07-14 10:09:33.9700000
AW00012526,1986-05-15,Female,2026-07-14 10:09:33.9700000
AW00012527,1965-05-23,Male,2026-07-14 10:09:33.9700000
AW00012528,1964-08-29,Male,2026-07-14 10:09:33.9700000
AW00012529,1965-04-09,Male,2026-07-14 10:09:33.9700000
AW00012530,1977-11-23,Female,2026-07-14 10:09:33.9700000
AW00012531,1977-12-31,Female,2026-07-14 10:09:33.9700000
AW00012532,1978-09-06,Male,2026-07-14 10:09:33.9700000
AW00012533,1946-05-07,Male,2026-07-14 10:09:33.9700000
AW00012534,1967-12-13,Female,2026-07-14 10:09:33.9700000
AW00012535,1973-02-14,Male,2026-07-14 10:09:33.9700000
AW00012536,1966-12-15,Male,2026-07-14 10:09:33.9700000
AW00012537,1972-03-14,Male,2026-07-14 10:09:33.9700000
AW00012538,1967-02-18,Female,2026-07-14 10:09:33.9700000
AW00012539,1940-11-22,Male,2026-07-14 10:09:33.9700000
AW00012540,1942-03-06,Male,2026-07-14 10:09:33.9700000
AW00012541,1968-04-02,Male,2026-07-14 10:09:33.9700000
AW00012542,1967-12-25,Male,2026-07-14 10:09:33.9700000
AW00012543,1963-07-20,Male,2026-07-14 10:09:33.9700000
AW00012544,1963-09-24,Male,2026-07-14 10:09:33.9700000
AW00012545,1968-02-29,Male,2026-07-14 10:09:33.9700000
AW00012546,1962-05-16,Male,2026-07-14 10:09:33.9700000
AW00012547,1978-10-21,Male,2026-07-14 10:09:33.9700000
AW00012548,1960-08-06,Female,2026-07-14 10:09:33.9700000
AW00012549,1960-08-06,Female,2026-07-14 10:09:33.9700000
AW00012550,1960-04-01,Male,2026-07-14 10:09:33.9700000
AW00012551,1948-11-29,Male,2026-07-14 10:09:33.9700000
AW00012552,1944-03-11,Male,2026-07-14 10:09:33.9700000
AW00012553,1944-03-22,Female,2026-07-14 10:09:33.9700000
AW00012554,1943-08-30,Male,2026-07-14 10:09:33.9700000
AW00012555,1944-08-01,Male,2026-07-14 10:09:33.9700000
AW00012556,1945-02-08,Male,2026-07-14 10:09:33.9700000
AW00012557,1945-12-22,Male,2026-07-14 10:09:33.9700000
AW00012558,1946-03-07,Female,2026-07-14 10:09:33.9700000
AW00012559,1946-05-01,Male,2026-07-14 10:09:33.9700000
AW00012560,1945-06-30,Female,2026-07-14 10:09:33.9700000
AW00012561,1947-01-16,Female,2026-07-14 10:09:33.9700000
AW00012562,1947-06-10,Female,2026-07-14 10:09:33.9700000
AW00012563,1946-10-09,Male,2026-07-14 10:09:33.9700000
AW00012564,1946-09-06,Male,2026-07-14 10:09:33.9700000
AW00012565,1947-12-31,Female,2026-07-14 10:09:33.9700000
AW00012566,1947-10-31,Male,2026-07-14 10:09:33.9700000
AW00012567,1953-02-14,Female,2026-07-14 10:09:33.9700000
AW00012568,1947-12-14,Female,2026-07-14 10:09:33.9700000
AW00012569,1947-09-16,Female,2026-07-14 10:09:33.9700000
AW00012570,1985-11-13,Male,2026-07-14 10:09:33.9700000
AW00012571,1985-11-16,Female,2026-07-14 10:09:33.9700000
AW00012572,1985-11-24,Female,2026-07-14 10:09:33.9700000
AW00012573,1985-08-22,Male,2026-07-14 10:09:33.9700000
AW00012574,1985-08-10,Male,2026-07-14 10:09:33.9700000
AW00012575,1985-03-11,Female,2026-07-14 10:09:33.9700000
AW00012576,1984-09-10,Male,2026-07-14 10:09:33.9700000
AW00012577,1985-02-16,Male,2026-07-14 10:09:33.9700000
AW00012578,1985-08-27,Male,2026-07-14 10:09:33.9700000
AW00012579,1984-03-09,Female,2026-07-14 10:09:33.9700000
AW00012580,1984-03-07,Male,2026-07-14 10:09:33.9700000
AW00012581,1983-09-08,Female,2026-07-14 10:09:33.9700000
AW00012582,1982-09-22,Female,2026-07-14 10:09:33.9700000
AW00012583,1982-02-04,Male,2026-07-14 10:09:33.9700000
AW00012584,1982-01-01,Female,2026-07-14 10:09:33.9700000
AW00012585,1984-12-21,Male,2026-07-14 10:09:33.9700000
AW00012586,1984-10-21,Female,2026-07-14 10:09:33.9700000
AW00012587,1984-02-17,Male,2026-07-14 10:09:33.9700000
AW00012588,1983-01-22,Female,2026-07-14 10:09:33.9700000
AW00012589,1982-11-14,Male,2026-07-14 10:09:33.9700000
AW00012590,1948-11-23,Male,2026-07-14 10:09:33.9700000
AW00012591,1972-04-17,Female,2026-07-14 10:09:33.9700000
AW00012592,1967-01-17,Female,2026-07-14 10:09:33.9700000
AW00012593,1966-10-31,Male,2026-07-14 10:09:33.9700000
AW00012594,1966-08-16,Female,2026-07-14 10:09:33.9700000
AW00012595,1966-12-17,Male,2026-07-14 10:09:33.9700000
AW00012596,1966-07-14,Male,2026-07-14 10:09:33.9700000
AW00012597,1965-11-30,Male,2026-07-14 10:09:33.9700000
AW00012598,1965-08-01,Female,2026-07-14 10:09:33.9700000
AW00012599,1970-12-07,Female,2026-07-14 10:09:33.9700000
AW00012600,1963-10-01,Male,2026-07-14 10:09:33.9700000
AW00012601,1971-08-10,Male,2026-07-14 10:09:33.9700000
AW00012602,1966-04-25,Male,2026-07-14 10:09:33.9700000
AW00012603,1971-02-15,Male,2026-07-14 10:09:33.9700000
AW00012604,1976-09-11,Male,2026-07-14 10:09:33.9700000
AW00012605,1977-01-30,Female,2026-07-14 10:09:33.9700000
AW00012606,1965-10-18,Male,2026-07-14 10:09:33.9700000
AW00012607,1966-03-22,Female,2026-07-14 10:09:33.9700000
AW00012608,1970-11-05,Male,2026-07-14 10:09:33.9700000
AW00012609,1965-03-19,Female,2026-07-14 10:09:33.9700000
AW00012610,1964-03-05,Female,2026-07-14 10:09:33.9700000
AW00012611,1981-04-07,Male,2026-07-14 10:09:33.9700000
AW00012612,1974-12-04,Male,2026-07-14 10:09:33.9700000
AW00012613,1981-08-30,Male,2026-07-14 10:09:33.9700000
AW00012614,1975-12-12,Male,2026-07-14 10:09:33.9700000
AW00012615,1985-08-16,Male,2026-07-14 10:09:33.9700000
AW00012616,1980-10-08,Female,2026-07-14 10:09:33.9700000
AW00012617,1975-04-04,Male,2026-07-14 10:09:33.9700000
AW00012618,1974-12-21,Female,2026-07-14 10:09:33.9700000
AW00012619,1975-02-04,Female,2026-07-14 10:09:33.9700000
AW00012620,1974-10-15,Male,2026-07-14 10:09:33.9700000
AW00012621,1980-12-08,Male,2026-07-14 10:09:33.9700000
AW00012622,1974-10-08,Male,2026-07-14 10:09:33.9700000
AW00012623,1958-01-15,Male,2026-07-14 10:09:33.9700000
AW00012624,1958-04-01,Female,2026-07-14 10:09:33.9700000
AW00012625,1957-12-24,Female,2026-07-14 10:09:33.9700000
AW00012626,1956-10-30,Female,2026-07-14 10:09:33.9700000
AW00012627,1978-12-31,Female,2026-07-14 10:09:33.9700000
AW00012628,1979-11-01,Male,2026-07-14 10:09:33.9700000
AW00012629,1979-12-23,Male,2026-07-14 10:09:33.9700000
AW00012630,1960-03-21,Male,2026-07-14 10:09:33.9700000
AW00012631,1949-11-14,Male,2026-07-14 10:09:33.9700000
AW00012632,1961-02-11,Female,2026-07-14 10:09:33.9700000
AW00012633,1950-08-09,Male,2026-07-14 10:09:33.9700000
AW00012634,1951-03-13,Male,2026-07-14 10:09:33.9700000
AW00012635,1957-09-21,Male,2026-07-14 10:09:33.9700000
AW00012636,1952-01-31,Female,2026-07-14 10:09:33.9700000
AW00012637,1951-08-30,Male,2026-07-14 10:09:33.9700000
AW00012638,1964-12-30,Male,2026-07-14 10:09:33.9700000
AW00012639,1959-01-09,Male,2026-07-14 10:09:33.9700000
AW00012640,1964-11-18,Male,2026-07-14 10:09:33.9700000
AW00012641,1959-09-02,Male,2026-07-14 10:09:33.9700000
AW00012642,1965-04-09,Male,2026-07-14 10:09:33.9700000
AW00012643,1959-01-21,Female,2026-07-14 10:09:33.9700000
AW00012644,1958-12-01,Female,2026-07-14 10:09:33.9700000
AW00012645,1964-05-03,Female,2026-07-14 10:09:33.9700000
AW00012646,1958-01-08,Male,2026-07-14 10:09:33.9700000
AW00012647,1963-09-23,Female,2026-07-14 10:09:33.9700000
AW00012648,1957-09-07,Female,2026-07-14 10:09:33.9700000
AW00012649,1957-06-08,Male,2026-07-14 10:09:33.9700000
AW00012650,1955-09-03,Male,2026-07-14 10:09:33.9700000
AW00012651,1955-12-14,Male,2026-07-14 10:09:33.9700000
AW00012652,1956-02-06,Female,2026-07-14 10:09:33.9700000
AW00012653,1955-07-25,Female,2026-07-14 10:09:33.9700000
AW00012654,1956-05-26,Female,2026-07-14 10:09:33.9700000
AW00012655,1954-08-20,Male,2026-07-14 10:09:33.9700000
AW00012656,1960-09-01,Male,2026-07-14 10:09:33.9700000
AW00012657,1954-12-04,Female,2026-07-14 10:09:33.9700000
AW00012658,1960-01-08,Female,2026-07-14 10:09:33.9700000
AW00012659,1953-09-14,Male,2026-07-14 10:09:33.9700000
AW00012660,1953-04-17,Female,2026-07-14 10:09:33.9700000
AW00012661,1953-02-18,Female,2026-07-14 10:09:33.9700000
AW00012662,1952-11-21,Male,2026-07-14 10:09:33.9700000
AW00012663,1952-12-21,Female,2026-07-14 10:09:33.9700000
AW00012664,1952-07-02,Female,2026-07-14 10:09:33.9700000
AW00012665,1981-04-03,Female,2026-07-14 10:09:33.9700000
AW00012666,1981-02-16,Male,2026-07-14 10:09:33.9700000
AW00012667,1982-05-22,Female,2026-07-14 10:09:33.9700000
AW00012668,1981-10-24,Female,2026-07-14 10:09:33.9700000
AW00012669,1981-09-01,Male,2026-07-14 10:09:33.9700000
AW00012670,1981-01-17,Female,2026-07-14 10:09:33.9700000
AW00012671,1979-08-11,Male,2026-07-14 10:09:33.9700000
AW00012672,1981-05-06,Male,2026-07-14 10:09:33.9700000
AW00012673,1981-02-24,Male,2026-07-14 10:09:33.9700000
AW00012674,1981-01-23,Male,2026-07-14 10:09:33.9700000
AW00012675,1984-10-01,Female,2026-07-14 10:09:33.9700000
AW00012676,1979-12-26,Female,2026-07-14 10:09:33.9700000
AW00012677,1980-05-04,Male,2026-07-14 10:09:33.9700000
AW00012678,1980-04-08,Female,2026-07-14 10:09:33.9700000
AW00012679,1979-05-10,Female,2026-07-14 10:09:33.9700000
AW00012680,1977-12-30,Male,2026-07-14 10:09:33.9700000
AW00012681,1977-09-05,Female,2026-07-14 10:09:33.9700000
AW00012682,1978-12-12,Female,2026-07-14 10:09:33.9700000
AW00012683,1978-08-01,Female,2026-07-14 10:09:33.9700000
AW00012684,1978-11-20,Male,2026-07-14 10:09:33.9700000
AW00012685,1977-09-19,Female,2026-07-14 10:09:33.9700000
AW00012686,1978-04-17,Female,2026-07-14 10:09:33.9700000
AW00012687,1977-10-18,Male,2026-07-14 10:09:33.9700000
AW00012688,1978-02-01,Female,2026-07-14 10:09:33.9700000
AW00012689,1978-04-04,Female,2026-07-14 10:09:33.9700000
AW00012690,1978-03-12,Male,2026-07-14 10:09:33.9700000
AW00012691,1977-08-08,Male,2026-07-14 10:09:33.9700000
AW00012692,1977-01-22,Male,2026-07-14 10:09:33.9700000
AW00012693,1976-07-08,Female,2026-07-14 10:09:33.9700000
AW00012694,1983-01-07,Male,2026-07-14 10:09:33.9700000
AW00012695,1976-08-01,Female,2026-07-14 10:09:33.9700000
AW00012696,1982-03-13,Female,2026-07-14 10:09:33.9700000
AW00012697,1975-12-22,Female,2026-07-14 10:09:33.9700000
AW00012698,1981-05-10,Male,2026-07-14 10:09:33.9700000
AW00012699,1975-09-15,Female,2026-07-14 10:09:33.9700000
AW00012700,1976-09-16,Female,2026-07-14 10:09:33.9700000
AW00012701,1982-10-14,Male,2026-07-14 10:09:33.9700000
AW00012702,1977-03-06,Female,2026-07-14 10:09:33.9700000
AW00012703,1976-12-17,Female,2026-07-14 10:09:33.9700000
AW00012704,1976-10-13,Female,2026-07-14 10:09:33.9700000
AW00012705,1980-08-06,Male,2026-07-14 10:09:33.9700000
AW00012706,1980-01-10,Male,2026-07-14 10:09:33.9700000
AW00012707,1947-03-28,Male,2026-07-14 10:09:33.9700000
AW00012708,1952-04-21,Female,2026-07-14 10:09:33.9700000
AW00012709,1946-07-14,Male,2026-07-14 10:09:33.9700000
AW00012710,1946-12-17,Male,2026-07-14 10:09:33.9700000
AW00012711,1978-10-18,Female,2026-07-14 10:09:33.9700000
AW00012712,1979-02-14,Male,2026-07-14 10:09:33.9700000
AW00012713,1978-12-07,Female,2026-07-14 10:09:33.9700000
AW00012714,1979-01-14,Female,2026-07-14 10:09:33.9700000
AW00012715,1969-01-14,Male,2026-07-14 10:09:33.9700000
AW00012716,1979-09-13,Male,2026-07-14 10:09:33.9700000
AW00012717,1979-12-05,Female,2026-07-14 10:09:33.9700000
AW00012718,1980-05-13,Female,2026-07-14 10:09:33.9700000
AW00012719,1985-11-30,Female,2026-07-14 10:09:33.9700000
AW00012720,1980-05-01,Male,2026-07-14 10:09:33.9700000
AW00012721,1979-07-14,Female,2026-07-14 10:09:33.9700000
AW00012722,1985-08-11,Female,2026-07-14 10:09:33.9700000
AW00012723,1986-05-13,Male,2026-07-14 10:09:33.9700000
AW00012724,1985-07-23,Male,2026-07-14 10:09:33.9700000
AW00012725,1916-02-10,Female,2026-07-14 10:09:33.9700000
AW00012726,1985-08-18,Male,2026-07-14 10:09:33.9700000
AW00012727,1985-10-10,Female,2026-07-14 10:09:33.9700000
AW00012728,1984-12-23,Male,2026-07-14 10:09:33.9700000
AW00012729,1984-11-12,Male,2026-07-14 10:09:33.9700000
AW00012730,1984-04-14,Female,2026-07-14 10:09:33.9700000
AW00012731,1984-09-10,Male,2026-07-14 10:09:33.9700000
AW00012732,1977-08-20,Male,2026-07-14 10:09:33.9700000
AW00012733,1977-08-26,Female,2026-07-14 10:09:33.9700000
AW00012734,1978-04-02,Female,2026-07-14 10:09:33.9700000
AW00012735,1983-10-16,Male,2026-07-14 10:09:33.9700000
AW00012736,1978-01-23,Female,2026-07-14 10:09:33.9700000
AW00012737,1978-07-19,Male,2026-07-14 10:09:33.9700000
AW00012738,1978-12-14,Female,2026-07-14 10:09:33.9700000
AW00012739,1979-06-11,Male,2026-07-14 10:09:33.9700000
AW00012740,1978-05-27,Female,2026-07-14 10:09:33.9700000
AW00012741,1977-08-02,Male,2026-07-14 10:09:33.9700000
AW00012742,1978-05-22,Female,2026-07-14 10:09:33.9700000
AW00012743,1978-06-18,Male,2026-07-14 10:09:33.9700000
AW00012744,1978-05-27,Female,2026-07-14 10:09:33.9700000
AW00012745,1977-12-11,Male,2026-07-14 10:09:33.9700000
AW00012746,1976-10-15,Male,2026-07-14 10:09:33.9700000
AW00012747,1982-10-29,Female,2026-07-14 10:09:33.9700000
AW00012748,1977-02-07,Female,2026-07-14 10:09:33.9700000
AW00012749,1976-08-29,Male,2026-07-14 10:09:33.9700000
AW00012750,1976-02-08,Female,2026-07-14 10:09:33.9700000
AW00012751,1976-06-10,Female,2026-07-14 10:09:33.9700000
AW00012752,1976-05-17,Male,2026-07-14 10:09:33.9700000
AW00012753,1976-11-16,Male,2026-07-14 10:09:33.9700000
AW00012754,1981-06-16,Female,2026-07-14 10:09:33.9700000
AW00012755,1981-03-31,Female,2026-07-14 10:09:33.9700000
AW00012756,1980-12-23,Male,2026-07-14 10:09:33.9700000
AW00012757,1980-06-18,Female,2026-07-14 10:09:33.9700000
AW00012758,1935-07-11,Female,2026-07-14 10:09:33.9700000
AW00012759,1937-01-10,Female,2026-07-14 10:09:33.9700000
AW00012760,1971-07-26,Female,2026-07-14 10:09:33.9700000
AW00012761,1971-09-01,Female,2026-07-14 10:09:33.9700000
AW00012762,1964-12-16,Male,2026-07-14 10:09:33.9700000
AW00012763,1969-08-01,Female,2026-07-14 10:09:33.9700000
AW00012764,1964-08-13,Female,2026-07-14 10:09:33.9700000
AW00012765,1959-11-17,Female,2026-07-14 10:09:33.9700000
AW00012766,1971-02-08,Female,2026-07-14 10:09:33.9700000
AW00012767,1960-05-02,Male,2026-07-14 10:09:33.9700000
AW00012768,1959-11-23,Male,2026-07-14 10:09:33.9700000
AW00012769,1960-09-17,Male,2026-07-14 10:09:33.9700000
AW00012770,1966-09-19,Male,2026-07-14 10:09:33.9700000
AW00012771,1966-10-18,Female,2026-07-14 10:09:33.9700000
AW00012772,1960-10-22,Female,2026-07-14 10:09:33.9700000
AW00012773,1961-05-08,Female,2026-07-14 10:09:33.9700000
AW00012774,1971-09-18,Female,2026-07-14 10:09:33.9700000
AW00012775,1972-03-03,Male,2026-07-14 10:09:33.9700000
AW00012776,1960-07-17,Male,2026-07-14 10:09:33.9700000
AW00012777,1961-11-19,Male,2026-07-14 10:09:33.9700000
AW00012778,1961-10-06,Female,2026-07-14 10:09:33.9700000
AW00012779,1962-01-31,Male,2026-07-14 10:09:33.9700000
AW00012780,1967-03-19,Male,2026-07-14 10:09:33.9700000
AW00012781,1961-12-26,Female,2026-07-14 10:09:33.9700000
AW00012782,1978-03-12,Female,2026-07-14 10:09:33.9700000
AW00012783,1961-10-06,Male,2026-07-14 10:09:33.9700000
AW00012784,1961-09-04,Male,2026-07-14 10:09:33.9700000
AW00012785,1967-03-19,Male,2026-07-14 10:09:33.9700000
AW00012786,1961-08-31,Male,2026-07-14 10:09:33.9700000
AW00012787,1967-10-18,Female,2026-07-14 10:09:33.9700000
AW00012788,1962-12-26,Female,2026-07-14 10:09:33.9700000
AW00012789,1962-10-22,Female,2026-07-14 10:09:33.9700000
AW00012790,1964-04-03,Male,2026-07-14 10:09:33.9700000
AW00012791,1975-03-23,Female,2026-07-14 10:09:33.9700000
AW00012792,1963-09-18,Male,2026-07-14 10:09:33.9700000
AW00012793,1969-04-13,Male,2026-07-14 10:09:33.9700000
AW00012794,1965-04-06,Female,2026-07-14 10:09:33.9700000
AW00012795,1964-10-09,Male,2026-07-14 10:09:33.9700000
AW00012796,1964-09-04,Male,2026-07-14 10:09:33.9700000
AW00012797,1965-02-19,Male,2026-07-14 10:09:33.9700000
AW00012798,1973-07-13,Male,2026-07-14 10:09:33.9700000
AW00012799,1984-12-09,Male,2026-07-14 10:09:33.9700000
AW00012800,1973-09-18,Female,2026-07-14 10:09:33.9700000
AW00012801,1973-07-04,Female,2026-07-14 10:09:33.9700000
AW00012802,1973-10-16,Male,2026-07-14 10:09:33.9700000
AW00012803,1973-09-15,Female,2026-07-14 10:09:33.9700000
AW00012804,1973-12-02,Female,2026-07-14 10:09:33.9700000
AW00012805,1973-12-11,Male,2026-07-14 10:09:33.9700000
AW00012806,1973-09-15,Male,2026-07-14 10:09:33.9700000
AW00012807,1974-02-01,Female,2026-07-14 10:09:33.9700000
AW00012808,1973-11-08,Male,2026-07-14 10:09:33.9700000
AW00012809,1973-03-21,Female,2026-07-14 10:09:33.9700000
AW00012810,1932-01-25,Male,2026-07-14 10:09:33.9700000
AW00012811,1978-04-16,Male,2026-07-14 10:09:33.9700000
AW00012812,1973-02-17,Female,2026-07-14 10:09:33.9700000
AW00012813,1973-05-07,Male,2026-07-14 10:09:33.9700000
AW00012814,1983-10-04,Female,2026-07-14 10:09:33.9700000
AW00012815,1972-12-23,Female,2026-07-14 10:09:33.9700000
AW00012816,1977-06-20,Female,2026-07-14 10:09:33.9700000
AW00012817,1971-08-09,Male,2026-07-14 10:09:33.9700000
AW00012818,1971-08-18,Male,2026-07-14 10:09:33.9700000
AW00012819,1977-04-19,Male,2026-07-14 10:09:33.9700000
AW00012820,1971-08-09,Male,2026-07-14 10:09:33.9700000
AW00012821,1978-06-11,Male,2026-07-14 10:09:33.9700000
AW00012822,1978-05-20,Female,2026-07-14 10:09:33.9700000
AW00012823,1933-05-16,Female,2026-07-14 10:09:33.9700000
AW00012824,1971-11-03,Male,2026-07-14 10:09:33.9700000
AW00012825,1971-07-20,Male,2026-07-14 10:09:33.9700000
AW00012826,1971-01-04,Male,2026-07-14 10:09:33.9700000
AW00012827,1971-01-12,Male,2026-07-14 10:09:33.9700000
AW00012828,1975-06-01,Female,2026-07-14 10:09:33.9700000
AW00012829,1970-01-11,Male,2026-07-14 10:09:33.9700000
AW00012830,1970-06-23,Male,2026-07-14 10:09:33.9700000
AW00012831,1975-01-12,Female,2026-07-14 10:09:33.9700000
AW00012832,1969-10-19,Male,2026-07-14 10:09:33.9700000
AW00012833,1975-01-13,Female,2026-07-14 10:09:33.9700000
AW00012834,1975-03-10,Female,2026-07-14 10:09:33.9700000
AW00012835,1969-03-21,Male,2026-07-14 10:09:33.9700000
AW00012836,1968-08-30,Male,2026-07-14 10:09:33.9700000
AW00012837,1939-03-27,Female,2026-07-14 10:09:33.9700000
AW00012838,1971-11-08,Male,2026-07-14 10:09:33.9700000
AW00012839,1971-12-16,Female,2026-07-14 10:09:33.9700000
AW00012840,1945-08-08,Female,2026-07-14 10:09:33.9700000
AW00012841,1976-08-20,Female,2026-07-14 10:09:33.9700000
AW00012842,1981-08-30,Male,2026-07-14 10:09:33.9700000
AW00012843,1971-01-30,Female,2026-07-14 10:09:33.9700000
AW00012844,1970-09-25,Male,2026-07-14 10:09:33.9700000
AW00012845,1976-11-24,Female,2026-07-14 10:09:33.9700000
AW00012846,1970-01-03,Female,2026-07-14 10:09:33.9700000
AW00012847,1970-01-14,Male,2026-07-14 10:09:33.9700000
AW00012848,1970-05-02,Female,2026-07-14 10:09:33.9700000
AW00012849,1974-02-22,Male,2026-07-14 10:09:33.9700000
AW00012850,1982-12-04,Male,2026-07-14 10:09:33.9700000
AW00012851,1985-03-25,Female,2026-07-14 10:09:33.9700000
AW00012852,1984-08-03,Female,2026-07-14 10:09:33.9700000
AW00012853,1969-02-21,Female,2026-07-14 10:09:33.9700000
AW00012854,1968-11-19,Male,2026-07-14 10:09:33.9700000
AW00012855,1968-08-02,Male,2026-07-14 10:09:33.9700000
AW00012856,1979-10-01,Female,2026-07-14 10:09:33.9700000
AW00012857,1969-02-13,Male,2026-07-14 10:09:33.9700000
AW00012858,1967-10-19,Female,2026-07-14 10:09:33.9700000
AW00012859,1968-02-14,Female,2026-07-14 10:09:33.9700000
AW00012860,1973-03-21,Female,2026-07-14 10:09:33.9700000
AW00012861,1973-03-21,Female,2026-07-14 10:09:33.9700000
AW00012862,1983-08-11,Female,2026-07-14 10:09:33.9700000
AW00012863,1984-02-22,Male,2026-07-14 10:09:33.9700000
AW00012864,1983-10-31,Female,2026-07-14 10:09:33.9700000
AW00012865,1981-09-21,Female,2026-07-14 10:09:33.9700000
AW00012866,1980-12-15,Female,2026-07-14 10:09:33.9700000
AW00012867,1981-01-16,Female,2026-07-14 10:09:33.9700000
AW00012868,1980-11-09,Female,2026-07-14 10:09:33.9700000
AW00012869,1981-09-22,Female,2026-07-14 10:09:33.9700000
AW00012870,1982-03-19,Male,2026-07-14 10:09:33.9700000
AW00012871,1982-04-05,Female,2026-07-14 10:09:33.9700000
AW00012872,1980-11-07,Female,2026-07-14 10:09:33.9700000
AW00012873,1980-03-17,Female,2026-07-14 10:09:33.9700000
AW00012874,1980-03-04,Female,2026-07-14 10:09:33.9700000
AW00012875,1964-11-11,Female,2026-07-14 10:09:33.9700000
AW00012876,1965-01-18,Male,2026-07-14 10:09:33.9700000
AW00012877,1964-11-01,Male,2026-07-14 10:09:33.9700000
AW00012878,1978-03-14,Male,2026-07-14 10:09:33.9700000
AW00012879,1983-07-13,Male,2026-07-14 10:09:33.9700000
AW00012880,1979-03-11,Male,2026-07-14 10:09:33.9700000
AW00012881,1979-05-14,Female,2026-07-14 10:09:33.9700000
AW00012882,1978-09-24,Male,2026-07-14 10:09:33.9700000
AW00012883,1977-05-05,Female,2026-07-14 10:09:33.9700000
AW00012884,1976-11-08,Female,2026-07-14 10:09:33.9700000
AW00012885,1982-08-11,Male,2026-07-14 10:09:33.9700000
AW00012886,1982-10-30,Female,2026-07-14 10:09:33.9700000
AW00012887,1976-08-12,Male,2026-07-14 10:09:33.9700000
AW00012888,1982-10-05,Female,2026-07-14 10:09:33.9700000
AW00012889,1977-05-26,Male,2026-07-14 10:09:33.9700000
AW00012890,1977-01-15,Male,2026-07-14 10:09:33.9700000
AW00012891,1976-10-13,Female,2026-07-14 10:09:33.9700000
AW00012892,1977-10-08,Male,2026-07-14 10:09:33.9700000
AW00012893,1977-10-02,Female,2026-07-14 10:09:33.9700000
AW00012894,1978-02-04,Female,2026-07-14 10:09:33.9700000
AW00012895,1975-10-04,Female,2026-07-14 10:09:33.9700000
AW00012896,1981-07-12,Female,2026-07-14 10:09:33.9700000
AW00012897,1975-07-06,Female,2026-07-14 10:09:33.9700000
AW00012898,1976-03-08,Female,2026-07-14 10:09:33.9700000
AW00012899,1976-01-08,Female,2026-07-14 10:09:33.9700000
AW00012900,1975-12-03,Male,2026-07-14 10:09:33.9700000
AW00012901,1974-08-12,Male,2026-07-14 10:09:33.9700000
AW00012902,1974-10-20,Female,2026-07-14 10:09:33.9700000
AW00012903,1980-09-28,Female,2026-07-14 10:09:33.9700000
AW00012904,1980-02-16,Male,2026-07-14 10:09:33.9700000
AW00012905,1975-03-10,Female,2026-07-14 10:09:33.9700000
AW00012906,1977-02-15,Male,2026-07-14 10:09:33.9700000
AW00012907,1977-05-22,Female,2026-07-14 10:09:33.9700000
AW00012908,1976-09-08,Male,2026-07-14 10:09:33.9700000
AW00012909,1982-05-21,Female,2026-07-14 10:09:33.9700000
AW00012910,1976-08-04,Male,2026-07-14 10:09:33.9700000
AW00012911,1986-04-21,Male,2026-07-14 10:09:33.9700000
AW00012912,1973-09-22,Female,2026-07-14 10:09:33.9700000
AW00012913,1979-02-19,Male,2026-07-14 10:09:33.9700000
AW00012914,1983-10-05,Female,2026-07-14 10:09:33.9700000
AW00012915,1972-09-16,Female,2026-07-14 10:09:33.9700000
AW00012916,1981-05-19,Female,2026-07-14 10:09:33.9700000
AW00012917,1975-08-30,Female,2026-07-14 10:09:33.9700000
AW00012918,1981-02-09,Female,2026-07-14 10:09:33.9700000
AW00012919,1973-01-06,Male,2026-07-14 10:09:33.9700000
AW00012920,1973-03-12,Female,2026-07-14 10:09:33.9700000
AW00012921,1971-12-31,Male,2026-07-14 10:09:33.9700000
AW00012922,1982-09-09,Female,2026-07-14 10:09:33.9700000
AW00012923,1972-02-18,Male,2026-07-14 10:09:33.9700000
AW00012924,1972-04-07,Male,2026-07-14 10:09:33.9700000
AW00012925,1977-08-09,Female,2026-07-14 10:09:33.9700000
AW00012926,1972-01-15,Female,2026-07-14 10:09:33.9700000
AW00012927,1971-12-11,Female,2026-07-14 10:09:33.9700000
AW00012928,1975-05-10,Female,2026-07-14 10:09:33.9700000
AW00012929,1974-09-02,Female,2026-07-14 10:09:33.9700000
AW00012930,1974-11-13,Female,2026-07-14 10:09:33.9700000
AW00012931,1975-04-04,Female,2026-07-14 10:09:33.9700000
AW00012932,1975-05-10,Male,2026-07-14 10:09:33.9700000
AW00012933,1980-02-07,Male,2026-07-14 10:09:33.9700000
AW00012934,1980-11-08,Male,2026-07-14 10:09:33.9700000
AW00012935,1980-04-30,Male,2026-07-14 10:09:33.9700000
AW00012936,1970-09-24,Female,2026-07-14 10:09:33.9700000
AW00012937,1976-01-01,Female,2026-07-14 10:09:33.9700000
AW00012938,1970-08-08,Male,2026-07-14 10:09:33.9700000
AW00012939,1970-09-30,Male,2026-07-14 10:09:33.9700000
AW00012940,1970-09-21,Male,2026-07-14 10:09:33.9700000
AW00012941,1976-05-06,Female,2026-07-14 10:09:33.9700000
AW00012942,1976-11-11,Female,2026-07-14 10:09:33.9700000
AW00012943,1970-08-17,Male,2026-07-14 10:09:33.9700000
AW00012944,1971-01-18,Male,2026-07-14 10:09:33.9700000
AW00012945,1970-09-21,Female,2026-07-14 10:09:33.9700000
AW00012946,1971-06-03,Male,2026-07-14 10:09:33.9700000
AW00012947,1969-08-16,Male,2026-07-14 10:09:33.9700000
AW00012948,1975-09-29,Male,2026-07-14 10:09:33.9700000
AW00012949,1970-06-18,Female,2026-07-14 10:09:33.9700000
AW00012950,1970-04-14,Female,2026-07-14 10:09:33.9700000
AW00012951,1974-12-02,Male,2026-07-14 10:09:33.9700000
AW00012952,1979-12-12,Female,2026-07-14 10:09:33.9700000
AW00012953,1969-05-11,Female,2026-07-14 10:09:33.9700000
AW00012954,1968-02-19,Male,2026-07-14 10:09:33.9700000
AW00012955,1968-03-09,Female,2026-07-14 10:09:33.9700000
AW00012956,1973-03-07,Male,2026-07-14 10:09:33.9700000
AW00012957,1968-02-23,Female,2026-07-14 10:09:33.9700000
AW00012958,1968-01-24,Female,2026-07-14 10:09:33.9700000
AW00012959,1973-05-20,Female,2026-07-14 10:09:33.9700000
AW00012960,1973-11-08,Female,2026-07-14 10:09:33.9700000
AW00012961,1973-05-11,Female,2026-07-14 10:09:33.9700000
AW00012962,1973-04-18,Female,2026-07-14 10:09:33.9700000
AW00012963,1979-04-20,Male,2026-07-14 10:09:33.9700000
AW00012964,1973-05-10,Male,2026-07-14 10:09:33.9700000
AW00012965,1967-03-19,Male,2026-07-14 10:09:33.9700000
AW00012966,1966-09-06,Male,2026-07-14 10:09:33.9700000
AW00012967,1966-10-08,Male,2026-07-14 10:09:33.9700000
AW00012968,1978-06-14,Female,2026-07-14 10:09:33.9700000
AW00012969,1965-11-30,Male,2026-07-14 10:09:33.9700000
AW00012970,1966-01-14,Female,2026-07-14 10:09:33.9700000
AW00012971,1965-08-30,Male,2026-07-14 10:09:33.9700000
AW00012972,1978-06-18,Female,2026-07-14 10:09:33.9700000
AW00012973,1978-03-08,Male,2026-07-14 10:09:33.9700000
AW00012974,1972-08-27,Male,2026-07-14 10:09:33.9700000
AW00012975,1972-10-15,Male,2026-07-14 10:09:33.9700000
AW00012976,1972-12-18,Male,2026-07-14 10:09:33.9700000
AW00012977,1978-02-19,Female,2026-07-14 10:09:33.9700000
AW00012978,1934-05-15,Female,2026-07-14 10:09:33.9700000
AW00012979,1966-02-16,Female,2026-07-14 10:09:33.9700000
AW00012980,1965-02-10,Male,2026-07-14 10:09:33.9700000
AW00012981,1964-10-13,Male,2026-07-14 10:09:33.9700000
AW00012982,1974-11-13,Female,2026-07-14 10:09:33.9700000
AW00012983,1969-12-17,Female,2026-07-14 10:09:33.9700000
AW00012984,1963-08-06,Male,2026-07-14 10:09:33.9700000
AW00012985,1963-11-08,Female,2026-07-14 10:09:33.9700000
AW00012986,1964-03-06,Female,2026-07-14 10:09:33.9700000
AW00012987,1980-05-08,Female,2026-07-14 10:09:33.9700000
AW00012988,1980-01-23,Female,2026-07-14 10:09:33.9700000
AW00012989,1975-05-13,Female,2026-07-14 10:09:33.9700000
AW00012990,1975-04-14,Female,2026-07-14 10:09:33.9700000
AW00012991,1979-03-09,Male,2026-07-14 10:09:33.9700000
AW00012992,1979-10-18,Male,2026-07-14 10:09:33.9700000
AW00012993,1979-12-23,Male,2026-07-14 10:09:33.9700000
AW00012994,1975-10-07,Female,2026-07-14 10:09:33.9700000
AW00012995,1976-03-01,Male,2026-07-14 10:09:33.9700000
AW00012996,1975-11-10,Female,2026-07-14 10:09:33.9700000
AW00012997,1973-11-08,Female,2026-07-14 10:09:33.9700000
AW00012998,1979-01-07,Female,2026-07-14 10:09:33.9700000
AW00012999,1972-12-17,Female,2026-07-14 10:09:33.9700000
AW00013000,1980-09-16,Male,2026-07-14 10:09:33.9700000
AW00013001,1975-03-06,Male,2026-07-14 10:09:33.9700000
AW00013002,1973-02-18,Male,2026-07-14 10:09:33.9700000
AW00013003,1978-01-16,Female,2026-07-14 10:09:33.9700000
AW00013004,1972-10-31,Male,2026-07-14 10:09:33.9700000
AW00013005,1972-02-12,Female,2026-07-14 10:09:33.9700000
AW00013006,1971-10-19,Female,2026-07-14 10:09:33.9700000
AW00013007,1971-04-04,Female,2026-07-14 10:09:33.9700000
AW00013008,1976-07-05,Male,2026-07-14 10:09:33.9700000
AW00013009,1970-09-08,Female,2026-07-14 10:09:33.9700000
AW00013010,1976-08-12,Female,2026-07-14 10:09:33.9700000
AW00013011,1970-11-01,Female,2026-07-14 10:09:33.9700000
AW00013012,1971-03-24,Female,2026-07-14 10:09:33.9700000
AW00013013,1970-05-08,Male,2026-07-14 10:09:33.9700000
AW00013014,1985-01-06,Male,2026-07-14 10:09:33.9700000
AW00013015,1974-01-08,Female,2026-07-14 10:09:33.9700000
AW00013016,1974-01-01,Male,2026-07-14 10:09:33.9700000
AW00013017,1984-08-15,Male,2026-07-14 10:09:33.9700000
AW00013018,1950-04-10,Male,2026-07-14 10:09:33.9700000
AW00013019,1984-08-28,Female,2026-07-14 10:09:33.9700000
AW00013020,1950-11-07,Male,2026-07-14 10:09:33.9700000
AW00013021,1952-01-06,Female,2026-07-14 10:09:33.9700000
AW00013022,1953-02-20,Male,2026-07-14 10:09:33.9700000
AW00013023,1952-08-26,Female,2026-07-14 10:09:33.9700000
AW00013024,1952-09-05,Male,2026-07-14 10:09:33.9700000
AW00013025,1953-05-18,Male,2026-07-14 10:09:33.9700000
AW00013026,1964-10-09,Female,2026-07-14 10:09:33.9700000
AW00013027,1983-06-10,Male,2026-07-14 10:09:33.9700000
AW00013028,1983-03-17,Male,2026-07-14 10:09:33.9700000
AW00013029,1983-03-05,Female,2026-07-14 10:09:33.9700000
AW00013030,1983-01-10,Female,2026-07-14 10:09:33.9700000
AW00013031,1982-08-16,Male,2026-07-14 10:09:33.9700000
AW00013032,1982-10-07,Male,2026-07-14 10:09:33.9700000
AW00013033,1982-05-20,Male,2026-07-14 10:09:33.9700000
AW00013034,1954-08-27,Female,2026-07-14 10:09:33.9700000
AW00013035,1956-05-02,Female,2026-07-14 10:09:33.9700000
AW00013036,1955-08-03,Female,2026-07-14 10:09:33.9700000
AW00013037,1961-04-22,Male,2026-07-14 10:09:33.9700000
AW00013038,1961-01-28,Male,2026-07-14 10:09:33.9700000
AW00013039,1986-02-17,Female,2026-07-14 10:09:33.9700000
AW00013040,1973-09-12,Male,2026-07-14 10:09:33.9700000
AW00013041,1957-05-04,Male,2026-07-14 10:09:33.9700000
AW00013042,1957-03-20,Female,2026-07-14 10:09:33.9700000
AW00013043,1957-10-23,Female,2026-07-14 10:09:33.9700000
AW00013044,1957-07-22,Female,2026-07-14 10:09:33.9700000
AW00013045,1969-05-09,Female,2026-07-14 10:09:33.9700000
AW00013046,1958-04-04,Male,2026-07-14 10:09:33.9700000
AW00013047,1963-08-30,Male,2026-07-14 10:09:33.9700000
AW00013048,1957-12-24,Female,2026-07-14 10:09:33.9700000
AW00013049,1959-01-03,Female,2026-07-14 10:09:33.9700000
AW00013050,1959-06-18,Male,2026-07-14 10:09:33.9700000
AW00013051,1960-05-26,Male,2026-07-14 10:09:33.9700000
AW00013052,NULL,Male,2026-07-14 10:09:33.9700000
AW00013053,1980-11-12,Male,2026-07-14 10:09:33.9700000
AW00013054,1981-03-16,Male,2026-07-14 10:09:33.9700000
AW00013055,1981-04-17,Male,2026-07-14 10:09:33.9700000
AW00013056,1981-03-22,Female,2026-07-14 10:09:33.9700000
AW00013057,1980-12-18,Female,2026-07-14 10:09:33.9700000
AW00013058,1981-02-12,Male,2026-07-14 10:09:33.9700000
AW00013059,1980-08-14,Male,2026-07-14 10:09:33.9700000
AW00013060,1986-06-05,Male,2026-07-14 10:09:33.9700000
AW00013061,1979-11-29,Male,2026-07-14 10:09:33.9700000
AW00013062,1980-01-06,Male,2026-07-14 10:09:33.9700000
AW00013063,1985-03-10,Female,2026-07-14 10:09:33.9700000
AW00013064,1985-03-13,Male,2026-07-14 10:09:33.9700000
AW00013065,1979-10-19,Female,2026-07-14 10:09:33.9700000
AW00013066,1980-03-24,Male,2026-07-14 10:09:33.9700000
AW00013067,1980-05-24,Female,2026-07-14 10:09:33.9700000
AW00013068,1985-02-14,Female,2026-07-14 10:09:33.9700000
AW00013069,1980-02-16,Male,2026-07-14 10:09:33.9700000
AW00013070,1979-04-17,Female,2026-07-14 10:09:33.9700000
AW00013071,1978-11-08,Male,2026-07-14 10:09:33.9700000
AW00013072,1984-10-29,Female,2026-07-14 10:09:33.9700000
AW00013073,1981-07-11,Female,2026-07-14 10:09:33.9700000
AW00013074,1982-03-12,Female,2026-07-14 10:09:33.9700000
AW00013075,1960-10-08,Male,2026-07-14 10:09:33.9700000
AW00013076,1960-08-30,Male,2026-07-14 10:09:33.9700000
AW00013077,1967-05-21,Male,2026-07-14 10:09:33.9700000
AW00013078,1961-07-21,Female,2026-07-14 10:09:33.9700000
AW00013079,1962-08-26,Male,2026-07-14 10:09:33.9700000
AW00013080,1968-05-14,Female,2026-07-14 10:09:33.9700000
AW00013081,1962-09-21,Female,2026-07-14 10:09:33.9700000
AW00013082,1963-08-24,Male,2026-07-14 10:09:33.9700000
AW00013083,1978-08-26,Female,2026-07-14 10:09:33.9700000
AW00013084,1980-04-12,Male,2026-07-14 10:09:33.9700000
AW00013085,1979-09-16,Male,2026-07-14 10:09:33.9700000
AW00013086,1979-11-17,Male,2026-07-14 10:09:33.9700000
AW00013087,1980-05-07,Male,2026-07-14 10:09:33.9700000
AW00013088,1979-08-23,Female,2026-07-14 10:09:33.9700000
AW00013089,1965-02-28,Female,2026-07-14 10:09:33.9700000
AW00013090,1964-11-28,Male,2026-07-14 10:09:33.9700000
AW00013091,1970-08-07,Female,2026-07-14 10:09:33.9700000
AW00013092,1977-10-31,Male,2026-07-14 10:09:33.9700000
AW00013093,1963-04-14,Female,2026-07-14 10:09:33.9700000
AW00013094,1968-03-19,Male,2026-07-14 10:09:33.9700000
AW00013095,1963-01-21,Male,2026-07-14 10:09:33.9700000
AW00013096,1963-04-19,Male,2026-07-14 10:09:33.9700000
AW00013097,1968-05-10,Male,2026-07-14 10:09:33.9700000
AW00013098,1963-04-06,Male,2026-07-14 10:09:33.9700000
AW00013099,1963-02-01,Male,2026-07-14 10:09:33.9700000
AW00013100,1968-07-12,Male,2026-07-14 10:09:33.9700000
AW00013101,1963-04-06,Male,2026-07-14 10:09:33.9700000
AW00013102,1963-03-19,Female,2026-07-14 10:09:33.9700000
AW00013103,1969-01-29,Male,2026-07-14 10:09:33.9700000
AW00013104,1974-04-08,Male,2026-07-14 10:09:33.9700000
AW00013105,1967-12-30,Female,2026-07-14 10:09:33.9700000
AW00013106,1973-07-04,Female,2026-07-14 10:09:33.9700000
AW00013107,1968-01-08,Female,2026-07-14 10:09:33.9700000
AW00013108,1968-06-24,Male,2026-07-14 10:09:33.9700000
AW00013109,1973-08-08,Female,2026-07-14 10:09:33.9700000
AW00013110,1972-12-08,Male,2026-07-14 10:09:33.9700000
AW00013111,1967-02-13,Female,2026-07-14 10:09:33.9700000
AW00013112,1978-01-16,Female,2026-07-14 10:09:33.9700000
AW00013113,1972-01-11,Male,2026-07-14 10:09:33.9700000
AW00013114,1971-10-29,Female,2026-07-14 10:09:33.9700000
AW00013115,1983-03-23,Male,2026-07-14 10:09:33.9700000
AW00013116,1971-11-05,Male,2026-07-14 10:09:33.9700000
AW00013117,1971-07-11,Female,2026-07-14 10:09:33.9700000
AW00013118,1966-01-05,Female,2026-07-14 10:09:33.9700000
AW00013119,1971-05-10,Female,2026-07-14 10:09:33.9700000
AW00013120,1976-07-05,Male,2026-07-14 10:09:33.9700000
AW00013121,1976-03-18,Female,2026-07-14 10:09:33.9700000
AW00013122,1971-01-30,Female,2026-07-14 10:09:33.9700000
AW00013123,1975-05-01,Female,2026-07-14 10:09:33.9700000
AW00013124,1969-08-29,Male,2026-07-14 10:09:33.9700000
AW00013125,1975-07-05,Male,2026-07-14 10:09:33.9700000
AW00013126,1969-08-03,Female,2026-07-14 10:09:33.9700000
AW00013127,1970-06-09,Male,2026-07-14 10:09:33.9700000
AW00013128,1975-04-20,Female,2026-07-14 10:09:33.9700000
AW00013129,1969-11-29,Female,2026-07-14 10:09:33.9700000
AW00013130,1970-10-22,Male,2026-07-14 10:09:33.9700000
AW00013131,1965-02-28,Female,2026-07-14 10:09:33.9700000
AW00013132,1964-08-20,Male,2026-07-14 10:09:33.9700000
AW00013133,1965-02-15,Male,2026-07-14 10:09:33.9700000
AW00013134,1939-10-29,Female,2026-07-14 10:09:33.9700000
AW00013135,1963-01-31,Male,2026-07-14 10:09:33.9700000
AW00013136,1942-05-12,Female,2026-07-14 10:09:33.9700000
AW00013137,1965-08-08,Female,2026-07-14 10:09:33.9700000
AW00013138,1965-12-09,Female,2026-07-14 10:09:33.9700000
AW00013139,1967-02-05,Female,2026-07-14 10:09:33.9700000
AW00013140,1958-10-08,Female,2026-07-14 10:09:33.9700000
AW00013141,1959-04-07,Male,2026-07-14 10:09:33.9700000
AW00013142,1980-09-19,Male,2026-07-14 10:09:33.9700000
AW00013143,1980-08-05,Female,2026-07-14 10:09:33.9700000
AW00013144,1982-02-24,Female,2026-07-14 10:09:33.9700000
AW00013145,1981-07-21,Male,2026-07-14 10:09:33.9700000
AW00013146,1981-11-12,Female,2026-07-14 10:09:33.9700000
AW00013147,1986-02-20,Male,2026-07-14 10:09:33.9700000
AW00013148,1985-09-29,Male,2026-07-14 10:09:33.9700000
AW00013149,1957-02-14,Female,2026-07-14 10:09:33.9700000
AW00013150,1942-12-08,Female,2026-07-14 10:09:33.9700000
AW00013151,1984-06-04,Male,2026-07-14 10:09:33.9700000
AW00013152,1983-08-16,Female,2026-07-14 10:09:33.9700000
AW00013153,1985-04-16,Male,2026-07-14 10:09:33.9700000
AW00013154,1985-01-18,Male,2026-07-14 10:09:33.9700000
AW00013155,1950-04-07,Male,2026-07-14 10:09:33.9700000
AW00013156,1951-07-03,Male,2026-07-14 10:09:33.9700000
AW00013157,1945-08-22,Female,2026-07-14 10:09:33.9700000
AW00013158,1946-09-11,Female,2026-07-14 10:09:33.9700000
AW00013159,1947-04-13,Male,2026-07-14 10:09:33.9700000
AW00013160,1948-08-06,Male,2026-07-14 10:09:33.9700000
AW00013161,1981-10-22,Male,2026-07-14 10:09:33.9700000
AW00013162,1981-10-20,Female,2026-07-14 10:09:33.9700000
AW00013163,1981-09-06,Male,2026-07-14 10:09:33.9700000
AW00013164,1981-11-01,Female,2026-07-14 10:09:33.9700000
AW00013165,1982-03-21,Male,2026-07-14 10:09:33.9700000
AW00013166,1981-09-10,Male,2026-07-14 10:09:33.9700000
AW00013167,1980-01-01,Male,2026-07-14 10:09:33.9700000
AW00013168,1979-09-16,Female,2026-07-14 10:09:33.9700000
AW00013169,1977-08-31,Male,2026-07-14 10:09:33.9700000
AW00013170,1977-07-07,Male,2026-07-14 10:09:33.9700000
AW00013171,1973-12-06,Female,2026-07-14 10:09:33.9700000
AW00013172,1974-03-18,Female,2026-07-14 10:09:33.9700000
AW00013173,1974-03-14,Male,2026-07-14 10:09:33.9700000
AW00013174,1973-11-01,Female,2026-07-14 10:09:33.9700000
AW00013175,1973-08-09,Male,2026-07-14 10:09:33.9700000
AW00013176,1973-02-28,Male,2026-07-14 10:09:33.9700000
AW00013177,1968-08-26,Female,2026-07-14 10:09:33.9700000
AW00013178,1968-10-15,Female,2026-07-14 10:09:33.9700000
AW00013179,1947-12-17,Male,2026-07-14 10:09:33.9700000
AW00013180,1947-08-22,Female,2026-07-14 10:09:33.9700000
AW00013181,1948-06-21,Male,2026-07-14 10:09:33.9700000
AW00013182,1953-11-14,Male,2026-07-14 10:09:33.9700000
AW00013183,1948-01-18,Male,2026-07-14 10:09:33.9700000
AW00013184,1953-08-23,Male,2026-07-14 10:09:33.9700000
AW00013185,1948-06-26,Male,2026-07-14 10:09:33.9700000
AW00013186,1948-05-23,Male,2026-07-14 10:09:33.9700000
AW00013187,1948-02-14,Male,2026-07-14 10:09:33.9700000
AW00013188,1947-07-20,Male,2026-07-14 10:09:33.9700000
AW00013189,1953-03-31,Female,2026-07-14 10:09:33.9700000
AW00013190,1947-08-09,Male,2026-07-14 10:09:33.9700000
AW00013191,1954-07-14,Female,2026-07-14 10:09:33.9700000
AW00013192,1948-09-12,Male,2026-07-14 10:09:33.9700000
AW00013193,1948-11-05,Male,2026-07-14 10:09:33.9700000
AW00013194,1949-02-23,Male,2026-07-14 10:09:33.9700000
AW00013195,1960-05-23,Male,2026-07-14 10:09:33.9700000
AW00013196,1954-10-29,Female,2026-07-14 10:09:33.9700000
AW00013197,1949-06-25,Female,2026-07-14 10:09:33.9700000
AW00013198,1949-04-14,Female,2026-07-14 10:09:33.9700000
AW00013199,1948-12-22,Male,2026-07-14 10:09:33.9700000
AW00013200,1949-01-06,Female,2026-07-14 10:09:33.9700000
AW00013201,1950-02-20,Male,2026-07-14 10:09:33.9700000
AW00013202,1949-10-17,Female,2026-07-14 10:09:33.9700000
AW00013203,1949-10-10,Female,2026-07-14 10:09:33.9700000
AW00013204,1955-08-04,Female,2026-07-14 10:09:33.9700000
AW00013205,1950-02-06,Male,2026-07-14 10:09:33.9700000
AW00013206,1956-06-18,Female,2026-07-14 10:09:33.9700000
AW00013207,1956-10-07,Male,2026-07-14 10:09:33.9700000
AW00013208,1951-04-01,Female,2026-07-14 10:09:33.9700000
AW00013209,1951-01-14,Female,2026-07-14 10:09:33.9700000
AW00013210,1950-11-24,Male,2026-07-14 10:09:33.9700000
AW00013211,1951-06-11,Male,2026-07-14 10:09:33.9700000
AW00013212,1951-02-07,Male,2026-07-14 10:09:33.9700000
AW00013213,1951-08-30,Female,2026-07-14 10:09:33.9700000
AW00013214,1952-06-19,Male,2026-07-14 10:09:33.9700000
AW00013215,1951-10-29,Female,2026-07-14 10:09:33.9700000
AW00013216,1952-03-14,Female,2026-07-14 10:09:33.9700000
AW00013217,1957-04-22,Male,2026-07-14 10:09:33.9700000
AW00013218,1951-07-28,Female,2026-07-14 10:09:33.9700000
AW00013219,1951-08-22,Male,2026-07-14 10:09:33.9700000
AW00013220,1952-01-25,Female,2026-07-14 10:09:33.9700000
AW00013221,1952-06-04,Female,2026-07-14 10:09:33.9700000
AW00013222,1951-08-30,Male,2026-07-14 10:09:33.9700000
AW00013223,1952-01-06,Male,2026-07-14 10:09:33.9700000
AW00013224,1951-08-11,Female,2026-07-14 10:09:33.9700000
AW00013225,1952-12-19,Male,2026-07-14 10:09:33.9700000
AW00013226,1952-09-09,Female,2026-07-14 10:09:33.9700000
AW00013227,1952-11-21,Male,2026-07-14 10:09:33.9700000
AW00013228,1952-10-28,Male,2026-07-14 10:09:33.9700000
AW00013229,1953-02-02,Male,2026-07-14 10:09:33.9700000
AW00013230,1952-09-07,Female,2026-07-14 10:09:33.9700000
AW00013231,1954-04-10,Female,2026-07-14 10:09:33.9700000
AW00013232,1954-04-19,Female,2026-07-14 10:09:33.9700000
AW00013233,1954-06-04,Male,2026-07-14 10:09:33.9700000
AW00013234,1959-08-19,Male,2026-07-14 10:09:33.9700000
AW00013235,1954-03-22,Male,2026-07-14 10:09:33.9700000
AW00013236,1953-11-22,Male,2026-07-14 10:09:33.9700000
AW00013237,1953-10-20,Male,2026-07-14 10:09:33.9700000
AW00013238,1954-04-25,Male,2026-07-14 10:09:33.9700000
AW00013239,1960-04-11,Male,2026-07-14 10:09:33.9700000
AW00013240,1960-11-05,Male,2026-07-14 10:09:33.9700000
AW00013241,1961-01-01,Female,2026-07-14 10:09:33.9700000
AW00013242,1961-05-05,Male,2026-07-14 10:09:33.9700000
AW00013243,1957-05-12,Female,2026-07-14 10:09:33.9700000
AW00013244,1957-04-20,Male,2026-07-14 10:09:33.9700000
AW00013245,1956-12-21,Male,2026-07-14 10:09:33.9700000
AW00013246,1957-07-25,Female,2026-07-14 10:09:33.9700000
AW00013247,1963-05-11,Male,2026-07-14 10:09:33.9700000
AW00013248,1957-09-03,Female,2026-07-14 10:09:33.9700000
AW00013249,1958-01-18,Male,2026-07-14 10:09:33.9700000
AW00013250,1963-02-19,Female,2026-07-14 10:09:33.9700000
AW00013251,1974-08-12,Male,2026-07-14 10:09:33.9700000
AW00013252,1963-12-31,Female,2026-07-14 10:09:33.9700000
AW00013253,1974-11-13,Female,2026-07-14 10:09:33.9700000
AW00013254,1963-07-23,Female,2026-07-14 10:09:33.9700000
AW00013255,1962-09-23,Male,2026-07-14 10:09:33.9700000
AW00013256,1963-05-13,Female,2026-07-14 10:09:33.9700000
AW00013257,1963-01-03,Male,2026-07-14 10:09:33.9700000
AW00013258,1962-08-31,Female,2026-07-14 10:09:33.9700000
AW00013259,1963-05-07,Male,2026-07-14 10:09:33.9700000
AW00013260,1963-04-08,Male,2026-07-14 10:09:33.9700000
AW00013261,1962-10-03,Female,2026-07-14 10:09:33.9700000
AW00013262,1963-04-20,Male,2026-07-14 10:09:33.9700000
AW00013263,1961-10-22,Female,2026-07-14 10:09:33.9700000
AW00013264,1961-11-20,Female,2026-07-14 10:09:33.9700000
AW00013265,1961-07-21,Male,2026-07-14 10:09:33.9700000
AW00013266,1962-01-11,Male,2026-07-14 10:09:33.9700000
AW00013267,1937-09-02,Male,2026-07-14 10:09:33.9700000
AW00013268,1938-01-21,Female,2026-07-14 10:09:33.9700000
AW00013269,1937-09-05,Female,2026-07-14 10:09:33.9700000
AW00013270,1939-04-26,Male,2026-07-14 10:09:33.9700000
AW00013271,1939-06-19,Male,2026-07-14 10:09:33.9700000
AW00013272,1938-10-12,Female,2026-07-14 10:09:33.9700000
AW00013273,1938-08-01,Female,2026-07-14 10:09:33.9700000
AW00013274,1970-10-01,Male,2026-07-14 10:09:33.9700000
AW00013275,1971-02-24,Male,2026-07-14 10:09:33.9700000
AW00013276,1976-03-16,Female,2026-07-14 10:09:33.9700000
AW00013277,1971-02-22,Male,2026-07-14 10:09:33.9700000
AW00013278,1971-05-09,Male,2026-07-14 10:09:33.9700000
AW00013279,1971-05-02,Female,2026-07-14 10:09:33.9700000
AW00013280,1981-02-12,Female,2026-07-14 10:09:33.9700000
AW00013281,1975-05-14,Male,2026-07-14 10:09:33.9700000
AW00013282,1980-12-08,Female,2026-07-14 10:09:33.9700000
AW00013283,1962-06-19,Male,2026-07-14 10:09:33.9700000
AW00013284,1962-02-07,Female,2026-07-14 10:09:33.9700000
AW00013285,1968-12-07,Female,2026-07-14 10:09:33.9700000
AW00013286,1974-10-06,Female,2026-07-14 10:09:33.9700000
AW00013287,1969-03-02,Male,2026-07-14 10:09:33.9700000
AW00013288,1980-03-15,Male,2026-07-14 10:09:33.9700000
AW00013289,1978-08-22,Female,2026-07-14 10:09:33.9700000
AW00013290,1967-12-30,Male,2026-07-14 10:09:33.9700000
AW00013291,1967-08-25,Female,2026-07-14 10:09:33.9700000
AW00013292,1973-08-08,Female,2026-07-14 10:09:33.9700000
AW00013293,1968-01-10,Female,2026-07-14 10:09:33.9700000
AW00013294,1966-12-09,Female,2026-07-14 10:09:33.9700000
AW00013295,1972-10-19,Female,2026-07-14 10:09:33.9700000
AW00013296,1966-11-18,Male,2026-07-14 10:09:33.9700000
AW00013297,1966-12-20,Male,2026-07-14 10:09:33.9700000
AW00013298,1972-07-23,Female,2026-07-14 10:09:33.9700000
AW00013299,1967-04-14,Female,2026-07-14 10:09:33.9700000
AW00013300,1966-09-03,Male,2026-07-14 10:09:33.9700000
AW00013301,1966-01-30,Female,2026-07-14 10:09:33.9700000
AW00013302,1961-02-14,Male,2026-07-14 10:09:33.9700000
AW00013303,1966-09-30,Male,2026-07-14 10:09:33.9700000
AW00013304,1961-06-24,Female,2026-07-14 10:09:33.9700000
AW00013305,1971-09-18,Male,2026-07-14 10:09:33.9700000
AW00013306,1961-05-27,Female,2026-07-14 10:09:33.9700000
AW00013307,1940-11-09,Female,2026-07-14 10:09:33.9700000
AW00013308,1941-09-15,Female,2026-07-14 10:09:33.9700000
AW00013309,1947-05-18,Female,2026-07-14 10:09:33.9700000
AW00013310,1966-05-18,Male,2026-07-14 10:09:33.9700000
AW00013311,1965-09-23,Female,2026-07-14 10:09:33.9700000
AW00013312,1965-11-17,Female,2026-07-14 10:09:33.9700000
AW00013313,1971-09-07,Female,2026-07-14 10:09:33.9700000
AW00013314,1966-01-31,Male,2026-07-14 10:09:33.9700000
AW00013315,1959-10-01,Male,2026-07-14 10:09:33.9700000
AW00013316,1959-10-15,Male,2026-07-14 10:09:33.9700000
AW00013317,1960-03-08,Male,2026-07-14 10:09:33.9700000
AW00013318,1959-08-25,Female,2026-07-14 10:09:33.9700000
AW00013319,1959-08-30,Male,2026-07-14 10:09:33.9700000
AW00013320,1958-11-15,Female,2026-07-14 10:09:33.9700000
AW00013321,1959-04-18,Female,2026-07-14 10:09:33.9700000
AW00013322,1958-11-19,Female,2026-07-14 10:09:33.9700000
AW00013323,1958-09-19,Male,2026-07-14 10:09:33.9700000
AW00013324,1943-03-20,Female,2026-07-14 10:09:33.9700000
AW00013325,1943-07-04,Male,2026-07-14 10:09:33.9700000
AW00013326,1944-02-13,Male,2026-07-14 10:09:33.9700000
AW00013327,1944-01-08,Female,2026-07-14 10:09:33.9700000
AW00013328,1945-01-13,Male,2026-07-14 10:09:33.9700000
AW00013329,1944-09-01,Male,2026-07-14 10:09:33.9700000
AW00013330,1945-05-01,Female,2026-07-14 10:09:33.9700000
AW00013331,1945-05-21,Female,2026-07-14 10:09:33.9700000
AW00013332,1946-04-02,Male,2026-07-14 10:09:33.9700000
AW00013333,1945-08-12,Female,2026-07-14 10:09:33.9700000
AW00013334,1945-10-18,Female,2026-07-14 10:09:33.9700000
AW00013335,1951-02-17,Female,2026-07-14 10:09:33.9700000
AW00013336,1946-04-20,Female,2026-07-14 10:09:33.9700000
AW00013337,1953-05-05,Female,2026-07-14 10:09:33.9700000
AW00013338,1953-08-08,Female,2026-07-14 10:09:33.9700000
AW00013339,1947-07-19,Female,2026-07-14 10:09:33.9700000
AW00013340,1947-10-31,Female,2026-07-14 10:09:33.9700000
AW00013341,1948-03-14,Male,2026-07-14 10:09:33.9700000
AW00013342,1947-12-15,Male,2026-07-14 10:09:33.9700000
AW00013343,1953-09-21,Female,2026-07-14 10:09:33.9700000
AW00013344,1948-03-10,Female,2026-07-14 10:09:33.9700000
AW00013345,1947-08-30,Male,2026-07-14 10:09:33.9700000
AW00013346,1948-11-22,Male,2026-07-14 10:09:33.9700000
AW00013347,1948-07-01,Female,2026-07-14 10:09:33.9700000
AW00013348,1948-08-18,Male,2026-07-14 10:09:33.9700000
AW00013349,1949-04-04,Female,2026-07-14 10:09:33.9700000
AW00013350,1949-03-02,Male,2026-07-14 10:09:33.9700000
AW00013351,1949-10-25,Female,2026-07-14 10:09:33.9700000
AW00013352,1955-03-03,Male,2026-07-14 10:09:33.9700000
AW00013353,1955-09-22,Female,2026-07-14 10:09:33.9700000
AW00013354,1955-11-08,Male,2026-07-14 10:09:33.9700000
AW00013355,1950-03-24,Male,2026-07-14 10:09:33.9700000
AW00013356,1950-11-04,Female,2026-07-14 10:09:33.9700000
AW00013357,1951-03-27,Male,2026-07-14 10:09:33.9700000
AW00013358,1950-12-13,Female,2026-07-14 10:09:33.9700000
AW00013359,1951-03-02,Male,2026-07-14 10:09:33.9700000
AW00013360,1951-07-03,Female,2026-07-14 10:09:33.9700000
AW00013361,1952-02-29,Male,2026-07-14 10:09:33.9700000
AW00013362,1962-08-08,Female,2026-07-14 10:09:33.9700000
AW00013363,1951-12-14,Female,2026-07-14 10:09:33.9700000
AW00013364,1952-04-01,Female,2026-07-14 10:09:33.9700000
AW00013365,1957-09-21,Male,2026-07-14 10:09:33.9700000
AW00013366,1957-05-06,Male,2026-07-14 10:09:33.9700000
AW00013367,1952-10-11,Female,2026-07-14 10:09:33.9700000
AW00013368,1969-12-18,Male,2026-07-14 10:09:33.9700000
AW00013369,1953-02-13,Female,2026-07-14 10:09:33.9700000
AW00013370
